gouvernorat,gouvernorat_code,gouvernorat_lat,gouvernorat_lng,delegation,cite
Tunis,TN-11,36.8065,10.1815,Carthage,Amilcar
Tunis,TN-11,36.8065,10.1815,Carthage,Carthage Byrsa
Tunis,TN-11,36.8065,10.1815,Carthage,Carthage Plage
Tunis,TN-11,36.8065,10.1815,Carthage,Carthage
Tunis,TN-11,36.8065,10.1815,Carthage,Cite de la Steg
Tunis,TN-11,36.8065,10.1815,Carthage,Cite Mohammed Ali
Tunis,TN-11,36.8065,10.1815,Carthage,Salambo
Tunis,TN-11,36.8065,10.1815,Carthage,Sidi Bousaid
Tunis,TN-11,36.8065,10.1815,Carthage,El Yasmina
Tunis,TN-11,36.8065,10.1815,Médina,El Médina
Tunis,TN-11,36.8065,10.1815,Médina,El Sabaghine
Tunis,TN-11,36.8065,10.1815,Médina,El Taoufik
Tunis,TN-11,36.8065,10.1815,Médina,Sidi Boumendil
Tunis,TN-11,36.8065,10.1815,Médina,Souk Nel NHES
Tunis,TN-11,36.8065,10.1815,Médina,Bab Jdid
Tunis,TN-11,36.8065,10.1815,Médina,Bab Menara
Tunis,TN-11,36.8065,10.1815,Médina,EL ZRARIA
Tunis,TN-11,36.8065,10.1815,Médina,Sidi Ali Azouz
Tunis,TN-11,36.8065,10.1815,Médina,Tourbet El Bey
Tunis,TN-11,36.8065,10.1815,Médina,Bab Bnet
Tunis,TN-11,36.8065,10.1815,Médina,El Hafsia
Tunis,TN-11,36.8065,10.1815,Bab Bhar,Bab Bhar
Tunis,TN-11,36.8065,10.1815,Bab Bhar,Bab El Jazira
Tunis,TN-11,36.8065,10.1815,Bab Bhar,Sidi Bahri
Tunis,TN-11,36.8065,10.1815,Bab Bhar,Republique
Tunis,TN-11,36.8065,10.1815,Bab Bhar,Hedi Chaker
Tunis,TN-11,36.8065,10.1815,Bab Bhar,Taieb El M'hiri
Tunis,TN-11,36.8065,10.1815,Bab Bhar,Habib Thameur
Tunis,TN-11,36.8065,10.1815,Bab Bhar,Montplaisir
Tunis,TN-11,36.8065,10.1815,Bab Souika,Hammam El Remimi
Tunis,TN-11,36.8065,10.1815,Bab Souika,Sidi Djebeli
Tunis,TN-11,36.8065,10.1815,Bab Souika,Tronja
Tunis,TN-11,36.8065,10.1815,Bab Souika,Zaouiet El Bakria
Tunis,TN-11,36.8065,10.1815,Bab Souika,Bab Saadoun
Tunis,TN-11,36.8065,10.1815,Bab Souika,Bab El Khadra
Tunis,TN-11,36.8065,10.1815,Bab Souika,Bab Souika
Tunis,TN-11,36.8065,10.1815,Bab Souika,El Halfaouine
Tunis,TN-11,36.8065,10.1815,Bab Souika,Borj Zouara
Tunis,TN-11,36.8065,10.1815,Bab Souika,Bab el Akoues
Tunis,TN-11,36.8065,10.1815,Bab Souika,Bab El Alouj
Tunis,TN-11,36.8065,10.1815,Bab Souika,Bab El Assel
Tunis,TN-11,36.8065,10.1815,Bab Souika,Bab Sidi Abdessalem
Tunis,TN-11,36.8065,10.1815,El Omrane,Bab Saadoun Gare
Tunis,TN-11,36.8065,10.1815,El Omrane,Ras Tabia
Tunis,TN-11,36.8065,10.1815,El Omrane,Bir Atig
Tunis,TN-11,36.8065,10.1815,El Omrane,Cite Centrale
Tunis,TN-11,36.8065,10.1815,El Omrane,Cite Des Oliviers
Tunis,TN-11,36.8065,10.1815,El Omrane,Cite El Habib
Tunis,TN-11,36.8065,10.1815,El Omrane,Cite El Ahmar
Tunis,TN-11,36.8065,10.1815,El Omrane,El Omrane
Tunis,TN-11,36.8065,10.1815,El Omrane,Oued El Sebai
Tunis,TN-11,36.8065,10.1815,El Omrane Supérieur,Cite El Intilaka
Tunis,TN-11,36.8065,10.1815,El Omrane Supérieur,El Nassim
Tunis,TN-11,36.8065,10.1815,El Omrane Supérieur,Rommana
Tunis,TN-11,36.8065,10.1815,El Omrane Supérieur,El Omrane Supérieur
Tunis,TN-11,36.8065,10.1815,El Omrane Supérieur,Cite Ibn Khaldoun I
Tunis,TN-11,36.8065,10.1815,El Omrane Supérieur,Cite Ibn Khaldoun VI
Tunis,TN-11,36.8065,10.1815,Ettahrir,Cite El Ferdaous
Tunis,TN-11,36.8065,10.1815,Ettahrir,Cite Essadik
Tunis,TN-11,36.8065,10.1815,Ettahrir,Cite Ettahrir Sup
Tunis,TN-11,36.8065,10.1815,Ettahrir,Ettahrir 1
Tunis,TN-11,36.8065,10.1815,Ettahrir,Ettahrir 2
Tunis,TN-11,36.8065,10.1815,Ettahrir,Ettahrir 3
Tunis,TN-11,36.8065,10.1815,Ettahrir,Cite Du Jardin
Tunis,TN-11,36.8065,10.1815,El Menzah,Cite Caravelles
Tunis,TN-11,36.8065,10.1815,El Menzah,Cite El Mahrajane
Tunis,TN-11,36.8065,10.1815,El Menzah,Cite SNIT
Tunis,TN-11,36.8065,10.1815,El Menzah,El Manzal 9
Tunis,TN-11,36.8065,10.1815,El Menzah,Tunis Belvedere
Tunis,TN-11,36.8065,10.1815,El Menzah,El Manzah 1
Tunis,TN-11,36.8065,10.1815,El Menzah,El Manzah 2
Tunis,TN-11,36.8065,10.1815,El Menzah,El Manzah 3
Tunis,TN-11,36.8065,10.1815,El Menzah,El Manzah 4
Tunis,TN-11,36.8065,10.1815,El Menzah,Mutuelle Ville
Tunis,TN-11,36.8065,10.1815,El Menzah,Cite Des Medecins
Tunis,TN-11,36.8065,10.1815,El Menzah,Cite Du Paradis
Tunis,TN-11,36.8065,10.1815,El Menzah,Cite Faiza
Tunis,TN-11,36.8065,10.1815,El Menzah,Cite Saba
Tunis,TN-11,36.8065,10.1815,El Menzah,El Manar 2
Tunis,TN-11,36.8065,10.1815,El Kabaria,Cite Jardins
Tunis,TN-11,36.8065,10.1815,El Kabaria,Kheireddine Pacha
Tunis,TN-11,36.8065,10.1815,El Kabaria,Cite El Khadra
Tunis,TN-11,36.8065,10.1815,El Kabaria,Cite El Wafa
Tunis,TN-11,36.8065,10.1815,El Kabaria,Cite Olympeade
Tunis,TN-11,36.8065,10.1815,El Kabaria,Cite Olympique
Tunis,TN-11,36.8065,10.1815,El Kabaria,Cite Star
Tunis,TN-11,36.8065,10.1815,El Kabaria,El Charguia
Tunis,TN-11,36.8065,10.1815,Séjoumi,El Mellassine
Tunis,TN-11,36.8065,10.1815,Séjoumi,Cite Helal
Tunis,TN-11,36.8065,10.1815,Ezzouhour,Ezzouhour 4
Tunis,TN-11,36.8065,10.1815,Ezzouhour,Cite Des Officiers
Tunis,TN-11,36.8065,10.1815,Ezzouhour,Cite Essaada
Tunis,TN-11,36.8065,10.1815,Ezzouhour,Cite Essomrane
Tunis,TN-11,36.8065,10.1815,Ezzouhour,Cite Ezzouhour
Tunis,TN-11,36.8065,10.1815,Hrairia,Ezzouhour 5
Tunis,TN-11,36.8065,10.1815,Hrairia,Cite El Mechtel
Tunis,TN-11,36.8065,10.1815,Hrairia,Cite Hwas
Tunis,TN-11,36.8065,10.1815,Hrairia,El Hrairia
Tunis,TN-11,36.8065,10.1815,Hrairia,Ezzahrouni
Tunis,TN-11,36.8065,10.1815,Hrairia,Cite Essalama
Tunis,TN-11,36.8065,10.1815,Hrairia,Cite Jlas
Tunis,TN-11,36.8065,10.1815,Hrairia,Cite Medjerda
Tunis,TN-11,36.8065,10.1815,Hrairia,Cite Bouzaiene
Tunis,TN-11,36.8065,10.1815,Hrairia,Cite Bougatfa 1
Tunis,TN-11,36.8065,10.1815,Hrairia,Cite Errachdia
Tunis,TN-11,36.8065,10.1815,Hrairia,Cite Essoltani
Tunis,TN-11,36.8065,10.1815,Sidi Hassine,Jayara
Tunis,TN-11,36.8065,10.1815,Sidi Hassine,Sidi Hassine
Tunis,TN-11,36.8065,10.1815,Sidi Hassine,Cite 25 Juillet
Tunis,TN-11,36.8065,10.1815,Sidi Hassine,Cite Mrad 2
Tunis,TN-11,36.8065,10.1815,Sidi Hassine,Cite 7 Novembre
Tunis,TN-11,36.8065,10.1815,Sidi Hassine,Cite Bettoumi
Tunis,TN-11,36.8065,10.1815,Sidi Hassine,Cite Gaafouri
Tunis,TN-11,36.8065,10.1815,Sidi Hassine,Birine
Tunis,TN-11,36.8065,10.1815,Sidi Hassine,Cite El Mestiri
Tunis,TN-11,36.8065,10.1815,Sidi Hassine,Borj Chakir
Tunis,TN-11,36.8065,10.1815,Sidi Hassine,Cite Mohamed Ali
Tunis,TN-11,36.8065,10.1815,Sidi Hassine,Cite Mrad1
Tunis,TN-11,36.8065,10.1815,El Ouardia,BelleVue
Tunis,TN-11,36.8065,10.1815,El Ouardia,Borj Ali Errais
Tunis,TN-11,36.8065,10.1815,El Ouardia,Cite El Izdihar
Tunis,TN-11,36.8065,10.1815,El Ouardia,Cite Mohamed Ali
Tunis,TN-11,36.8065,10.1815,El Ouardia,DibouzVille
Tunis,TN-11,36.8065,10.1815,El Ouardia,El Ouerdia
Tunis,TN-11,36.8065,10.1815,El Ouardia,Lakania
Tunis,TN-11,36.8065,10.1815,El Ouardia,Les Martyrs
Tunis,TN-11,36.8065,10.1815,El Ouardia,Mathul De Ville
Tunis,TN-11,36.8065,10.1815,El Ouardia,MonHomme
Tunis,TN-11,36.8065,10.1815,Sidi Bechir,Sidi El Bechir
Tunis,TN-11,36.8065,10.1815,Sidi Bechir,Sidi Mansour
Tunis,TN-11,36.8065,10.1815,Sidi Bechir,Bab El Falla
Tunis,TN-11,36.8065,10.1815,Sidi Bechir,Abou El Kacen Chebbi
Tunis,TN-11,36.8065,10.1815,Sidi Bechir,Bab Alioua
Tunis,TN-11,36.8065,10.1815,Sidi Bechir,El Gourjani
Tunis,TN-11,36.8065,10.1815,Sidi Bechir,Essaida Mannoubia
Tunis,TN-11,36.8065,10.1815,Sidi Bechir,Maakel Ezza
Tunis,TN-11,36.8065,10.1815,Sidi Bechir,Monfleury
Tunis,TN-11,36.8065,10.1815,Djebel Jelloud,Ali Bach-Hamba
Tunis,TN-11,36.8065,10.1815,Djebel Jelloud,El Garjouma
Tunis,TN-11,36.8065,10.1815,Djebel Jelloud,El Sebkha
Tunis,TN-11,36.8065,10.1815,Djebel Jelloud,Jebel Jelloud
Tunis,TN-11,36.8065,10.1815,Djebel Jelloud,Cite Thameur
Tunis,TN-11,36.8065,10.1815,Djebel Jelloud,El afrane
Tunis,TN-11,36.8065,10.1815,Djebel Jelloud,Sidi Fathallah
Tunis,TN-11,36.8065,10.1815,La Goulette,La Goulette Port
Tunis,TN-11,36.8065,10.1815,La Goulette,Casino La Goulette
Tunis,TN-11,36.8065,10.1815,La Goulette,Cite Ennacim La Brise
Tunis,TN-11,36.8065,10.1815,La Goulette,El Battah
Tunis,TN-11,36.8065,10.1815,La Goulette,Kheirddine
Tunis,TN-11,36.8065,10.1815,La Goulette,La Goulette
Tunis,TN-11,36.8065,10.1815,La Goulette,La Goulette Nouvelle
Tunis,TN-11,36.8065,10.1815,La Goulette,Cite El Mechtel
Tunis,TN-11,36.8065,10.1815,El Kram,Le Kram
Tunis,TN-11,36.8065,10.1815,El Kram,Erriadh
Tunis,TN-11,36.8065,10.1815,El Kram,Le Kram EST
Tunis,TN-11,36.8065,10.1815,El Kram,Bir Hlou
Tunis,TN-11,36.8065,10.1815,El Kram,Le Kram OUEST
Tunis,TN-11,36.8065,10.1815,El Kram,Sidi Amor
Tunis,TN-11,36.8065,10.1815,El Kabaria Nord,El Mourouj 2
Tunis,TN-11,36.8065,10.1815,El Kabaria Nord,Cite Bou Hjar
Tunis,TN-11,36.8065,10.1815,El Kabaria Nord,Cite Ennour
Tunis,TN-11,36.8065,10.1815,El Kabaria Nord,El Kabbaria 1
Tunis,TN-11,36.8065,10.1815,El Kabaria Nord,El Kabbaria 2
Tunis,TN-11,36.8065,10.1815,El Kabaria Nord,El Kabbaria 3
Tunis,TN-11,36.8065,10.1815,El Kabaria Nord,El Kabbaria 4
Tunis,TN-11,36.8065,10.1815,El Kabaria Nord,El Ouerdia 
Tunis,TN-11,36.8065,10.1815,El Kabaria Nord,Ibn Sina 
Tunis,TN-11,36.8065,10.1815,La Marsa,Cite El Fateh
Tunis,TN-11,36.8065,10.1815,La Marsa,Cite El Khalil
Tunis,TN-11,36.8065,10.1815,La Marsa,Cite El Ouns
Tunis,TN-11,36.8065,10.1815,La Marsa,Cite Erriadh
Tunis,TN-11,36.8065,10.1815,La Marsa,Cite Essalama
Tunis,TN-11,36.8065,10.1815,La Marsa,Cite Essirene
Tunis,TN-11,36.8065,10.1815,La Marsa,Marsa Erriadh
Tunis,TN-11,36.8065,10.1815,La Marsa,Cite AFH
Tunis,TN-11,36.8065,10.1815,La Marsa,Cite Ben Chaabane
Tunis,TN-11,36.8065,10.1815,La Marsa,Cite Des Vergers
Tunis,TN-11,36.8065,10.1815,La Marsa,Cite Du Stade
Tunis,TN-11,36.8065,10.1815,La Marsa,Cite El Ahmadi
Tunis,TN-11,36.8065,10.1815,La Marsa,Cite El Hana
Tunis,TN-11,36.8065,10.1815,La Marsa,Cite El Moez
Tunis,TN-11,36.8065,10.1815,La Marsa,Cite El Moustakbel(La Marsa)
Tunis,TN-11,36.8065,10.1815,La Marsa,Cite El Moustakbel(Sidi Daoud)
Tunis,TN-11,36.8065,10.1815,La Marsa,Cite Malhatli
Tunis,TN-11,36.8065,10.1815,La Marsa,Cite Rimila 1
Tunis,TN-11,36.8065,10.1815,La Marsa,Cite Rimila 2
Tunis,TN-11,36.8065,10.1815,La Marsa,Cite El Mhiri
Tunis,TN-11,36.8065,10.1815,La Marsa,Berge Du Lac
Tunis,TN-11,36.8065,10.1815,La Marsa,Gammart
Tunis,TN-11,36.8065,10.1815,La Marsa,Cite El Sprols
Tunis,TN-11,36.8065,10.1815,La Marsa,Cite El Aziza
Tunis,TN-11,36.8065,10.1815,La Marsa,Cite Des Mimosas
Tunis,TN-11,36.8065,10.1815,La Marsa,Cite Mongi
Tunis,TN-11,36.8065,10.1815,La Marsa,Sidi Daoud
Tunis,TN-11,36.8065,10.1815,La Marsa,Cite Borj El Kouki
Tunis,TN-11,36.8065,10.1815,La Marsa,Cite De La Telediffusion 1
Tunis,TN-11,36.8065,10.1815,La Marsa,Cite De La Telediffusion 2
Tunis,TN-11,36.8065,10.1815,La Marsa,Cite Des Juges 2
Tunis,TN-11,36.8065,10.1815,La Marsa,Marsa Safsaf
Ariana,TN-12,36.8668,10.1647,Ariana Ville,Borj El Baccouche
Ariana,TN-12,36.8668,10.1647,Ariana Ville,CENTRE COMMERCIAL IKRAM
Ariana,TN-12,36.8668,10.1647,Ariana Ville,RESIDENCE ENNOUR ( NASER 2)
Ariana,TN-12,36.8668,10.1647,Ariana Ville,RESIDENCE ENNOUR ( NASER 1)
Ariana,TN-12,36.8668,10.1647,Ariana Ville,CITE ENNASR 1
Ariana,TN-12,36.8668,10.1647,Ariana Ville,CITE BORJ TURKI 1
Ariana,TN-12,36.8668,10.1647,Ariana Ville,NOUVELLE ARIANA
Ariana,TN-12,36.8668,10.1647,Ariana Ville,RESIDENCE ENNOUR (ARIANA)
Ariana,TN-12,36.8668,10.1647,Ariana Ville,CITE BELVEDERE 2
Ariana,TN-12,36.8668,10.1647,Ariana Ville,CITE DU SOLEIL
Ariana,TN-12,36.8668,10.1647,Ariana Ville,CITE EL INTISSAR 1
Ariana,TN-12,36.8668,10.1647,Ariana Ville,CITE EL INTISSAR 2
Ariana,TN-12,36.8668,10.1647,Ariana Ville,CITE JAMIL
Ariana,TN-12,36.8668,10.1647,Ariana Ville,EL MENZAH 5
Ariana,TN-12,36.8668,10.1647,Ariana Ville,EL MENZAH 6
Ariana,TN-12,36.8668,10.1647,Ariana Ville,CITE KARIM
Ariana,TN-12,36.8668,10.1647,Ariana Ville,CITE MEHRZIA 1
Ariana,TN-12,36.8668,10.1647,Ariana Ville,CITE BORJ TURKI 2
Ariana,TN-12,36.8668,10.1647,Ariana Ville,RESIDENCE EL OUNS
Ariana,TN-12,36.8668,10.1647,Ariana Ville,RESIDENCE IBN ZEIDOUN
Ariana,TN-12,36.8668,10.1647,Ariana Ville,RESIDENCE ICHBILIA
Ariana,TN-12,36.8668,10.1647,Ariana Ville,CITE DE LA SANTE
Ariana,TN-12,36.8668,10.1647,Ariana Ville,RESIDENCE KORTOBA
Ariana,TN-12,36.8668,10.1647,Ariana Ville,CITE ESSAADA (RIADH ANDALOUS)
Ariana,TN-12,36.8668,10.1647,Ariana Ville,RIADH LANDLOUS
Ariana,TN-12,36.8668,10.1647,Ariana Ville,CITE DES ROSES
Ariana,TN-12,36.8668,10.1647,Ariana Ville,CITE DU JARDIN
Ariana,TN-12,36.8668,10.1647,Ariana Ville,CITE DU PRINTEMPS
Ariana,TN-12,36.8668,10.1647,Ariana Ville,CITE ENNOUZHA
Ariana,TN-12,36.8668,10.1647,Ariana Ville,CITE ESSAADA (ARIANA)
Ariana,TN-12,36.8668,10.1647,Ariana Ville,CITE JAAFAR
Ariana,TN-12,36.8668,10.1647,Ariana Ville,CITE ENNASR 2
Ariana,TN-12,36.8668,10.1647,Ariana Ville,EL MENZAH 7
Ariana,TN-12,36.8668,10.1647,Ariana Ville,EL MENZAH 8
Ariana,TN-12,36.8668,10.1647,Ettadhamen,CITE 18 JANVIER
Ariana,TN-12,36.8668,10.1647,Ettadhamen,CITE BEN YERFES
Ariana,TN-12,36.8668,10.1647,Ettadhamen,CITE ETTADHAMEN
Ariana,TN-12,36.8668,10.1647,Ettadhamen,CITE ETTAYARENE
Ariana,TN-12,36.8668,10.1647,Ettadhamen,CITE SFAR
Ariana,TN-12,36.8668,10.1647,Ettadhamen,CITE SNIT 2
Ariana,TN-12,36.8668,10.1647,Ettadhamen,CITE EL HOUDA
Ariana,TN-12,36.8668,10.1647,Ettadhamen,CITE SNIT NAGRA
Ariana,TN-12,36.8668,10.1647,Ettadhamen,CITE ENNASR
Ariana,TN-12,36.8668,10.1647,M’nihla,MNIHLA
Ariana,TN-12,36.8668,10.1647,M’nihla,CITE ALI BOURGUIBA
Ariana,TN-12,36.8668,10.1647,M’nihla,CITE DE LA REPUBLIQUE
Ariana,TN-12,36.8668,10.1647,M’nihla,CITE EL BASSATINE1
Ariana,TN-12,36.8668,10.1647,M’nihla,CITE EL BASSATINE2
Ariana,TN-12,36.8668,10.1647,M’nihla,CITE EL BASSATINE3
Ariana,TN-12,36.8668,10.1647,M’nihla,CITE EL GOUABSIA
Ariana,TN-12,36.8668,10.1647,M’nihla,CITE EL OUARD
Ariana,TN-12,36.8668,10.1647,M’nihla,CITE ENNASR
Ariana,TN-12,36.8668,10.1647,M’nihla,CITE ESSAADA
Ariana,TN-12,36.8668,10.1647,M’nihla,CITE RAFAHA
Ariana,TN-12,36.8668,10.1647,M’nihla,CITE ROUS EL HARAYEK
Ariana,TN-12,36.8668,10.1647,M’nihla,ESSANHAJI
Ariana,TN-12,36.8668,10.1647,M’nihla,RESIDENCE ENNASR
Ariana,TN-12,36.8668,10.1647,Kalâat el-Andalous,PONT DE BIZERTE
Ariana,TN-12,36.8668,10.1647,Kalâat el-Andalous,FERME MUSTAPHA
Ariana,TN-12,36.8668,10.1647,Kalâat el-Andalous,CITE EL FEJJA
Ariana,TN-12,36.8668,10.1647,Kalâat el-Andalous,CITE EL MOUROUJ
Ariana,TN-12,36.8668,10.1647,Kalâat el-Andalous,CITE EL OULJA
Ariana,TN-12,36.8668,10.1647,Kalâat el-Andalous,CITE ESSIBOUS
Ariana,TN-12,36.8668,10.1647,Kalâat el-Andalous,CITE TAREK IBN ZIED
Ariana,TN-12,36.8668,10.1647,Kalâat el-Andalous,KALAAT LANDLOUS
Ariana,TN-12,36.8668,10.1647,Kalâat el-Andalous,EL NAHLI
Ariana,TN-12,36.8668,10.1647,Kalâat el-Andalous,BORJ EL HADJ
Ariana,TN-12,36.8668,10.1647,Kalâat el-Andalous,EL MISRA
Ariana,TN-12,36.8668,10.1647,Kalâat el-Andalous,FERME HABABOU
Ariana,TN-12,36.8668,10.1647,Kalâat el-Andalous,HENCHIR TOUBA
Ariana,TN-12,36.8668,10.1647,Kalâat el-Andalous,CITE BIR EL ARAIES
Ariana,TN-12,36.8668,10.1647,Kalâat el-Andalous,HENCHIR TOUBIAS
Ariana,TN-12,36.8668,10.1647,Kalâat el-Andalous,CITE DES MARTYRS
Ariana,TN-12,36.8668,10.1647,La Soukra,CITE DE LA TERRE LIBRE
Ariana,TN-12,36.8668,10.1647,La Soukra,CITE DE L'AEROPORT
Ariana,TN-12,36.8668,10.1647,La Soukra,CHOTRANA 3
Ariana,TN-12,36.8668,10.1647,La Soukra,CITE EL AZZEF
Ariana,TN-12,36.8668,10.1647,La Soukra,CITE DES JUGES
Ariana,TN-12,36.8668,10.1647,La Soukra,CITE EL BOUSTENE 1
Ariana,TN-12,36.8668,10.1647,La Soukra,CITE EL BOUSTENE 2
Ariana,TN-12,36.8668,10.1647,La Soukra,CITE EL HENAYA
Ariana,TN-12,36.8668,10.1647,La Soukra,CITE EL MAID
Ariana,TN-12,36.8668,10.1647,La Soukra,CITE ELYES
Ariana,TN-12,36.8668,10.1647,La Soukra,CITE ETTAAMIR
Ariana,TN-12,36.8668,10.1647,La Soukra,CITE EZZITOUN 1
Ariana,TN-12,36.8668,10.1647,La Soukra,AEROPORT TUNIS CARTHAGE
Ariana,TN-12,36.8668,10.1647,La Soukra,CITE BEN HESSINE
Ariana,TN-12,36.8668,10.1647,La Soukra,CITE BOU FARES
Ariana,TN-12,36.8668,10.1647,La Soukra,LA SOUKRA
Ariana,TN-12,36.8668,10.1647,La Soukra,CITE CHOUCHENE
Ariana,TN-12,36.8668,10.1647,La Soukra,CHARGUIA 1
Ariana,TN-12,36.8668,10.1647,La Soukra,CHARGUIA 2
Ariana,TN-12,36.8668,10.1647,La Soukra,STATION MARCHANDISES FRET
Ariana,TN-12,36.8668,10.1647,La Soukra,CHOTRANA 1
Ariana,TN-12,36.8668,10.1647,La Soukra,CITE CHOUACHIA
Ariana,TN-12,36.8668,10.1647,La Soukra,CHOTRANA 2
Ariana,TN-12,36.8668,10.1647,La Soukra,CITE ASTREE
Ariana,TN-12,36.8668,10.1647,La Soukra,CITE BELABLA
Ariana,TN-12,36.8668,10.1647,La Soukra,CITE EZZITOUN 2
Ariana,TN-12,36.8668,10.1647,La Soukra,CITE EZZOUAIDIA
Ariana,TN-12,36.8668,10.1647,La Soukra,CITE FARHAT
Ariana,TN-12,36.8668,10.1647,La Soukra,CITE FATEH
Ariana,TN-12,36.8668,10.1647,La Soukra,CITE FONCIERE
Ariana,TN-12,36.8668,10.1647,La Soukra,CITE SNIT
Ariana,TN-12,36.8668,10.1647,La Soukra,CITE TOUILIA
Ariana,TN-12,36.8668,10.1647,La Soukra,DAR FADHAL
Ariana,TN-12,36.8668,10.1647,La Soukra,MOSQUE ERRAOUDHA
Ariana,TN-12,36.8668,10.1647,La Soukra,RESIDENCE 26-26
Ariana,TN-12,36.8668,10.1647,La Soukra,RESIDENCE AHLEM
Ariana,TN-12,36.8668,10.1647,La Soukra,RESIDENCE MERIEM
Ariana,TN-12,36.8668,10.1647,La Soukra,SIDI FREJ
Ariana,TN-12,36.8668,10.1647,La Soukra,SIDI SALAH
Ariana,TN-12,36.8668,10.1647,La Soukra,SIDI SOUFIENE
Ariana,TN-12,36.8668,10.1647,La Soukra,VILLAGE ESSAHLI
Ariana,TN-12,36.8668,10.1647,La Soukra,BORJ LOUZIR
Ariana,TN-12,36.8668,10.1647,La Soukra,CITE BEN KILANI
Ariana,TN-12,36.8668,10.1647,La Soukra,CITE DE LA SANTE
Ariana,TN-12,36.8668,10.1647,La Soukra,CITE EL BEHI LADGHEM
Ariana,TN-12,36.8668,10.1647,La Soukra,CITE EL FETH
Ariana,TN-12,36.8668,10.1647,La Soukra,CITE EL HANA
Ariana,TN-12,36.8668,10.1647,La Soukra,CITE EL MANSOURA
Ariana,TN-12,36.8668,10.1647,La Soukra,CITE EL OUROUD
Ariana,TN-12,36.8668,10.1647,La Soukra,CITE ENNACIM
Ariana,TN-12,36.8668,10.1647,La Soukra,CITE ENNOUZHA 3
Ariana,TN-12,36.8668,10.1647,La Soukra,CITE ETTAAMIR 5
Ariana,TN-12,36.8668,10.1647,La Soukra,CITE GHOUZAILA
Ariana,TN-12,36.8668,10.1647,La Soukra,CITE HEDI NOUIRA
Ariana,TN-12,36.8668,10.1647,La Soukra,CITE JEBIRA
Ariana,TN-12,36.8668,10.1647,La Soukra,CITE SNIT
Ariana,TN-12,36.8668,10.1647,La Soukra,CITE STAR
Ariana,TN-12,36.8668,10.1647,La Soukra,RESIDENCE EL OUNS
Ariana,TN-12,36.8668,10.1647,La Soukra,RESIDENCE ENNESRINE
Ariana,TN-12,36.8668,10.1647,Raoued,BOU HNECH
Ariana,TN-12,36.8668,10.1647,Raoued,CITE CHAKER
Ariana,TN-12,36.8668,10.1647,Raoued,CITE DE LA MOSQUE
Ariana,TN-12,36.8668,10.1647,Raoued,CITE EL MOUAOUIET
Ariana,TN-12,36.8668,10.1647,Raoued,CITE EL MOUNTAZEH
Ariana,TN-12,36.8668,10.1647,Raoued,CITE ENNOUR JAAFAR
Ariana,TN-12,36.8668,10.1647,Raoued,CITE ERRIADH
Ariana,TN-12,36.8668,10.1647,Raoued,CITE ESSAADA
Ariana,TN-12,36.8668,10.1647,Raoued,CITE SIDI SLIMENE
Ariana,TN-12,36.8668,10.1647,Raoued,CITE SNIT
Ariana,TN-12,36.8668,10.1647,Raoued,DOUAR EL HENDI
Ariana,TN-12,36.8668,10.1647,Raoued,EL HESSIENE
Ariana,TN-12,36.8668,10.1647,Raoued,OUED EL KHAYAT
Ariana,TN-12,36.8668,10.1647,Raoued,OUED EL MAKHZEN
Ariana,TN-12,36.8668,10.1647,Raoued,RESIDENCE EL AYECH
Ariana,TN-12,36.8668,10.1647,Raoued,RESIDENCE EL OUNS
Ariana,TN-12,36.8668,10.1647,Raoued,RESIDENCE ENNARJES
Ariana,TN-12,36.8668,10.1647,Raoued,CITE CHARGUI
Ariana,TN-12,36.8668,10.1647,Raoued,CITE DES JUGES
Ariana,TN-12,36.8668,10.1647,Raoued,CITE EL YAMAMA
Ariana,TN-12,36.8668,10.1647,Raoued,CITE SIDI SALAH
Ariana,TN-12,36.8668,10.1647,Raoued,CITE ZGHAB
Ariana,TN-12,36.8668,10.1647,Raoued,EL BRARJA
Ariana,TN-12,36.8668,10.1647,Raoued,RAOUED
Ariana,TN-12,36.8668,10.1647,Raoued,JAAFAR 1
Ariana,TN-12,36.8668,10.1647,Raoued,ARIANA ESSOUGHRA
Ariana,TN-12,36.8668,10.1647,Raoued,COMPLEXE TECHNOLOGIQUE
Ariana,TN-12,36.8668,10.1647,Raoued,BORJ TOUIL
Ariana,TN-12,36.8668,10.1647,Raoued,RESIDENCE ESSALEM
Ariana,TN-12,36.8668,10.1647,Raoued,RESIDENCE RIM
Ariana,TN-12,36.8668,10.1647,Raoued,ROUTE EZZAOUIA
Ariana,TN-12,36.8668,10.1647,Raoued,CITE DE LA RTT 2
Ariana,TN-12,36.8668,10.1647,Raoued,CITE EL ABADLA
Ariana,TN-12,36.8668,10.1647,Raoued,CITE EL AMEL
Ariana,TN-12,36.8668,10.1647,Raoued,CITE EL GHAZALA 1
Ariana,TN-12,36.8668,10.1647,Raoued,CITE EL GHAZALA 2
Ariana,TN-12,36.8668,10.1647,Raoued,CITE EL WAFA
Ariana,TN-12,36.8668,10.1647,Raoued,CITE ENNASR
Ariana,TN-12,36.8668,10.1647,Raoued,CITE ENNKHILET
Ariana,TN-12,36.8668,10.1647,Raoued,CITE ESSAHAFA
Ariana,TN-12,36.8668,10.1647,Raoued,CITE IBN RACHIK
Ariana,TN-12,36.8668,10.1647,Raoued,CITE MEHRZIA 2
Ariana,TN-12,36.8668,10.1647,Raoued,JAAFAR 2
Ariana,TN-12,36.8668,10.1647,Raoued,CITE 7 NOVEMBRE
Ariana,TN-12,36.8668,10.1647,Raoued,CITE AEROPORT
Ariana,TN-12,36.8668,10.1647,Sidi Thabet,CITE DES ORANGES
Ariana,TN-12,36.8668,10.1647,Sidi Thabet,CITE EL GOUAZINE
Ariana,TN-12,36.8668,10.1647,Sidi Thabet,CITE EL MBARKA
Ariana,TN-12,36.8668,10.1647,Sidi Thabet,CITE EL MREZGUA
Ariana,TN-12,36.8668,10.1647,Sidi Thabet,CITE ESSAADA
Ariana,TN-12,36.8668,10.1647,Sidi Thabet,CITE ETTBAIEB
Ariana,TN-12,36.8668,10.1647,Sidi Thabet,CITE JARDINS
Ariana,TN-12,36.8668,10.1647,Sidi Thabet,CITE MONGI SLIM
Ariana,TN-12,36.8668,10.1647,Sidi Thabet,SIDI THABET
Ariana,TN-12,36.8668,10.1647,Sidi Thabet,BORJ EL KHOUKHA
Ariana,TN-12,36.8668,10.1647,Sidi Thabet,BORJ YOUSSEF
Ariana,TN-12,36.8668,10.1647,Sidi Thabet,CEBALET BEN AMMAR
Ariana,TN-12,36.8668,10.1647,Sidi Thabet,CHORFECH 12
Ariana,TN-12,36.8668,10.1647,Sidi Thabet,CITE DRIDI
Ariana,TN-12,36.8668,10.1647,Sidi Thabet,CITE EL BOKRI
Ariana,TN-12,36.8668,10.1647,Sidi Thabet,CITE EL FRACHICH
Ariana,TN-12,36.8668,10.1647,Sidi Thabet,CITE EL GHRIBI
Ariana,TN-12,36.8668,10.1647,Sidi Thabet,CITE EL METHALITHE
Ariana,TN-12,36.8668,10.1647,Sidi Thabet,CITE MESSOUDA
Ariana,TN-12,36.8668,10.1647,Sidi Thabet,CITE OUVRIERE
Ariana,TN-12,36.8668,10.1647,Sidi Thabet,CITE SIDI MAROUANE
Ariana,TN-12,36.8668,10.1647,Sidi Thabet,EZZAOUIA
Ariana,TN-12,36.8668,10.1647,Sidi Thabet,JABBES
Ariana,TN-12,36.8668,10.1647,Sidi Thabet,JABBES EL BORJ
Ariana,TN-12,36.8668,10.1647,Sidi Thabet,CHORFECH
Ariana,TN-12,36.8668,10.1647,Sidi Thabet,CHORFECH 2
Ariana,TN-12,36.8668,10.1647,Sidi Thabet,CHORFECH 8
Ariana,TN-12,36.8668,10.1647,Sidi Thabet,CHORFECH 24
Ariana,TN-12,36.8668,10.1647,Sidi Thabet,CITE DES AGRICULTEURS
Ariana,TN-12,36.8668,10.1647,Sidi Thabet,BEJAOUA 2
Ariana,TN-12,36.8668,10.1647,Sidi Thabet,CITE 18 JANVIER
Ariana,TN-12,36.8668,10.1647,Sidi Thabet,CITE AFH
Manouba,TN-14,36.8071,10.0974,Manouba,DENDEN
Manouba,TN-14,36.8071,10.0974,Manouba,LA MANOUBA
Manouba,TN-14,36.8071,10.0974,Oued Ellil,CITE DHAMENE 2
Manouba,TN-14,36.8071,10.0974,Oued Ellil,CITE 7 NOVEMBRE
Manouba,TN-14,36.8071,10.0974,Oued Ellil,CITE AFH
Manouba,TN-14,36.8071,10.0974,Oued Ellil,CITE BEJOUA 2
Manouba,TN-14,36.8071,10.0974,Oued Ellil,CITE BEN ARFA
Manouba,TN-14,36.8071,10.0974,Oued Ellil,CITE BEN JEMAA
Manouba,TN-14,36.8071,10.0974,Oued Ellil,CITE BENNOUR BEJOUA 1
Manouba,TN-14,36.8071,10.0974,Oued Ellil,CITE BOUZID
Manouba,TN-14,36.8071,10.0974,Oued Ellil,CITE EL BOUSTENE 2
Manouba,TN-14,36.8071,10.0974,Oued Ellil,CITE EL IZDIHAR BEJOUA
Manouba,TN-14,36.8071,10.0974,Oued Ellil,CITE EL MOEZZIA
Manouba,TN-14,36.8071,10.0974,Oued Ellil,CITE EL MOULTAKA 1
Manouba,TN-14,36.8071,10.0974,Oued Ellil,CITE ETTOURJMENE
Manouba,TN-14,36.8071,10.0974,Oued Ellil,CITE MARSEILLE
Manouba,TN-14,36.8071,10.0974,Oued Ellil,CITE MILITAIRE
Manouba,TN-14,36.8071,10.0974,Oued Ellil,OUED ELLIL
Manouba,TN-14,36.8071,10.0974,Oued Ellil,CITE ENNACIM
Manouba,TN-14,36.8071,10.0974,Oued Ellil,CITE ERRIADH ZONE C
Manouba,TN-14,36.8071,10.0974,Oued Ellil,CITE ERRIADH ZONE F
Manouba,TN-14,36.8071,10.0974,Oued Ellil,ESSAIDA
Manouba,TN-14,36.8071,10.0974,Oued Ellil,CITE EL BOUSTENE 1
Manouba,TN-14,36.8071,10.0974,Tebourba,BIR EZZITOUN
Manouba,TN-14,36.8071,10.0974,Tebourba,CITE EL BASSATINE
Manouba,TN-14,36.8071,10.0974,Tebourba,EL AROUSSIA
Manouba,TN-14,36.8071,10.0974,Tebourba,CITE EL MALJA HAMRA
Manouba,TN-14,36.8071,10.0974,Tebourba,CITE EL MANDRA
Manouba,TN-14,36.8071,10.0974,Tebourba,CITE EL MELLASSINE
Manouba,TN-14,36.8071,10.0974,Tebourba,CITE ENNAJAH
Manouba,TN-14,36.8071,10.0974,Tebourba,CITE ERRAJA
Manouba,TN-14,36.8071,10.0974,Tebourba,CITE ERRIMEL
Manouba,TN-14,36.8071,10.0974,Tebourba,CITE ESSAADA
Manouba,TN-14,36.8071,10.0974,Tebourba,CITE ESSAADA 2
Manouba,TN-14,36.8071,10.0974,Tebourba,CITE KHELIF JALLED
Manouba,TN-14,36.8071,10.0974,Tebourba,CITE LAROUSSIA
Manouba,TN-14,36.8071,10.0974,Tebourba,CITE POPULAIRE
Manouba,TN-14,36.8071,10.0974,Tebourba,CITE ROUTE CHOUIGUI
Manouba,TN-14,36.8071,10.0974,Tebourba,CITE EL KEF LAHMAR
Manouba,TN-14,36.8071,10.0974,Tebourba,TEBOURBA
Manouba,TN-14,36.8071,10.0974,Tebourba,CHOUIGUI
Manouba,TN-14,36.8071,10.0974,Tebourba,BORJ ETTOUMI
Manouba,TN-14,36.8071,10.0974,Tebourba,EL MAHFOURA
Manouba,TN-14,36.8071,10.0974,Tebourba,TOUNGAR
Manouba,TN-14,36.8071,10.0974,Tebourba,AIN EL KARMA
Manouba,TN-14,36.8071,10.0974,Tebourba,AIN ZAMMIT
Manouba,TN-14,36.8071,10.0974,Tebourba,EDDIKHILA
Manouba,TN-14,36.8071,10.0974,Tebourba,EL ANSARINE
Manouba,TN-14,36.8071,10.0974,Tebourba,EL HAOUARIA
Manouba,TN-14,36.8071,10.0974,Tebourba,EL MELLAHA
Manouba,TN-14,36.8071,10.0974,Tebourba,GOSSET EL BEY
Manouba,TN-14,36.8071,10.0974,Tebourba,GUEFFAYA
Manouba,TN-14,36.8071,10.0974,Tebourba,SIDI ABDELBASSET
Manouba,TN-14,36.8071,10.0974,Tebourba,CITE SOUYAH
Manouba,TN-14,36.8071,10.0974,Tebourba,CITE DE LA PALESTINE
Manouba,TN-14,36.8071,10.0974,Tebourba,ARGOUB ERROUMI
Manouba,TN-14,36.8071,10.0974,Tebourba,CITE 7 NOVEMBRE
Manouba,TN-14,36.8071,10.0974,Tebourba,CITE CHEBBI
Manouba,TN-14,36.8071,10.0974,Tebourba,CITE EL MALJA
Manouba,TN-14,36.8071,10.0974,Tebourba,CITE EL KHARROUBA
Manouba,TN-14,36.8071,10.0974,Tebourba,CITE DE FRANCE
Manouba,TN-14,36.8071,10.0974,El Battan,CITE EL HOUDA
Manouba,TN-14,36.8071,10.0974,El Battan,CITE ENNASR
Manouba,TN-14,36.8071,10.0974,El Battan,CITE ENNOUR
Manouba,TN-14,36.8071,10.0974,El Battan,CITE ENNOUZHA
Manouba,TN-14,36.8071,10.0974,El Battan,EL BATTAN
Manouba,TN-14,36.8071,10.0974,El Battan,EL MANSOURA 2
Manouba,TN-14,36.8071,10.0974,El Battan,EL MEHRINE
Manouba,TN-14,36.8071,10.0974,El Battan,EZZOUITINA
Manouba,TN-14,36.8071,10.0974,El Battan,FERME N
Manouba,TN-14,36.8071,10.0974,El Battan,SAINT JOSEPH
Manouba,TN-14,36.8071,10.0974,El Battan,CITE BRIK
Manouba,TN-14,36.8071,10.0974,El Battan,CITE 7 NOVEMBRE
Manouba,TN-14,36.8071,10.0974,Djedeida,CITE MOKHTAR
Manouba,TN-14,36.8071,10.0974,Djedeida,CITE TOUHAMI NEFZI
Manouba,TN-14,36.8071,10.0974,Djedeida,CITE TRABELSI
Manouba,TN-14,36.8071,10.0974,Djedeida,CITE NAJIBA
Manouba,TN-14,36.8071,10.0974,Djedeida,CITE RURALE
Manouba,TN-14,36.8071,10.0974,Djedeida,CITE SIDI SALEM
Manouba,TN-14,36.8071,10.0974,Djedeida,CITE TAREK IBN ZIED
Manouba,TN-14,36.8071,10.0974,Djedeida,CITE YOUGHARTA
Manouba,TN-14,36.8071,10.0974,Djedeida,EL HENNA
Manouba,TN-14,36.8071,10.0974,Djedeida,EL MANSOURA
Manouba,TN-14,36.8071,10.0974,Djedeida,CITE ABOUBAKER ESSEDDIK
Manouba,TN-14,36.8071,10.0974,Djedeida,CITE BEL HAY
Manouba,TN-14,36.8071,10.0974,Djedeida,CITE BEN HASSINE
Manouba,TN-14,36.8071,10.0974,Djedeida,CITE DE LA RTT
Manouba,TN-14,36.8071,10.0974,Djedeida,CITE DES ANDALOUS
Manouba,TN-14,36.8071,10.0974,Djedeida,CITE DHAMENE
Manouba,TN-14,36.8071,10.0974,Djedeida,CITE DHNIBA
Manouba,TN-14,36.8071,10.0974,Djedeida,CITE EL BARAKA
Manouba,TN-14,36.8071,10.0974,Djedeida,CITE EL HIDAYA
Manouba,TN-14,36.8071,10.0974,Djedeida,CITE ENNAJET
Manouba,TN-14,36.8071,10.0974,Djedeida,CITE ENNOUR
Manouba,TN-14,36.8071,10.0974,Djedeida,CITE ERRIADH
Manouba,TN-14,36.8071,10.0974,Djedeida,CITE ESSAROULA
Manouba,TN-14,36.8071,10.0974,Djedeida,CITE GUICHBA
Manouba,TN-14,36.8071,10.0974,Djedeida,CITE HABIB EL AYARI
Manouba,TN-14,36.8071,10.0974,Djedeida,CITE HACHED
Manouba,TN-14,36.8071,10.0974,Djedeida,CITE HAMDI
Manouba,TN-14,36.8071,10.0974,Djedeida,CITE HAMMED NOUVELLE
Manouba,TN-14,36.8071,10.0974,Djedeida,CITE JEBEL
Manouba,TN-14,36.8071,10.0974,Djedeida,JEDAIDA
Manouba,TN-14,36.8071,10.0974,Djedeida,CHAOUAT
Manouba,TN-14,36.8071,10.0974,Djedeida,CITE ECOLE PRIMAIRE
Manouba,TN-14,36.8071,10.0974,Djedeida,EL HABIBIA
Manouba,TN-14,36.8071,10.0974,Djedeida,EZZAHRA
Manouba,TN-14,36.8071,10.0974,Djedeida,HENCHIR DHENIBA
Manouba,TN-14,36.8071,10.0974,Mornaguia,BOU REGBA
Manouba,TN-14,36.8071,10.0974,Mornaguia,CITE DE LA RTT 3
Manouba,TN-14,36.8071,10.0974,Mornaguia,CITE BIR BEN NJIMA
Manouba,TN-14,36.8071,10.0974,Mornaguia,CITE TOUMIA
Manouba,TN-14,36.8071,10.0974,Mornaguia,EL HAMAYEM
Manouba,TN-14,36.8071,10.0974,Mornaguia,GHEDAOUNA
Manouba,TN-14,36.8071,10.0974,Mornaguia,MORNAGUIA
Manouba,TN-14,36.8071,10.0974,Mornaguia,MORNAGUIA 20 MARS
Manouba,TN-14,36.8071,10.0974,Mornaguia,EL FEJJA
Manouba,TN-14,36.8071,10.0974,Mornaguia,BOU HANECH
Manouba,TN-14,36.8071,10.0974,Mornaguia,EL BASSATINE
Manouba,TN-14,36.8071,10.0974,Mornaguia,SIDI ALI EL HATTAB
Manouba,TN-14,36.8071,10.0974,Borj El Amri,AOUILIA (KM 37)
Manouba,TN-14,36.8071,10.0974,Borj El Amri,MENZEL HABIB
Manouba,TN-14,36.8071,10.0974,Borj El Amri,TEBOLTECH
Manouba,TN-14,36.8071,10.0974,Borj El Amri,KSAR HADID
Manouba,TN-14,36.8071,10.0974,Borj El Amri,CITE ENNOUZHA 2
Manouba,TN-14,36.8071,10.0974,Borj El Amri,BIR ETTOUIL
Manouba,TN-14,36.8071,10.0974,Borj El Amri,BORJ ENNOUR
Manouba,TN-14,36.8071,10.0974,Borj El Amri,EL MESSAIDINE
Manouba,TN-14,36.8071,10.0974,Borj El Amri,BORJ EL AMRI
Manouba,TN-14,36.8071,10.0974,Borj El Amri,CITE EL HAFSIA
Manouba,TN-14,36.8071,10.0974,Borj El Amri,CITE EL INTILAKA
Manouba,TN-14,36.8071,10.0974,Borj El Amri,CITE EL MANAI
Manouba,TN-14,36.8071,10.0974,Borj El Amri,CITE ENNOUZHA 1
Manouba,TN-14,36.8071,10.0974,Borj El Amri,CITE TAOUFIK
Manouba,TN-14,36.8071,10.0974,Borj El Amri,DRIJETTE
Manouba,TN-14,36.8071,10.0974,Douar Hicher,CITE KHALED IBN EL WALID
Manouba,TN-14,36.8071,10.0974,Douar Hicher,DOUAR HICHER
Ben Arous,TN-13,36.7450,10.2132,Ben Arous,BEN AROUS
Ben Arous,TN-13,36.7450,10.2132,Ben Arous,BEN AROUS SUD
Ben Arous,TN-13,36.7450,10.2132,Nouvelle Medina,EL YASMINETTE
Ben Arous,TN-13,36.7450,10.2132,Nouvelle Medina,NOUVELLE MEDINA
Ben Arous,TN-13,36.7450,10.2132,El Mourouj,RESIDENCE IBN KHALDOUN
Ben Arous,TN-13,36.7450,10.2132,El Mourouj,RESIDENCE IBN ZEIDOUN
Ben Arous,TN-13,36.7450,10.2132,El Mourouj,RESIDENCE INES
Ben Arous,TN-13,36.7450,10.2132,El Mourouj,RESIDENCE JINENE EL MOUROUJ
Ben Arous,TN-13,36.7450,10.2132,El Mourouj,RESIDENCE MERIEM
Ben Arous,TN-13,36.7450,10.2132,El Mourouj,RESIDENCE SIDI BOU SAID
Ben Arous,TN-13,36.7450,10.2132,El Mourouj,RESIDENCE TYPE
Ben Arous,TN-13,36.7450,10.2132,El Mourouj,RESIDENCE ZAHRET EL MOUROUJ
Ben Arous,TN-13,36.7450,10.2132,El Mourouj,CITE IBN JAZZAR 2
Ben Arous,TN-13,36.7450,10.2132,El Mourouj,CITE IBN MANDHOUR
Ben Arous,TN-13,36.7450,10.2132,El Mourouj,CITE JARDINS
Ben Arous,TN-13,36.7450,10.2132,El Mourouj,CITE MONCEF BEY
Ben Arous,TN-13,36.7450,10.2132,El Mourouj,CITE TAHER HADDAD
Ben Arous,TN-13,36.7450,10.2132,El Mourouj,CITE YARGOULA
Ben Arous,TN-13,36.7450,10.2132,El Mourouj,EL ALIA 1
Ben Arous,TN-13,36.7450,10.2132,El Mourouj,EL ALIA 2
Ben Arous,TN-13,36.7450,10.2132,El Mourouj,EL ALIA 3
Ben Arous,TN-13,36.7450,10.2132,El Mourouj,EL MOUROUJ
Ben Arous,TN-13,36.7450,10.2132,El Mourouj,LA BELLE RESIDENCE
Ben Arous,TN-13,36.7450,10.2132,El Mourouj,RESIDENCE CHEBBI
Ben Arous,TN-13,36.7450,10.2132,El Mourouj,RESIDENCE CHOUROUK 1
Ben Arous,TN-13,36.7450,10.2132,El Mourouj,CITE AZZA 2
Ben Arous,TN-13,36.7450,10.2132,El Mourouj,CITE COMMERCIALE ABOU SOFIANE
Ben Arous,TN-13,36.7450,10.2132,El Mourouj,CITE COMMERCIALE BOUKHRISS
Ben Arous,TN-13,36.7450,10.2132,El Mourouj,CITE DES OASIS
Ben Arous,TN-13,36.7450,10.2132,El Mourouj,CITE EL BASSATINE
Ben Arous,TN-13,36.7450,10.2132,El Mourouj,CITE ERRACHID 2
Ben Arous,TN-13,36.7450,10.2132,El Mourouj,CITE ERRAOUDHA
Ben Arous,TN-13,36.7450,10.2132,El Mourouj,CITE ERRIADH
Ben Arous,TN-13,36.7450,10.2132,El Mourouj,CITE ERRIADH 2
Ben Arous,TN-13,36.7450,10.2132,El Mourouj,CITE ESSALEM
Ben Arous,TN-13,36.7450,10.2132,El Mourouj,CITE AZZA 1
Ben Arous,TN-13,36.7450,10.2132,El Mourouj,CITE ALYSSA 2
Ben Arous,TN-13,36.7450,10.2132,El Mourouj,CITE ALYSSA 1
Ben Arous,TN-13,36.7450,10.2132,El Mourouj,RESIDENCE CHOUROUK 2
Ben Arous,TN-13,36.7450,10.2132,El Mourouj,RESIDENCE CHOUROUK 3
Ben Arous,TN-13,36.7450,10.2132,El Mourouj,RESIDENCE DE LA VERDURE
Ben Arous,TN-13,36.7450,10.2132,El Mourouj,RESIDENCE DE L'HORIZON
Ben Arous,TN-13,36.7450,10.2132,El Mourouj,RESIDENCE DU PRINTEMPS
Ben Arous,TN-13,36.7450,10.2132,El Mourouj,RESIDENCE EL FOLL
Ben Arous,TN-13,36.7450,10.2132,El Mourouj,RESIDENCE EL KHALIL
Ben Arous,TN-13,36.7450,10.2132,El Mourouj,RESIDENCE EL MOURJENE
Ben Arous,TN-13,36.7450,10.2132,El Mourouj,RESIDENCE EL OUARD
Ben Arous,TN-13,36.7450,10.2132,El Mourouj,RESIDENCE EL WAFA
Ben Arous,TN-13,36.7450,10.2132,El Mourouj,RESIDENCE ENNACIM
Ben Arous,TN-13,36.7450,10.2132,El Mourouj,RESIDENCE ENNAOURES
Ben Arous,TN-13,36.7450,10.2132,El Mourouj,RESIDENCE ENNESRINE
Ben Arous,TN-13,36.7450,10.2132,El Mourouj,RESIDENCE ERRABOUA
Ben Arous,TN-13,36.7450,10.2132,El Mourouj,RESIDENCE ESSAAD
Ben Arous,TN-13,36.7450,10.2132,El Mourouj,RESIDENCE ESSAADA
Ben Arous,TN-13,36.7450,10.2132,El Mourouj,RESIDENCE ESSRAYA
Ben Arous,TN-13,36.7450,10.2132,El Mourouj,CITE EL MOUROUJ 3 BIS
Ben Arous,TN-13,36.7450,10.2132,El Mourouj,CITE EL WIFAK
Ben Arous,TN-13,36.7450,10.2132,El Mourouj,CITE ENNAKHIL
Ben Arous,TN-13,36.7450,10.2132,El Mourouj,CITE ENNARJES 1
Ben Arous,TN-13,36.7450,10.2132,El Mourouj,CITE ENNARJES 2
Ben Arous,TN-13,36.7450,10.2132,El Mourouj,CITE EL BOCHRA
Ben Arous,TN-13,36.7450,10.2132,El Mourouj,CITE EL FAOUZ
Ben Arous,TN-13,36.7450,10.2132,El Mourouj,CITE EL FOLL
Ben Arous,TN-13,36.7450,10.2132,El Mourouj,CITE ENNASR 1
Ben Arous,TN-13,36.7450,10.2132,El Mourouj,CITE ENNASR 2
Ben Arous,TN-13,36.7450,10.2132,El Mourouj,CITE ERRACHID 1
Ben Arous,TN-13,36.7450,10.2132,El Mourouj,BIR EL KASSAA
Ben Arous,TN-13,36.7450,10.2132,Hammam Lif,CITE 7 NOVEMBRE
Ben Arous,TN-13,36.7450,10.2132,Hammam Lif,CITE CASINO
Ben Arous,TN-13,36.7450,10.2132,Hammam Lif,CITE DAR EL BEY
Ben Arous,TN-13,36.7450,10.2132,Hammam Lif,CITE DE LA MUNICIPALITE
Ben Arous,TN-13,36.7450,10.2132,Hammam Lif,CITE DES INSTITUTEURS
Ben Arous,TN-13,36.7450,10.2132,Hammam Lif,CITE DES OUVRIERS
Ben Arous,TN-13,36.7450,10.2132,Hammam Lif,CITE ENNAHDHA
Ben Arous,TN-13,36.7450,10.2132,Hammam Lif,CITE ENNASR
Ben Arous,TN-13,36.7450,10.2132,Hammam Lif,CITE ENNOUZHA
Ben Arous,TN-13,36.7450,10.2132,Hammam Lif,CITE ESSANAOUBRIA
Ben Arous,TN-13,36.7450,10.2132,Hammam Lif,CITE HACHED
Ben Arous,TN-13,36.7450,10.2132,Hammam Lif,CITE KORTOBA
Ben Arous,TN-13,36.7450,10.2132,Hammam Lif,CITE MONGI SLIM
Ben Arous,TN-13,36.7450,10.2132,Hammam Lif,CITE OFFICE CEREALE
Ben Arous,TN-13,36.7450,10.2132,Hammam Lif,CITE THERMALE
Ben Arous,TN-13,36.7450,10.2132,Hammam Lif,HAMMAM LIF
Ben Arous,TN-13,36.7450,10.2132,Hammam Lif,BOU KORNINE
Ben Arous,TN-13,36.7450,10.2132,Hammam Lif,CITE BOU KORNINE 2
Ben Arous,TN-13,36.7450,10.2132,Hammam Lif,CITE BOUSSOUFFARA
Ben Arous,TN-13,36.7450,10.2132,Hammam Chott,BIR EL BEY
Ben Arous,TN-13,36.7450,10.2132,Hammam Chott,BORJ SEDRIA
Ben Arous,TN-13,36.7450,10.2132,Hammam Chott,HAMMAM CHATT
Ben Arous,TN-13,36.7450,10.2132,Bou Mhel el-Bassatine,CITE EL WAFA
Ben Arous,TN-13,36.7450,10.2132,Bou Mhel el-Bassatine,CITE RABIAA
Ben Arous,TN-13,36.7450,10.2132,Bou Mhel el-Bassatine,CITE PLEIN AIR
Ben Arous,TN-13,36.7450,10.2132,Bou Mhel el-Bassatine,CITE ENNACIM 1
Ben Arous,TN-13,36.7450,10.2132,Bou Mhel el-Bassatine,CITE ENNACIM 2
Ben Arous,TN-13,36.7450,10.2132,Bou Mhel el-Bassatine,CITE ESSAFA
Ben Arous,TN-13,36.7450,10.2132,Bou Mhel el-Bassatine,CITE ESSALEM
Ben Arous,TN-13,36.7450,10.2132,Bou Mhel el-Bassatine,CITE HADRICH
Ben Arous,TN-13,36.7450,10.2132,Bou Mhel el-Bassatine,CITE JLASSI
Ben Arous,TN-13,36.7450,10.2132,Bou Mhel el-Bassatine,CITE MEZRIOU
Ben Arous,TN-13,36.7450,10.2132,Bou Mhel el-Bassatine,CITE SPROLS
Ben Arous,TN-13,36.7450,10.2132,Bou Mhel el-Bassatine,CITE SNIT
Ben Arous,TN-13,36.7450,10.2132,Bou Mhel el-Bassatine,CITE BEN GAMRA
Ben Arous,TN-13,36.7450,10.2132,Bou Mhel el-Bassatine,CITE EL MAHRAJENE 2
Ben Arous,TN-13,36.7450,10.2132,Bou Mhel el-Bassatine,CITE BEN JOUD
Ben Arous,TN-13,36.7450,10.2132,Bou Mhel el-Bassatine,CITE BOU MHEL
Ben Arous,TN-13,36.7450,10.2132,Bou Mhel el-Bassatine,CITE BOUTOURIA
Ben Arous,TN-13,36.7450,10.2132,Bou Mhel el-Bassatine,CITE CHEBIL
Ben Arous,TN-13,36.7450,10.2132,Bou Mhel el-Bassatine,CITE DE L'INTERIEUR
Ben Arous,TN-13,36.7450,10.2132,Bou Mhel el-Bassatine,CITE DES JUGES
Ben Arous,TN-13,36.7450,10.2132,Bou Mhel el-Bassatine,CITE DIAR TOUNES
Ben Arous,TN-13,36.7450,10.2132,Bou Mhel el-Bassatine,CITE EL AHMADI
Ben Arous,TN-13,36.7450,10.2132,Bou Mhel el-Bassatine,CITE EL AMEN
Ben Arous,TN-13,36.7450,10.2132,Bou Mhel el-Bassatine,CITE EL ASSIL
Ben Arous,TN-13,36.7450,10.2132,Bou Mhel el-Bassatine,CITE EL BASSATINE ANCIEN
Ben Arous,TN-13,36.7450,10.2132,Bou Mhel el-Bassatine,CITE EL FERCHICHI
Ben Arous,TN-13,36.7450,10.2132,Bou Mhel el-Bassatine,CITE EL IKLIL
Ben Arous,TN-13,36.7450,10.2132,Bou Mhel el-Bassatine,CITE EL KENANI
Ben Arous,TN-13,36.7450,10.2132,Bou Mhel el-Bassatine,CITE EL KHALIJ
Ben Arous,TN-13,36.7450,10.2132,Bou Mhel el-Bassatine,CITE EL KHALLEDI
Ben Arous,TN-13,36.7450,10.2132,Bou Mhel el-Bassatine,CITE EL MOUNA
Ben Arous,TN-13,36.7450,10.2132,Bou Mhel el-Bassatine,CITE EL MAHRAJENE 1
Ben Arous,TN-13,36.7450,10.2132,Bou Mhel el-Bassatine,BOU MHEL
Ben Arous,TN-13,36.7450,10.2132,Bou Mhel el-Bassatine,RESIDENCE DU MEDITERRANE
Ben Arous,TN-13,36.7450,10.2132,Bou Mhel el-Bassatine,RESIDENCE SIRINE
Ben Arous,TN-13,36.7450,10.2132,Bou Mhel el-Bassatine,RESIDENCE EL IMARA
Ben Arous,TN-13,36.7450,10.2132,Bou Mhel el-Bassatine,RESIDENCE ENNACIM
Ben Arous,TN-13,36.7450,10.2132,Bou Mhel el-Bassatine,RESIDENCE EZZOUHOUR
Ben Arous,TN-13,36.7450,10.2132,Bou Mhel el-Bassatine,RESIDENCE SARRA
Ben Arous,TN-13,36.7450,10.2132,Ezzahra,CITE EL EZZ
Ben Arous,TN-13,36.7450,10.2132,Ezzahra,CITE HEDI KHFACHA
Ben Arous,TN-13,36.7450,10.2132,Ezzahra,CITE IMEN
Ben Arous,TN-13,36.7450,10.2132,Ezzahra,CITE INDUSTRIELLE
Ben Arous,TN-13,36.7450,10.2132,Ezzahra,CITE MRAD 1
Ben Arous,TN-13,36.7450,10.2132,Ezzahra,CITE MRAD 2
Ben Arous,TN-13,36.7450,10.2132,Ezzahra,CITE PANORAMA
Ben Arous,TN-13,36.7450,10.2132,Ezzahra,EZZAHRA
Ben Arous,TN-13,36.7450,10.2132,Ezzahra,CITE BEN MILED
Ben Arous,TN-13,36.7450,10.2132,Ezzahra,CITE EL HABIB
Ben Arous,TN-13,36.7450,10.2132,Ezzahra,CITE EL HOUL
Ben Arous,TN-13,36.7450,10.2132,Ezzahra,CITE EL WARD
Ben Arous,TN-13,36.7450,10.2132,Ezzahra,CITE EL YASMINE
Ben Arous,TN-13,36.7450,10.2132,Ezzahra,CITE ENNASR
Ben Arous,TN-13,36.7450,10.2132,Ezzahra,EZZAHRA EL HABIB
Ben Arous,TN-13,36.7450,10.2132,Ezzahra,CITE DU WAGON
Ben Arous,TN-13,36.7450,10.2132,Ezzahra,CITE EL AHLEM
Ben Arous,TN-13,36.7450,10.2132,Ezzahra,CITE EL OULIJA
Ben Arous,TN-13,36.7450,10.2132,Ezzahra,CITE EL OUNS
Ben Arous,TN-13,36.7450,10.2132,Ezzahra,CITE ENNAKHIL 1
Ben Arous,TN-13,36.7450,10.2132,Ezzahra,CITE ENNAKHIL 2
Ben Arous,TN-13,36.7450,10.2132,Ezzahra,CITE ERRACHID
Ben Arous,TN-13,36.7450,10.2132,Ezzahra,CITE ERRIADH
Ben Arous,TN-13,36.7450,10.2132,Ezzahra,CITE EL AKACIA
Ben Arous,TN-13,36.7450,10.2132,Ezzahra,CITE EL AMEN
Ben Arous,TN-13,36.7450,10.2132,Ezzahra,CITE 18 JANVIER
Ben Arous,TN-13,36.7450,10.2132,Ezzahra,CITE BORJ LOUZIR
Ben Arous,TN-13,36.7450,10.2132,Ezzahra,CITE DU PORT
Ben Arous,TN-13,36.7450,10.2132,Rades,CITE MOHAMED ALI
Ben Arous,TN-13,36.7450,10.2132,Rades,CITE RADES 2
Ben Arous,TN-13,36.7450,10.2132,Rades,CITE SFAXI
Ben Arous,TN-13,36.7450,10.2132,Rades,CITE SNCFT
Ben Arous,TN-13,36.7450,10.2132,Rades,CITE TAIEB MHIRI 1
Ben Arous,TN-13,36.7450,10.2132,Rades,CITE TAIEB MHIRI 2
Ben Arous,TN-13,36.7450,10.2132,Rades,CITE TAIEB MHIRI 3
Ben Arous,TN-13,36.7450,10.2132,Rades,RADES
Ben Arous,TN-13,36.7450,10.2132,Rades,RADES PLAGE
Ben Arous,TN-13,36.7450,10.2132,Rades,CITE EL EZZ
Ben Arous,TN-13,36.7450,10.2132,Rades,CITE NOUVELLE
Ben Arous,TN-13,36.7450,10.2132,Rades,CITE 20 MARS
Ben Arous,TN-13,36.7450,10.2132,Rades,CITE ENNOUR
Ben Arous,TN-13,36.7450,10.2132,Rades,RADES SALINE
Ben Arous,TN-13,36.7450,10.2132,Rades,ZONE INDUSTRIELLE 1
Ben Arous,TN-13,36.7450,10.2132,Rades,ZONE INDUSTRIELLE 2
Ben Arous,TN-13,36.7450,10.2132,Rades,ZONE PETROLIERE
Ben Arous,TN-13,36.7450,10.2132,Rades,CITE SNIT
Ben Arous,TN-13,36.7450,10.2132,Rades,DECOUPPAGE HAJ ALEYA
Ben Arous,TN-13,36.7450,10.2132,Rades,RADES 7 NOVEMBRE
Ben Arous,TN-13,36.7450,10.2132,Rades,VILLAGE MEDITERRANEE
Ben Arous,TN-13,36.7450,10.2132,Rades,VILLE SPORTIVE
Ben Arous,TN-13,36.7450,10.2132,Rades,CHOUCHET RADES
Ben Arous,TN-13,36.7450,10.2132,Rades,RADES EL MRAH
Ben Arous,TN-13,36.7450,10.2132,Rades,RADES FORET
Ben Arous,TN-13,36.7450,10.2132,Rades,RADES MEDINA
Ben Arous,TN-13,36.7450,10.2132,Rades,RADES MELIANE
Ben Arous,TN-13,36.7450,10.2132,Rades,RADES MONGIL
Ben Arous,TN-13,36.7450,10.2132,Megrine,CITE FOUNIZ
Ben Arous,TN-13,36.7450,10.2132,Megrine,MEGRINE RIADH
Ben Arous,TN-13,36.7450,10.2132,Megrine,SAINT GOBIN
Ben Arous,TN-13,36.7450,10.2132,Megrine,ZONE INDUSTRIELLE SAINT GOBIN
Ben Arous,TN-13,36.7450,10.2132,Megrine,MEGRINE CHAKER
Ben Arous,TN-13,36.7450,10.2132,Megrine,MEGRINE JAOUHARA
Ben Arous,TN-13,36.7450,10.2132,Megrine,MEGRINE
Ben Arous,TN-13,36.7450,10.2132,Megrine,MEGRINE COTEAU
Ben Arous,TN-13,36.7450,10.2132,Megrine,MEGRINE SUPERIEUR
Ben Arous,TN-13,36.7450,10.2132,Megrine,SIDI REZIG
Ben Arous,TN-13,36.7450,10.2132,M’hamdia,CITE DE LA CARRIERE 2
Ben Arous,TN-13,36.7450,10.2132,M’hamdia,CITE DU LYCEE
Ben Arous,TN-13,36.7450,10.2132,M’hamdia,CITE EL AMEN
Ben Arous,TN-13,36.7450,10.2132,M’hamdia,CITE EL ATIQ
Ben Arous,TN-13,36.7450,10.2132,M’hamdia,CITE EL BACCOUCH
Ben Arous,TN-13,36.7450,10.2132,M’hamdia,CITE EL BASSATINE
Ben Arous,TN-13,36.7450,10.2132,M’hamdia,CITE EL ELMI 1
Ben Arous,TN-13,36.7450,10.2132,M’hamdia,CITE ENNOUZHA
Ben Arous,TN-13,36.7450,10.2132,M’hamdia,CITE ERRIADH
Ben Arous,TN-13,36.7450,10.2132,M’hamdia,CITE ESSAADA 1
Ben Arous,TN-13,36.7450,10.2132,M’hamdia,CITE ESSAADA 2
Ben Arous,TN-13,36.7450,10.2132,M’hamdia,CITE ESSAADA 3
Ben Arous,TN-13,36.7450,10.2132,M’hamdia,CITE ESSALEM
Ben Arous,TN-13,36.7450,10.2132,M’hamdia,CITE ETTAYARI
Ben Arous,TN-13,36.7450,10.2132,M’hamdia,CITE ETTOUAHRIA
Ben Arous,TN-13,36.7450,10.2132,M’hamdia,CITE EZZITOUN 2
Ben Arous,TN-13,36.7450,10.2132,M’hamdia,CITE BOU AKROUCHA
Ben Arous,TN-13,36.7450,10.2132,M’hamdia,CITE BOURBAI
Ben Arous,TN-13,36.7450,10.2132,M’hamdia,CITE CEBBALET CHIKH
Ben Arous,TN-13,36.7450,10.2132,M’hamdia,CITE CHAABANE
Ben Arous,TN-13,36.7450,10.2132,M’hamdia,CITE CHEBBI
Ben Arous,TN-13,36.7450,10.2132,M’hamdia,CITE DE LA CARRIERE 1
Ben Arous,TN-13,36.7450,10.2132,M’hamdia,CITE OUDHNA
Ben Arous,TN-13,36.7450,10.2132,M’hamdia,RESIDENCE ETTAOUFIK
Ben Arous,TN-13,36.7450,10.2132,M’hamdia,CITE TAIEB MHIRI
Ben Arous,TN-13,36.7450,10.2132,M’hamdia,CITE EL ELMI 2
Ben Arous,TN-13,36.7450,10.2132,M’hamdia,CITE EL HADDAD
Ben Arous,TN-13,36.7450,10.2132,M’hamdia,CITE EL HANA
Ben Arous,TN-13,36.7450,10.2132,M’hamdia,CITE EL KSAR
Ben Arous,TN-13,36.7450,10.2132,M’hamdia,CITE EL OMRI 1
Ben Arous,TN-13,36.7450,10.2132,M’hamdia,CITE EL OMRI 2
Ben Arous,TN-13,36.7450,10.2132,M’hamdia,CITE ELLOUATA
Ben Arous,TN-13,36.7450,10.2132,M’hamdia,CITE ENNACIM 1
Ben Arous,TN-13,36.7450,10.2132,M’hamdia,CITE ENNACIM 2
Ben Arous,TN-13,36.7450,10.2132,M’hamdia,CITE ENNASR
Ben Arous,TN-13,36.7450,10.2132,M’hamdia,CITE FATTOUMA BOURGUIBA
Ben Arous,TN-13,36.7450,10.2132,M’hamdia,CITE HACHED 1
Ben Arous,TN-13,36.7450,10.2132,M’hamdia,CITE HACHED 2
Ben Arous,TN-13,36.7450,10.2132,M’hamdia,CITE JAOUHARA
Ben Arous,TN-13,36.7450,10.2132,M’hamdia,CITE JARDINS
Ben Arous,TN-13,36.7450,10.2132,M’hamdia,CITE MONGI SLIM 1
Ben Arous,TN-13,36.7450,10.2132,M’hamdia,CITE MONGI SLIM 2
Ben Arous,TN-13,36.7450,10.2132,M’hamdia,MOHAMADIA
Ben Arous,TN-13,36.7450,10.2132,M’hamdia,RESIDENCE EL FERDAOUS
Ben Arous,TN-13,36.7450,10.2132,M’hamdia,CITE TNICH
Ben Arous,TN-13,36.7450,10.2132,M’hamdia,RESIDENCE EL MOUSTAKBEL
Ben Arous,TN-13,36.7450,10.2132,M’hamdia,IMMEUBLES DE L'INTERIEUR
Ben Arous,TN-13,36.7450,10.2132,M’hamdia,RESIDENCE EL OUNS
Ben Arous,TN-13,36.7450,10.2132,Fouchana,FOUCHANA
Ben Arous,TN-13,36.7450,10.2132,Fouchana,MEGHIRA CENTRE
Ben Arous,TN-13,36.7450,10.2132,Fouchana,MEGHIRA INZEL
Ben Arous,TN-13,36.7450,10.2132,Fouchana,ZONE INDUSTRIELLE EL MEGHIRA
Ben Arous,TN-13,36.7450,10.2132,Fouchana,BIR ZENDALA
Ben Arous,TN-13,36.7450,10.2132,Fouchana,CITE BRIM
Ben Arous,TN-13,36.7450,10.2132,Fouchana,CITE CHEBBI
Ben Arous,TN-13,36.7450,10.2132,Fouchana,CITE EL AMEL
Ben Arous,TN-13,36.7450,10.2132,Fouchana,CITE EL AMEL 2
Ben Arous,TN-13,36.7450,10.2132,Fouchana,CITE EL BANEFSEJ
Ben Arous,TN-13,36.7450,10.2132,Fouchana,CITE EL FATEH
Ben Arous,TN-13,36.7450,10.2132,Fouchana,CITE EL HANA
Ben Arous,TN-13,36.7450,10.2132,Fouchana,CITE EL HIDHAB
Ben Arous,TN-13,36.7450,10.2132,Fouchana,CITE EL IZDIHAR
Ben Arous,TN-13,36.7450,10.2132,Fouchana,CITE EL MISK
Ben Arous,TN-13,36.7450,10.2132,Fouchana,CITE EL MOUSTAKBEL
Ben Arous,TN-13,36.7450,10.2132,Fouchana,CITE EL WARD
Ben Arous,TN-13,36.7450,10.2132,Fouchana,CITE EL WIFAK
Ben Arous,TN-13,36.7450,10.2132,Fouchana,CITE ENNASR
Ben Arous,TN-13,36.7450,10.2132,Fouchana,CITE ENNOUZHA
Ben Arous,TN-13,36.7450,10.2132,Fouchana,CITE ERRIADH
Ben Arous,TN-13,36.7450,10.2132,Fouchana,CITE EZZITOUN 1
Ben Arous,TN-13,36.7450,10.2132,Fouchana,CITE KHOUAJA
Ben Arous,TN-13,36.7450,10.2132,Fouchana,CITE SNIT
Ben Arous,TN-13,36.7450,10.2132,Fouchana,CITE TRABELSI
Ben Arous,TN-13,36.7450,10.2132,Fouchana,EL MENAYCHIA
Ben Arous,TN-13,36.7450,10.2132,Fouchana,CHEBEDDA
Ben Arous,TN-13,36.7450,10.2132,Fouchana,DOUAR EL HOUCH
Ben Arous,TN-13,36.7450,10.2132,Fouchana,NAASSEN
Ben Arous,TN-13,36.7450,10.2132,Fouchana,CITE 20 MARS
Ben Arous,TN-13,36.7450,10.2132,Mornaguia,ERRISSALA
Ben Arous,TN-13,36.7450,10.2132,Mornaguia,AIN REGAD
Ben Arous,TN-13,36.7450,10.2132,Mornaguia,BARROUTA
Ben Arous,TN-13,36.7450,10.2132,Mornaguia,BIR JEDID
Ben Arous,TN-13,36.7450,10.2132,Mornaguia,EL GOUNNA
Ben Arous,TN-13,36.7450,10.2132,Mornaguia,HENCHIR KHARROUBA
Ben Arous,TN-13,36.7450,10.2132,Mornaguia,KHELIDIA
Ben Arous,TN-13,36.7450,10.2132,Mornaguia,KOUENJEL
Ben Arous,TN-13,36.7450,10.2132,Mornaguia,SIDI MESSAOUD
Ben Arous,TN-13,36.7450,10.2132,Mornaguia,SIDI OTHMAN LANDARI
Ben Arous,TN-13,36.7450,10.2132,Mornaguia,SONDAGE
Ben Arous,TN-13,36.7450,10.2132,Mornaguia,CITE AIR NOUVELLE
Ben Arous,TN-13,36.7450,10.2132,Mornaguia,CITE ETTAYARANE
Ben Arous,TN-13,36.7450,10.2132,Mornaguia,EL ABEBSA
Ben Arous,TN-13,36.7450,10.2132,Mornaguia,EL FENDRIA
Ben Arous,TN-13,36.7450,10.2132,Mornaguia,HENCHIR BOUCHTA
Ben Arous,TN-13,36.7450,10.2132,Mornaguia,HENCHIR EL GHOBAR
Ben Arous,TN-13,36.7450,10.2132,Mornaguia,HENCHIR KHELIL
Ben Arous,TN-13,36.7450,10.2132,Mornaguia,HUILERIE BAYREM
Ben Arous,TN-13,36.7450,10.2132,Mornaguia,MORNAG
Ben Arous,TN-13,36.7450,10.2132,Mornaguia,OUZRA
Ben Arous,TN-13,36.7450,10.2132,Mornaguia,SIDI SAAD
Ben Arous,TN-13,36.7450,10.2132,Mornaguia,TARHOUNA 1
Ben Arous,TN-13,36.7450,10.2132,Mornaguia,TARHOUNA 2
Ben Arous,TN-13,36.7450,10.2132,Mornaguia,ZAOUIT MORNAG
Ben Arous,TN-13,36.7450,10.2132,Mornaguia,EL KABOUTI
Ben Arous,TN-13,36.7450,10.2132,Mornaguia,BORJ ESSOUFI
Ben Arous,TN-13,36.7450,10.2132,Mornaguia,JEBEL ERSASS
Ben Arous,TN-13,36.7450,10.2132,Mornaguia,JOURJOU
Ben Arous,TN-13,36.7450,10.2132,Mornaguia,MIRGHNA
Ben Arous,TN-13,36.7450,10.2132,Mornaguia,SIDI SALEM EL GARCI
Ben Arous,TN-13,36.7450,10.2132,Mornaguia,AHMED ZAIED
Ben Arous,TN-13,36.7450,10.2132,Mornaguia,BEN NOUIJI
Ben Arous,TN-13,36.7450,10.2132,Mornaguia,BOU JERDGA
Ben Arous,TN-13,36.7450,10.2132,Mornaguia,EL ALELGUA
Ben Arous,TN-13,36.7450,10.2132,Mornaguia,EL ARABA
Ben Arous,TN-13,36.7450,10.2132,Mornaguia,EL HAOUAMED
Ben Arous,TN-13,36.7450,10.2132,Mornaguia,EL KSIBI
Ben Arous,TN-13,36.7450,10.2132,Mornaguia,ETTIAYRA
Ben Arous,TN-13,36.7450,10.2132,Mornaguia,FERME MARQUEE
Ben Arous,TN-13,36.7450,10.2132,Mornaguia,CHALA
Ben Arous,TN-13,36.7450,10.2132,Mornaguia,CHAMINE
Ben Arous,TN-13,36.7450,10.2132,Mornaguia,CITE ENNASR
Ben Arous,TN-13,36.7450,10.2132,Mornaguia,DOUAR LA PORTE
Ben Arous,TN-13,36.7450,10.2132,Mornaguia,DOUAR SALEM
Nabeul,TN-21,36.4515,10.7354,Nabeul,RESIDENCE DENENE
Nabeul,TN-21,36.4515,10.7354,Nabeul,RESIDENCE OASIS BLEU
Nabeul,TN-21,36.4515,10.7354,Nabeul,AIN KEMICHA
Nabeul,TN-21,36.4515,10.7354,Nabeul,CITE ABDESSALEM EL BEHI
Nabeul,TN-21,36.4515,10.7354,Nabeul,CITE BAHROUN
Nabeul,TN-21,36.4515,10.7354,Nabeul,CITE CNRPS
Nabeul,TN-21,36.4515,10.7354,Nabeul,CITE COTE OR 1
Nabeul,TN-21,36.4515,10.7354,Nabeul,CITE COTE OR 2
Nabeul,TN-21,36.4515,10.7354,Nabeul,CITE DES ORANGES
Nabeul,TN-21,36.4515,10.7354,Nabeul,CITE EL BASSATINE
Nabeul,TN-21,36.4515,10.7354,Nabeul,CITE EL BORJ 1
Nabeul,TN-21,36.4515,10.7354,Nabeul,CITE EL BORJ 2
Nabeul,TN-21,36.4515,10.7354,Nabeul,CITE ENNACIM
Nabeul,TN-21,36.4515,10.7354,Nabeul,CITE ENNAJEH
Nabeul,TN-21,36.4515,10.7354,Nabeul,CITE ETTAAMIR
Nabeul,TN-21,36.4515,10.7354,Nabeul,CITE HALI
Nabeul,TN-21,36.4515,10.7354,Nabeul,CITE INDUSTRIELLE
Nabeul,TN-21,36.4515,10.7354,Nabeul,CITE JASMINS SIMPAR
Nabeul,TN-21,36.4515,10.7354,Nabeul,CITE MOHSEN LIMAM
Nabeul,TN-21,36.4515,10.7354,Nabeul,CITE SIDI AMOR
Nabeul,TN-21,36.4515,10.7354,Nabeul,CITE SIDI MOUSSA
Nabeul,TN-21,36.4515,10.7354,Nabeul,CITE UNIVERSITAIRE
Nabeul,TN-21,36.4515,10.7354,Nabeul,HENCHIR GORT
Nabeul,TN-21,36.4515,10.7354,Nabeul,MIMOSAS VILLAS ET BUNGALOWS
Nabeul,TN-21,36.4515,10.7354,Nabeul,NABEUL
Nabeul,TN-21,36.4515,10.7354,Nabeul,CITE EL MAHRSI 1
Nabeul,TN-21,36.4515,10.7354,Nabeul,CITE EL MAHRSI 2
Nabeul,TN-21,36.4515,10.7354,Nabeul,CITE EL MAHRSI 3
Nabeul,TN-21,36.4515,10.7354,Nabeul,HENCHIR EL HAOUARIA
Nabeul,TN-21,36.4515,10.7354,Nabeul,NABEUL THAMEUR
Nabeul,TN-21,36.4515,10.7354,Dar Chaabane El Fehri,BAYOUB
Nabeul,TN-21,36.4515,10.7354,Dar Chaabane El Fehri,CITE BARNOUSSA
Nabeul,TN-21,36.4515,10.7354,Dar Chaabane El Fehri,CITE EL FERDAOUS
Nabeul,TN-21,36.4515,10.7354,Dar Chaabane El Fehri,CITE ENNOUZHA
Nabeul,TN-21,36.4515,10.7354,Dar Chaabane El Fehri,CITE ETTAKADDOUM
Nabeul,TN-21,36.4515,10.7354,Dar Chaabane El Fehri,CITE OUED EL GHOULA
Nabeul,TN-21,36.4515,10.7354,Dar Chaabane El Fehri,DAR CHAABANE ELFEHRI
Nabeul,TN-21,36.4515,10.7354,Dar Chaabane El Fehri,EL FRININE
Nabeul,TN-21,36.4515,10.7354,Dar Chaabane El Fehri,DAR CHAABANE PLAGE
Nabeul,TN-21,36.4515,10.7354,Béni Khiar,BENI KHIAR
Nabeul,TN-21,36.4515,10.7354,Béni Khiar,CITE ERRIADH
Nabeul,TN-21,36.4515,10.7354,Béni Khiar,SOMAA
Nabeul,TN-21,36.4515,10.7354,Béni Khiar,DIAR BEN SALEM
Nabeul,TN-21,36.4515,10.7354,Béni Khiar,EL HALFA
Nabeul,TN-21,36.4515,10.7354,Béni Khiar,EL MAAMOURA
Nabeul,TN-21,36.4515,10.7354,Béni Khiar,CITE BOU JAAFAR
Nabeul,TN-21,36.4515,10.7354,Béni Khiar,CITE CHAFRADA 1
Nabeul,TN-21,36.4515,10.7354,Béni Khiar,CITE CHAFRADA 2
Nabeul,TN-21,36.4515,10.7354,Béni Khiar,CITE DE LA LIBERTE
Nabeul,TN-21,36.4515,10.7354,Béni Khiar,CITE DES JEUNES
Nabeul,TN-21,36.4515,10.7354,Béni Khiar,CITE DU JARDIN
Nabeul,TN-21,36.4515,10.7354,Béni Khiar,CITE EL MANAR
Nabeul,TN-21,36.4515,10.7354,Béni Khiar,CITE EZZOUHOUR
Nabeul,TN-21,36.4515,10.7354,Béni Khiar,CITE MANSOUR
Nabeul,TN-21,36.4515,10.7354,Béni Khiar,CITE POPULAIRE 1
Nabeul,TN-21,36.4515,10.7354,Béni Khiar,GHARDAYA
Nabeul,TN-21,36.4515,10.7354,Korba,BOU LIDINE
Nabeul,TN-21,36.4515,10.7354,Korba,CITE BIR EZZITOUN
Nabeul,TN-21,36.4515,10.7354,Korba,CITE COMMERCIALE
Nabeul,TN-21,36.4515,10.7354,Korba,CITE EL KHIRI
Nabeul,TN-21,36.4515,10.7354,Korba,CITE SIDI SALEM
Nabeul,TN-21,36.4515,10.7354,Korba,CITE EL MAJREDI
Nabeul,TN-21,36.4515,10.7354,Korba,JEBEL HADDAD
Nabeul,TN-21,36.4515,10.7354,Korba,KORBA
Nabeul,TN-21,36.4515,10.7354,Korba,KORCHINE
Nabeul,TN-21,36.4515,10.7354,Korba,KSAR SAAD
Nabeul,TN-21,36.4515,10.7354,Korba,LATHLETH
Nabeul,TN-21,36.4515,10.7354,Korba,CITE ETTAAMIR
Nabeul,TN-21,36.4515,10.7354,Korba,CITE JAMAA ERRAHMA
Nabeul,TN-21,36.4515,10.7354,Korba,CITE SADOK JERBI
Nabeul,TN-21,36.4515,10.7354,Korba,CITE JERAD
Nabeul,TN-21,36.4515,10.7354,Korba,CITE JERBI
Nabeul,TN-21,36.4515,10.7354,Korba,TEBAK
Nabeul,TN-21,36.4515,10.7354,Korba,KORBA HACHED
Nabeul,TN-21,36.4515,10.7354,Korba,CITE SIDI AMOR
Nabeul,TN-21,36.4515,10.7354,Korba,TAZARKA
Nabeul,TN-21,36.4515,10.7354,Korba,DIAR EL HOJJEJ
Nabeul,TN-21,36.4515,10.7354,Korba,BOU JERIDA
Nabeul,TN-21,36.4515,10.7354,Korba,GARAAT SASSI
Nabeul,TN-21,36.4515,10.7354,Korba,BENI AICHOUN
Nabeul,TN-21,36.4515,10.7354,Korba,BENI MECHKEL
Nabeul,TN-21,36.4515,10.7354,Korba,BOU LAZHAR
Nabeul,TN-21,36.4515,10.7354,Menzel Temime,EL GHERIS
Nabeul,TN-21,36.4515,10.7354,Menzel Temime,EL GOBBA
Nabeul,TN-21,36.4515,10.7354,Menzel Temime,GARSOLINE
Nabeul,TN-21,36.4515,10.7354,Menzel Temime,KEF CHAMI
Nabeul,TN-21,36.4515,10.7354,Menzel Temime,LEBNA
Nabeul,TN-21,36.4515,10.7354,Menzel Temime,EL OUEDIANE
Nabeul,TN-21,36.4515,10.7354,Menzel Temime,SKALBA
Nabeul,TN-21,36.4515,10.7354,Menzel Temime,BENI ABDELAZIZ
Nabeul,TN-21,36.4515,10.7354,Menzel Temime,CHATT EZZOUHOUR
Nabeul,TN-21,36.4515,10.7354,Menzel Temime,CITE ETTAAMIR
Nabeul,TN-21,36.4515,10.7354,Menzel Temime,CITE POPULAIRE
Nabeul,TN-21,36.4515,10.7354,Menzel Temime,SIDI ABDELMONEM
Nabeul,TN-21,36.4515,10.7354,Menzel Temime,SIDI JAMELEDDINE
Nabeul,TN-21,36.4515,10.7354,Menzel Temime,RAININE
Nabeul,TN-21,36.4515,10.7354,Menzel Temime,LAZIDINE
Nabeul,TN-21,36.4515,10.7354,Menzel Temime,MENZEL ISSA
Nabeul,TN-21,36.4515,10.7354,Menzel Temime,MENZEL TEMIME
Nabeul,TN-21,36.4515,10.7354,Menzel Temime,CITE SIDI SALEM
Nabeul,TN-21,36.4515,10.7354,Menzel Temime,DAMOUS
Nabeul,TN-21,36.4515,10.7354,Menzel Temime,ECHAIBNI
Nabeul,TN-21,36.4515,10.7354,Menzel Temime,MENZEL HORR
Nabeul,TN-21,36.4515,10.7354,El Mida,FARTOUNA
Nabeul,TN-21,36.4515,10.7354,El Mida,AIN EL GHRAB
Nabeul,TN-21,36.4515,10.7354,El Mida,CITE DHAHRET EZZAOUIA
Nabeul,TN-21,36.4515,10.7354,El Mida,CITE ESSOUALMIA
Nabeul,TN-21,36.4515,10.7354,El Mida,EL KHELAIFA
Nabeul,TN-21,36.4515,10.7354,El Mida,EL MAISRA
Nabeul,TN-21,36.4515,10.7354,El Mida,EL MIDA
Nabeul,TN-21,36.4515,10.7354,El Mida,ERREGHINE
Nabeul,TN-21,36.4515,10.7354,El Mida,ERROUIGUETTE
Nabeul,TN-21,36.4515,10.7354,El Mida,MENZEL TOUHAMI
Nabeul,TN-21,36.4515,10.7354,El Mida,OUM DHOUIL VILLAGE
Nabeul,TN-21,36.4515,10.7354,El Mida,OUM DHOUIL ZAOUIA
Nabeul,TN-21,36.4515,10.7354,El Mida,SIDI BOU ALI
Nabeul,TN-21,36.4515,10.7354,El Mida,TEFELOUN
Nabeul,TN-21,36.4515,10.7354,Kelibia,AZMOUR
Nabeul,TN-21,36.4515,10.7354,Kelibia,BENI AYECH
Nabeul,TN-21,36.4515,10.7354,Kelibia,DAR ALLOUCHE
Nabeul,TN-21,36.4515,10.7354,Kelibia,OUED EL KHATEF
Nabeul,TN-21,36.4515,10.7354,Kelibia,KELIBIA CHARGUIA
Nabeul,TN-21,36.4515,10.7354,Kelibia,ABENE
Nabeul,TN-21,36.4515,10.7354,Kelibia,CHARAF
Nabeul,TN-21,36.4515,10.7354,Kelibia,CITE AFH
Nabeul,TN-21,36.4515,10.7354,Kelibia,CITE ASSEMMER
Nabeul,TN-21,36.4515,10.7354,Kelibia,CITE KSIBA
Nabeul,TN-21,36.4515,10.7354,Kelibia,CITE RIADH
Nabeul,TN-21,36.4515,10.7354,Kelibia,DAR CHICHOU
Nabeul,TN-21,36.4515,10.7354,Kelibia,DAR DABOUS
Nabeul,TN-21,36.4515,10.7354,Kelibia,KELIBIA
Nabeul,TN-21,36.4515,10.7354,Kelibia,KERKOUANE
Nabeul,TN-21,36.4515,10.7354,Kelibia,SIDI MADHKOUR
Nabeul,TN-21,36.4515,10.7354,Kelibia,MELLOUL
Nabeul,TN-21,36.4515,10.7354,Hammamet,CITE JARDINS
Nabeul,TN-21,36.4515,10.7354,Hammamet,HAMMAM EL GHEZAZ
Nabeul,TN-21,36.4515,10.7354,Hammamet,EZZAHRA
Nabeul,TN-21,36.4515,10.7354,Hammamet,HAMMAM JEBLI
Nabeul,TN-21,36.4515,10.7354,Hammamet,TAMAZRAT
Nabeul,TN-21,36.4515,10.7354,El Haouaria,SIDI HASSOUN
Nabeul,TN-21,36.4515,10.7354,El Haouaria,BIR EL JEDEY
Nabeul,TN-21,36.4515,10.7354,El Haouaria,EL KERMANIA
Nabeul,TN-21,36.4515,10.7354,El Haouaria,ZAOUIET EL MGAIES
Nabeul,TN-21,36.4515,10.7354,El Haouaria,BOU HBIB
Nabeul,TN-21,36.4515,10.7354,El Haouaria,EL GORFA
Nabeul,TN-21,36.4515,10.7354,El Haouaria,SAHEB JEBEL
Nabeul,TN-21,36.4515,10.7354,El Haouaria,SIDI DAOUD
Nabeul,TN-21,36.4515,10.7354,El Haouaria,BOU KRIM
Nabeul,TN-21,36.4515,10.7354,El Haouaria,BENI KHIRA
Nabeul,TN-21,36.4515,10.7354,El Haouaria,CITE EZZOUHOUR
Nabeul,TN-21,36.4515,10.7354,El Haouaria,CITE SPROLS
Nabeul,TN-21,36.4515,10.7354,El Haouaria,CITE TOURISTIQUE
Nabeul,TN-21,36.4515,10.7354,El Haouaria,EL HAOUARIA
Nabeul,TN-21,36.4515,10.7354,El Haouaria,EL KEDOUA
Nabeul,TN-21,36.4515,10.7354,El Haouaria,FERJOUN
Nabeul,TN-21,36.4515,10.7354,El Haouaria,MENZEL SALEM
Nabeul,TN-21,36.4515,10.7354,El Haouaria,TAZOUGRANE
Nabeul,TN-21,36.4515,10.7354,El Haouaria,ZOUGAG
Nabeul,TN-21,36.4515,10.7354,El Haouaria,CITE DES JEUNES
Nabeul,TN-21,36.4515,10.7354,El Haouaria,CITE DES ROUINES
Nabeul,TN-21,36.4515,10.7354,El Haouaria,CITE EL AMEL
Nabeul,TN-21,36.4515,10.7354,El Haouaria,CITE EL INTILAKA
Nabeul,TN-21,36.4515,10.7354,El Haouaria,CITE EL IZDIHAR
Nabeul,TN-21,36.4515,10.7354,El Haouaria,CITE EL KHADHRA
Nabeul,TN-21,36.4515,10.7354,El Haouaria,CITE ENNOUR
Nabeul,TN-21,36.4515,10.7354,El Haouaria,CHARAF
Nabeul,TN-21,36.4515,10.7354,El Haouaria,CITE ESSALAMA
Nabeul,TN-21,36.4515,10.7354,Takelsa,BIR MROUA
Nabeul,TN-21,36.4515,10.7354,Takelsa,CITE ERRIADH
Nabeul,TN-21,36.4515,10.7354,Takelsa,CITE POPULAIRE
Nabeul,TN-21,36.4515,10.7354,Takelsa,DOUALA
Nabeul,TN-21,36.4515,10.7354,Takelsa,EL BEKEKCHA
Nabeul,TN-21,36.4515,10.7354,Takelsa,EL BRIJ
Nabeul,TN-21,36.4515,10.7354,Takelsa,EL MAISRA
Nabeul,TN-21,36.4515,10.7354,Takelsa,GHARS  MRAD
Nabeul,TN-21,36.4515,10.7354,Takelsa,HENCHIR CHEDLI
Nabeul,TN-21,36.4515,10.7354,Takelsa,OUED EL ABID
Nabeul,TN-21,36.4515,10.7354,Takelsa,RAMEL
Nabeul,TN-21,36.4515,10.7354,Takelsa,RTIBA
Nabeul,TN-21,36.4515,10.7354,Takelsa,SIDI ISSA
Nabeul,TN-21,36.4515,10.7354,Takelsa,TAKELSA
Nabeul,TN-21,36.4515,10.7354,Soliman,BOU CHARRAY
Nabeul,TN-21,36.4515,10.7354,Soliman,MERAISSA
Nabeul,TN-21,36.4515,10.7354,Soliman,CHERIFATE
Nabeul,TN-21,36.4515,10.7354,Soliman,CITE HOTEL DES ANDALOUS
Nabeul,TN-21,36.4515,10.7354,Soliman,CITE NOUVELLE
Nabeul,TN-21,36.4515,10.7354,Soliman,CITE SPROLS
Nabeul,TN-21,36.4515,10.7354,Soliman,DHAHRI
Nabeul,TN-21,36.4515,10.7354,Soliman,EL ABEBSA
Nabeul,TN-21,36.4515,10.7354,Soliman,EL MARJA
Nabeul,TN-21,36.4515,10.7354,Soliman,SOLIMAN
Nabeul,TN-21,36.4515,10.7354,Soliman,KORBOUS
Nabeul,TN-21,36.4515,10.7354,Soliman,CITE GHARNATA
Nabeul,TN-21,36.4515,10.7354,Menzel Bouzelfa,DAR TAKELSA
Nabeul,TN-21,36.4515,10.7354,Menzel Bouzelfa,EL ARIMA
Nabeul,TN-21,36.4515,10.7354,Menzel Bouzelfa,KALBOUSI
Nabeul,TN-21,36.4515,10.7354,Menzel Bouzelfa,KSIRAT
Nabeul,TN-21,36.4515,10.7354,Menzel Bouzelfa,BEDAR
Nabeul,TN-21,36.4515,10.7354,Menzel Bouzelfa,BENI GHANEM
Nabeul,TN-21,36.4515,10.7354,Menzel Bouzelfa,BENI JANNET
Nabeul,TN-21,36.4515,10.7354,Menzel Bouzelfa,BOUCHRIK
Nabeul,TN-21,36.4515,10.7354,Menzel Bouzelfa,CHARFINE
Nabeul,TN-21,36.4515,10.7354,Menzel Bouzelfa,CITE AHMED OTHMAN
Nabeul,TN-21,36.4515,10.7354,Menzel Bouzelfa,CITE AZAIEZ
Nabeul,TN-21,36.4515,10.7354,Menzel Bouzelfa,CITE BAHROUN
Nabeul,TN-21,36.4515,10.7354,Menzel Bouzelfa,CITE BEN HJEL
Nabeul,TN-21,36.4515,10.7354,Menzel Bouzelfa,CITE CHAAFOURI
Nabeul,TN-21,36.4515,10.7354,Menzel Bouzelfa,CITE CHEIKH
Nabeul,TN-21,36.4515,10.7354,Menzel Bouzelfa,CITE CHERIF
Nabeul,TN-21,36.4515,10.7354,Menzel Bouzelfa,CITE DAGHBAGI
Nabeul,TN-21,36.4515,10.7354,Menzel Bouzelfa,CITE ENNOUZHA
Nabeul,TN-21,36.4515,10.7354,Menzel Bouzelfa,CITE ESSAHLI
Nabeul,TN-21,36.4515,10.7354,Menzel Bouzelfa,CITE ETTAHRIR
Nabeul,TN-21,36.4515,10.7354,Menzel Bouzelfa,CITE JEMMALI
Nabeul,TN-21,36.4515,10.7354,Menzel Bouzelfa,CITE LAROUI
Nabeul,TN-21,36.4515,10.7354,Menzel Bouzelfa,CITE MUNICIPALE BARKET
Nabeul,TN-21,36.4515,10.7354,Menzel Bouzelfa,CITE NEGUIRA
Nabeul,TN-21,36.4515,10.7354,Menzel Bouzelfa,CITE SOUIHLI
Nabeul,TN-21,36.4515,10.7354,Menzel Bouzelfa,CITE SOUISSI
Nabeul,TN-21,36.4515,10.7354,Menzel Bouzelfa,DAMOUS EL HAJJA
Nabeul,TN-21,36.4515,10.7354,Menzel Bouzelfa,DAR JOUNDI
Nabeul,TN-21,36.4515,10.7354,Menzel Bouzelfa,DAR NADER
Nabeul,TN-21,36.4515,10.7354,Menzel Bouzelfa,MENZEL BOUZELFA
Nabeul,TN-21,36.4515,10.7354,Menzel Bouzelfa,OUED SIDI SAID
Nabeul,TN-21,36.4515,10.7354,Menzel Bouzelfa,ZENGOU
Nabeul,TN-21,36.4515,10.7354,Menzel Bouzelfa,ZENICH
Nabeul,TN-21,36.4515,10.7354,Menzel Bouzelfa,ERRAHMA
Nabeul,TN-21,36.4515,10.7354,Béni Khalled,CITE ACHIBET AMOR
Nabeul,TN-21,36.4515,10.7354,Béni Khalled,CITE AIR NOUVELLE
Nabeul,TN-21,36.4515,10.7354,Béni Khalled,CITE ALAYA YAKOUBI
Nabeul,TN-21,36.4515,10.7354,Béni Khalled,CITE BEN ROMDHANE
Nabeul,TN-21,36.4515,10.7354,Béni Khalled,CITE CHELBIA OUMAYA
Nabeul,TN-21,36.4515,10.7354,Béni Khalled,CITE DAGHROUR
Nabeul,TN-21,36.4515,10.7354,Béni Khalled,CITE DES JEUNES
Nabeul,TN-21,36.4515,10.7354,Béni Khalled,CITE DU PRINTEMPS
Nabeul,TN-21,36.4515,10.7354,Béni Khalled,CITE EL GAIED
Nabeul,TN-21,36.4515,10.7354,Béni Khalled,CITE ESSALEM
Nabeul,TN-21,36.4515,10.7354,Béni Khalled,CITE ETTAAMIR
Nabeul,TN-21,36.4515,10.7354,Béni Khalled,CITE EZZAOUCH
Nabeul,TN-21,36.4515,10.7354,Béni Khalled,CITE EZZOUHOUR
Nabeul,TN-21,36.4515,10.7354,Béni Khalled,CITE LATRECH
Nabeul,TN-21,36.4515,10.7354,Béni Khalled,CITE MEKKI
Nabeul,TN-21,36.4515,10.7354,Béni Khalled,CITE MOKHTAR RHOUMA
Nabeul,TN-21,36.4515,10.7354,Béni Khalled,CITE SIDI BOU YAHIA
Nabeul,TN-21,36.4515,10.7354,Béni Khalled,CITE SOUISSI
Nabeul,TN-21,36.4515,10.7354,Béni Khalled,CITE EL HOUDA
Nabeul,TN-21,36.4515,10.7354,Béni Khalled,CITE ERRIADH 1
Nabeul,TN-21,36.4515,10.7354,Béni Khalled,CITE ERRIADH 2
Nabeul,TN-21,36.4515,10.7354,Béni Khalled,CITE JARDINS 1
Nabeul,TN-21,36.4515,10.7354,Béni Khalled,CITE JARDINS 2
Nabeul,TN-21,36.4515,10.7354,Béni Khalled,CITE SIDI BOU SAID
Nabeul,TN-21,36.4515,10.7354,Béni Khalled,ZAOUIET JEDIDI
Nabeul,TN-21,36.4515,10.7354,Béni Khalled,BIR DRASSEN
Nabeul,TN-21,36.4515,10.7354,Béni Khalled,BENI KHALLED
Nabeul,TN-21,36.4515,10.7354,Grombalia,Radès
Nabeul,TN-21,36.4515,10.7354,Bou Argoub,CITE MOHAMED ALI
Nabeul,TN-21,36.4515,10.7354,Bou Argoub,FONDOUK JEDID
Nabeul,TN-21,36.4515,10.7354,Bou Argoub,SELTENE
Nabeul,TN-21,36.4515,10.7354,Bou Argoub,KHOUS
Nabeul,TN-21,36.4515,10.7354,Bou Argoub,CITE CEBALA
Nabeul,TN-21,36.4515,10.7354,Bou Argoub,BATROU
Nabeul,TN-21,36.4515,10.7354,Bou Argoub,CITE DE LA POLICE
Nabeul,TN-21,36.4515,10.7354,Bou Argoub,CITE EDDAMOUS
Nabeul,TN-21,36.4515,10.7354,Bou Argoub,AIN TEBOURNOK
Nabeul,TN-21,36.4515,10.7354,Bou Argoub,JEBEL TRIF
Nabeul,TN-21,36.4515,10.7354,Bou Argoub,ZEMNIT
Nabeul,TN-21,36.4515,10.7354,Bou Argoub,CITE EZZOUHOUR
Nabeul,TN-21,36.4515,10.7354,Bou Argoub,CITE EL MANDRA
Nabeul,TN-21,36.4515,10.7354,Bou Argoub,CITE EL OUERDIA
Nabeul,TN-21,36.4515,10.7354,Bou Argoub,CITE BEN ZAIED
Nabeul,TN-21,36.4515,10.7354,Bou Argoub,BELLI HALTE
Nabeul,TN-21,36.4515,10.7354,Bou Argoub,CITE ERRIADH
Nabeul,TN-21,36.4515,10.7354,Bou Argoub,CITE ESSOMBOULA
Nabeul,TN-21,36.4515,10.7354,Bou Argoub,CITE MONGI SLIM
Nabeul,TN-21,36.4515,10.7354,Bou Argoub,CITE SNIT
Nabeul,TN-21,36.4515,10.7354,Bou Argoub,CITE TAIEB MHIRI
Nabeul,TN-21,36.4515,10.7354,Bou Argoub,CITE TAREK IBN ZIED
Nabeul,TN-21,36.4515,10.7354,Bou Argoub,CITE VALENZA
Nabeul,TN-21,36.4515,10.7354,Bou Argoub,EL ARGOUB JEDID
Nabeul,TN-21,36.4515,10.7354,Bou Argoub,EL KARMIA
Nabeul,TN-21,36.4515,10.7354,Bou Argoub,EL KHOUINE
Nabeul,TN-21,36.4515,10.7354,Bou Argoub,EL KOBBA EL KEBIRA
Nabeul,TN-21,36.4515,10.7354,Bou Argoub,EL MHEDHBA
Nabeul,TN-21,36.4515,10.7354,Bou Argoub,GROMBALIA
Nabeul,TN-21,36.4515,10.7354,Bou Argoub,HENCHIR ETTOUTA
Nabeul,TN-21,36.4515,10.7354,Bou Argoub,KHANGUET GARE
Nabeul,TN-21,36.4515,10.7354,Bou Argoub,NOUEL
Nabeul,TN-21,36.4515,10.7354,Bou Argoub,SAMMACH
Nabeul,TN-21,36.4515,10.7354,Bou Argoub,NIANOU
Nabeul,TN-21,36.4515,10.7354,Bou Argoub,KHANGUET EL HOJJAJ
Nabeul,TN-21,36.4515,10.7354,Bou Argoub,TURKI
Nabeul,TN-21,36.4515,10.7354,Bou Argoub,GROMBALIA EZZOUHOUR
Nabeul,TN-21,36.4515,10.7354,Bou Argoub,CITE IBN KHALDOUN
Nabeul,TN-21,36.4515,10.7354,Bou Argoub,CITE JARDINS
Nabeul,TN-21,36.4515,10.7354,Bou Argoub,CITE DES JUGES
Nabeul,TN-21,36.4515,10.7354,Bou Argoub,CITE DHAMENE
Nabeul,TN-21,36.4515,10.7354,Bou Argoub,BENI AYECH
Nabeul,TN-21,36.4515,10.7354,Bou Argoub,CITE ANTAR
Nabeul,TN-21,36.4515,10.7354,Bou Argoub,CITE 7 NOVEMBRE
Nabeul,TN-21,36.4515,10.7354,Bou Argoub,CITE BEN ATTAYA
Nabeul,TN-21,36.4515,10.7354,Bou Argoub,CITE AFH
Nabeul,TN-21,36.4515,10.7354,Hammamet,CHATT EL KHALIJ
Nabeul,TN-21,36.4515,10.7354,Hammamet,CITE ENNADHOUR
Nabeul,TN-21,36.4515,10.7354,Hammamet,CITE ERRIADH
Nabeul,TN-21,36.4515,10.7354,Hammamet,CITE IBN BADIS
Nabeul,TN-21,36.4515,10.7354,Hammamet,CITE KHEIREDDINE PACHA
Nabeul,TN-21,36.4515,10.7354,Hammamet,CITE MILITAIRE
Nabeul,TN-21,36.4515,10.7354,Hammamet,CITE MOUSSA IBN NOUSSAIER
Nabeul,TN-21,36.4515,10.7354,Hammamet,CITE OKBA IBN NAAFA
Nabeul,TN-21,36.4515,10.7354,Hammamet,CITE SANIT SHEIKH
Nabeul,TN-21,36.4515,10.7354,Hammamet,ECHAK
Nabeul,TN-21,36.4515,10.7354,Hammamet,CITE EL IZDIHAR
Nabeul,TN-21,36.4515,10.7354,Hammamet,HAMMAMET
Nabeul,TN-21,36.4515,10.7354,Hammamet,RESIDENCE ELLISSA
Nabeul,TN-21,36.4515,10.7354,Hammamet,RESIDENCE ENNACIM
Nabeul,TN-21,36.4515,10.7354,Hammamet,SIDI HMED
Nabeul,TN-21,36.4515,10.7354,Hammamet,CITE EL KHARROUB
Nabeul,TN-21,36.4515,10.7354,Hammamet,CITE EL KSOUR
Nabeul,TN-21,36.4515,10.7354,Hammamet,CITE EL YASMINE
Nabeul,TN-21,36.4515,10.7354,Hammamet,CITE ESTAH
Nabeul,TN-21,36.4515,10.7354,Hammamet,CITE JAWAHER1
Nabeul,TN-21,36.4515,10.7354,Hammamet,CITE JAWAHER2
Nabeul,TN-21,36.4515,10.7354,Hammamet,CITE MERZGUI
Nabeul,TN-21,36.4515,10.7354,Hammamet,CITE SNIT
Nabeul,TN-21,36.4515,10.7354,Hammamet,ZONE HOTELIERE
Nabeul,TN-21,36.4515,10.7354,Hammamet,BARRAKET ESSAHEL
Nabeul,TN-21,36.4515,10.7354,Hammamet,CITE AFH
Nabeul,TN-21,36.4515,10.7354,Hammamet,CITE CHATTELES
Nabeul,TN-21,36.4515,10.7354,Hammamet,CITE SIDI ALI
Nabeul,TN-21,36.4515,10.7354,Hammamet,CITE SNIT 1
Nabeul,TN-21,36.4515,10.7354,Hammamet,SIDI JEDIDI
Nabeul,TN-21,36.4515,10.7354,Hammamet,BIR BOUREGBA
Nabeul,TN-21,36.4515,10.7354,Hammamet,CITE BIR CHAABA
Nabeul,TN-21,36.4515,10.7354,Hammamet,CITE BOUSLAMA
Nabeul,TN-21,36.4515,10.7354,Hammamet,CITE CHRAF
Nabeul,TN-21,36.4515,10.7354,Hammamet,CITE ECOLE
Nabeul,TN-21,36.4515,10.7354,Hammamet,CITE EL BEKKEY
Nabeul,TN-21,36.4515,10.7354,Hammamet,CITE EL FAWARA
Nabeul,TN-21,36.4515,10.7354,Hammamet,CITE EL INTILAKA
Nabeul,TN-21,36.4515,10.7354,Hammamet,CITE EL MELLASSINE
Nabeul,TN-21,36.4515,10.7354,Hammamet,CITE ENNAIM
Nabeul,TN-21,36.4515,10.7354,Hammamet,CITE ESSAFSAF
Nabeul,TN-21,36.4515,10.7354,Hammamet,CITE SNIT 2
Nabeul,TN-21,36.4515,10.7354,Hammamet,CITE GARDE NATIONALE
Nabeul,TN-21,36.4515,10.7354,Hammamet,CHAABET EL MREZGA
Nabeul,TN-21,36.4515,10.7354,Hammamet,CITE HARBOUN 1
Bizerte,TN-23,37.2744,9.8739,Bizerte Nord,CITE BELVEDERE
Bizerte,TN-23,37.2744,9.8739,Bizerte Nord,CITE BOUGATFA
Bizerte,TN-23,37.2744,9.8739,Bizerte Nord,CITE DE LA MUNICIPALITE
Bizerte,TN-23,37.2744,9.8739,Bizerte Nord,CITE ERRIADH
Bizerte,TN-23,37.2744,9.8739,Bizerte Nord,CITE HASSEN NOURI
Bizerte,TN-23,37.2744,9.8739,Bizerte Nord,CITE NOUVELLE PLAGE
Bizerte,TN-23,37.2744,9.8739,Bizerte Nord,KSIBA
Bizerte,TN-23,37.2744,9.8739,Bizerte Nord,CITE EL MORJENE 4
Bizerte,TN-23,37.2744,9.8739,Bizerte Nord,CITE RAFAHA 1
Bizerte,TN-23,37.2744,9.8739,Bizerte Nord,CITE RAFAHA 2
Bizerte,TN-23,37.2744,9.8739,Bizerte Nord,BIZERTE BAB MATEUR
Bizerte,TN-23,37.2744,9.8739,Bizerte Nord,SIDI AHMED
Bizerte,TN-23,37.2744,9.8739,Bizerte Nord,BIZERTE BOUGATFA
Bizerte,TN-23,37.2744,9.8739,Bizerte Nord,CITE AFH
Bizerte,TN-23,37.2744,9.8739,Bizerte Nord,CITE AIN MERIEM
Bizerte,TN-23,37.2744,9.8739,Bizerte Nord,CITE BOUGATFA 2
Bizerte,TN-23,37.2744,9.8739,Bizerte Nord,CITE DE LA POLICE
Bizerte,TN-23,37.2744,9.8739,Bizerte Nord,CITE EL KORNICHE 1
Bizerte,TN-23,37.2744,9.8739,Bizerte Nord,CITE DE PARIS
Bizerte,TN-23,37.2744,9.8739,Bizerte Nord,CITE EL HANA
Bizerte,TN-23,37.2744,9.8739,Bizerte Nord,CITE ENNACIM
Bizerte,TN-23,37.2744,9.8739,Bizerte Nord,CITE ERRAOUABI
Bizerte,TN-23,37.2744,9.8739,Bizerte Nord,OUED EL MARJ
Bizerte,TN-23,37.2744,9.8739,Bizerte Nord,ENNADHOUR
Bizerte,TN-23,37.2744,9.8739,Bizerte Nord,FEJJET ERRIH
Bizerte,TN-23,37.2744,9.8739,Bizerte Nord,KSAR LAHMAR
Bizerte,TN-23,37.2744,9.8739,Bizerte Nord,MARNISSA
Bizerte,TN-23,37.2744,9.8739,Bizerte Nord,CITE DE LA SANTE
Bizerte,TN-23,37.2744,9.8739,Bizerte Nord,CITE EL KORNICHE 3
Bizerte,TN-23,37.2744,9.8739,Bizerte Nord,CITE EL KORNICHE 2
Bizerte,TN-23,37.2744,9.8739,Bizerte Nord,CITE MILITAIRE
Bizerte,TN-23,37.2744,9.8739,Bizerte Nord,CITE CHOUROUK SIDI SALEM
Bizerte,TN-23,37.2744,9.8739,Bizerte Nord,CITE EL MORJENE 3
Bizerte,TN-23,37.2744,9.8739,Bizerte Nord,BIZERTE
Bizerte,TN-23,37.2744,9.8739,Bizerte Nord,CITE AIN MARIEM
Bizerte,TN-23,37.2744,9.8739,Jarzouna,CITE BEN AROUS
Bizerte,TN-23,37.2744,9.8739,Jarzouna,CITE BOUCHOUCHA 2
Bizerte,TN-23,37.2744,9.8739,Jarzouna,CITE CALYPTUS
Bizerte,TN-23,37.2744,9.8739,Jarzouna,CITE DU SOLEIL
Bizerte,TN-23,37.2744,9.8739,Jarzouna,CITE ENNACIM
Bizerte,TN-23,37.2744,9.8739,Jarzouna,CITE ERRAJA 1
Bizerte,TN-23,37.2744,9.8739,Jarzouna,CITE ERRAJA 2
Bizerte,TN-23,37.2744,9.8739,Jarzouna,CITE ERRAJA 3
Bizerte,TN-23,37.2744,9.8739,Jarzouna,CITE ERRIMEL
Bizerte,TN-23,37.2744,9.8739,Jarzouna,CITE ERRSASS
Bizerte,TN-23,37.2744,9.8739,Jarzouna,CITE ESCALIERS
Bizerte,TN-23,37.2744,9.8739,Jarzouna,CITE ESSADAKA
Bizerte,TN-23,37.2744,9.8739,Jarzouna,CITE GABSI
Bizerte,TN-23,37.2744,9.8739,Jarzouna,CITE HAMDOUN
Bizerte,TN-23,37.2744,9.8739,Jarzouna,CITE JAZIRI
Bizerte,TN-23,37.2744,9.8739,Jarzouna,CITE LUNE
Bizerte,TN-23,37.2744,9.8739,Jarzouna,CITE MOHAMED CHEHIMI
Bizerte,TN-23,37.2744,9.8739,Jarzouna,CITE NOUVELLE
Bizerte,TN-23,37.2744,9.8739,Jarzouna,JARZOUNA
Bizerte,TN-23,37.2744,9.8739,Bizerte Sud,CITE EL MOUROUJ
Bizerte,TN-23,37.2744,9.8739,Bizerte Sud,CITE MILITAIRE
Bizerte,TN-23,37.2744,9.8739,Bizerte Sud,LA PECHERIE
Bizerte,TN-23,37.2744,9.8739,Bizerte Sud,METHLINE
Bizerte,TN-23,37.2744,9.8739,Bizerte Sud,AIN EL BERDA
Bizerte,TN-23,37.2744,9.8739,Bizerte Sud,AIN JENANE
Bizerte,TN-23,37.2744,9.8739,Bizerte Sud,EL MRAZIG
Bizerte,TN-23,37.2744,9.8739,Bizerte Sud,TESKRAYA
Bizerte,TN-23,37.2744,9.8739,Bizerte Sud,LOUATA
Bizerte,TN-23,37.2744,9.8739,Bizerte Sud,BOU ZARIA
Bizerte,TN-23,37.2744,9.8739,Bizerte Sud,BIZERTE HACHED
Bizerte,TN-23,37.2744,9.8739,Bizerte Sud,BORJ CHALLOUF
Bizerte,TN-23,37.2744,9.8739,Sejnane,CITE DU PROJET
Bizerte,TN-23,37.2744,9.8739,Sejnane,CITE EL BASSATINE
Bizerte,TN-23,37.2744,9.8739,Sejnane,CITE EL GHABETTE
Bizerte,TN-23,37.2744,9.8739,Sejnane,CITE EL MOUASKER
Bizerte,TN-23,37.2744,9.8739,Sejnane,CITE ESSAADA
Bizerte,TN-23,37.2744,9.8739,Sejnane,CITE EZZOUHOUR
Bizerte,TN-23,37.2744,9.8739,Sejnane,CITE EZZOUHOUR 2
Bizerte,TN-23,37.2744,9.8739,Sejnane,CITE IBN KHALDOUN
Bizerte,TN-23,37.2744,9.8739,Sejnane,CITE KHALED IBN EL WALID
Bizerte,TN-23,37.2744,9.8739,Sejnane,CITE MOUGAAD
Bizerte,TN-23,37.2744,9.8739,Sejnane,CITE SIDI MANSOUR
Bizerte,TN-23,37.2744,9.8739,Sejnane,TOUAJNIA
Bizerte,TN-23,37.2744,9.8739,Sejnane,CITE TAIEB MHIRI
Bizerte,TN-23,37.2744,9.8739,Sejnane,DHOUAHRIA
Bizerte,TN-23,37.2744,9.8739,Sejnane,CITE AIR NOUVELLE
Bizerte,TN-23,37.2744,9.8739,Sejnane,CITE AOUASSIA
Bizerte,TN-23,37.2744,9.8739,Sejnane,CITE COMMERCIALE
Bizerte,TN-23,37.2744,9.8739,Sejnane,CITE DES MINES
Bizerte,TN-23,37.2744,9.8739,Sejnane,CITE DES OUVRIERS
Bizerte,TN-23,37.2744,9.8739,Sejnane,EL ABEBSA
Bizerte,TN-23,37.2744,9.8739,Sejnane,EL MRIFEG
Bizerte,TN-23,37.2744,9.8739,Sejnane,ESSMAYRIA
Bizerte,TN-23,37.2744,9.8739,Sejnane,EL HANIA
Bizerte,TN-23,37.2744,9.8739,Sejnane,HADDADA
Bizerte,TN-23,37.2744,9.8739,Sejnane,SEJNANE
Bizerte,TN-23,37.2744,9.8739,Sejnane,SIDI MACHREG
Bizerte,TN-23,37.2744,9.8739,Sejnane,TAMRA
Bizerte,TN-23,37.2744,9.8739,Sejnane,EL GUETMA
Bizerte,TN-23,37.2744,9.8739,Joumine,BAZINA
Bizerte,TN-23,37.2744,9.8739,Joumine,JOUMINE
Bizerte,TN-23,37.2744,9.8739,Joumine,SAYAH
Bizerte,TN-23,37.2744,9.8739,Joumine,SMADAH
Bizerte,TN-23,37.2744,9.8739,Mateur,BORJ EL ADOUANI
Bizerte,TN-23,37.2744,9.8739,Mateur,CITE HACHED
Bizerte,TN-23,37.2744,9.8739,Mateur,ETTAREF
Bizerte,TN-23,37.2744,9.8739,Mateur,HENCHIR EL KAHLA
Bizerte,TN-23,37.2744,9.8739,Mateur,JABOUZ
Bizerte,TN-23,37.2744,9.8739,Mateur,MATEUR HACHED
Bizerte,TN-23,37.2744,9.8739,Mateur,OUM JENNA
Bizerte,TN-23,37.2744,9.8739,Mateur,SIDI SALEM
Bizerte,TN-23,37.2744,9.8739,Mateur,CITE DE LA FRATERNITE
Bizerte,TN-23,37.2744,9.8739,Mateur,CITE EZZOUHOUR
Bizerte,TN-23,37.2744,9.8739,Mateur,CITE KHEMOUMA
Bizerte,TN-23,37.2744,9.8739,Mateur,CITE DE LA GARE
Bizerte,TN-23,37.2744,9.8739,Mateur,CITE EL MANAR
Bizerte,TN-23,37.2744,9.8739,Mateur,CITE EL OMRANE 1
Bizerte,TN-23,37.2744,9.8739,Mateur,CITE EL OMRANE 2
Bizerte,TN-23,37.2744,9.8739,Mateur,CITE EL OMRANE 3
Bizerte,TN-23,37.2744,9.8739,Mateur,CITE MONTAZAH
Bizerte,TN-23,37.2744,9.8739,Mateur,CITE SNIT
Bizerte,TN-23,37.2744,9.8739,Mateur,CITE ZARROUK
Bizerte,TN-23,37.2744,9.8739,Mateur,CITE EL OMRANE 4
Bizerte,TN-23,37.2744,9.8739,Mateur,EL AOUANA
Bizerte,TN-23,37.2744,9.8739,Mateur,CITE ENNAHDHA
Bizerte,TN-23,37.2744,9.8739,Mateur,JEBEL ICHKEUL
Bizerte,TN-23,37.2744,9.8739,Mateur,MATEUR
Bizerte,TN-23,37.2744,9.8739,Mateur,SIDI MANSOUR
Bizerte,TN-23,37.2744,9.8739,Mateur,CITE ENNASR
Bizerte,TN-23,37.2744,9.8739,Mateur,CITE ERRAJA 1
Bizerte,TN-23,37.2744,9.8739,Mateur,CITE ERRAJA 2
Bizerte,TN-23,37.2744,9.8739,Mateur,CITE ERRAJA 3
Bizerte,TN-23,37.2744,9.8739,Mateur,SIDI NSIR
Bizerte,TN-23,37.2744,9.8739,Mateur,SOUIDIA
Bizerte,TN-23,37.2744,9.8739,Mateur,TEHENT
Bizerte,TN-23,37.2744,9.8739,Mateur,CITE ESSADAKA
Bizerte,TN-23,37.2744,9.8739,Mateur,HENCHIR EL BERNA
Bizerte,TN-23,37.2744,9.8739,Ghezala,AIN REKOUB
Bizerte,TN-23,37.2744,9.8739,Ghezala,BENI BRAHIM
Bizerte,TN-23,37.2744,9.8739,Ghezala,BOU JRIR
Bizerte,TN-23,37.2744,9.8739,Ghezala,CITE AFH
Bizerte,TN-23,37.2744,9.8739,Ghezala,CITE BORJ DEHEB
Bizerte,TN-23,37.2744,9.8739,Ghezala,CITE RURALE
Bizerte,TN-23,37.2744,9.8739,Ghezala,CITE SNIT
Bizerte,TN-23,37.2744,9.8739,Ghezala,EL ATIBA
Bizerte,TN-23,37.2744,9.8739,Ghezala,EL GARIA
Bizerte,TN-23,37.2744,9.8739,Ghezala,EL JAFNA
Bizerte,TN-23,37.2744,9.8739,Ghezala,GHEZALA
Bizerte,TN-23,37.2744,9.8739,Ghezala,HENCHIR ETTOUILA
Bizerte,TN-23,37.2744,9.8739,Ghezala,LAOUILIA
Bizerte,TN-23,37.2744,9.8739,Ghezala,OUED EZZITOUN
Bizerte,TN-23,37.2744,9.8739,Ghezala,OULED EL MAY
Bizerte,TN-23,37.2744,9.8739,Menzel Bourguiba,JOUAOUDA
Bizerte,TN-23,37.2744,9.8739,Menzel Bourguiba,CITE BEN ALEYA
Bizerte,TN-23,37.2744,9.8739,Menzel Bourguiba,CITE DE LA DOUANE
Bizerte,TN-23,37.2744,9.8739,Menzel Bourguiba,CITE LA RUCHE
Bizerte,TN-23,37.2744,9.8739,Menzel Bourguiba,CITE NOUVELLE
Bizerte,TN-23,37.2744,9.8739,Menzel Bourguiba,CITE SIDI YAHYA
Bizerte,TN-23,37.2744,9.8739,Menzel Bourguiba,MENZEL BOURGUIBA
Bizerte,TN-23,37.2744,9.8739,Menzel Bourguiba,MENZEL BOURGUIBA ENNAJAH
Bizerte,TN-23,37.2744,9.8739,Tinja,CITE DOUAR CHATT
Bizerte,TN-23,37.2744,9.8739,Tinja,CITE EL FATEH
Bizerte,TN-23,37.2744,9.8739,Tinja,CITE EL FOULADH
Bizerte,TN-23,37.2744,9.8739,Tinja,CITE EL KHADHRAOUI
Bizerte,TN-23,37.2744,9.8739,Tinja,CITE IKBAL
Bizerte,TN-23,37.2744,9.8739,Tinja,CITE SIDI REZIG
Bizerte,TN-23,37.2744,9.8739,Tinja,CITE SPROLS
Bizerte,TN-23,37.2744,9.8739,Tinja,CITE ZGHABA
Bizerte,TN-23,37.2744,9.8739,Tinja,KHARRATA
Bizerte,TN-23,37.2744,9.8739,Tinja,TINJA
Bizerte,TN-23,37.2744,9.8739,Tinja,AIN FAROUA
Bizerte,TN-23,37.2744,9.8739,Tinja,CITE DE LE LIBERTE
Bizerte,TN-23,37.2744,9.8739,Utique,CITE EJJAMAA
Bizerte,TN-23,37.2744,9.8739,Utique,CITE EZZAYATINE
Bizerte,TN-23,37.2744,9.8739,Utique,CITE HOUMET SOUK
Bizerte,TN-23,37.2744,9.8739,Utique,GHORNATA
Bizerte,TN-23,37.2744,9.8739,Utique,LAHOUIDH
Bizerte,TN-23,37.2744,9.8739,Utique,UTIQUE
Bizerte,TN-23,37.2744,9.8739,Utique,UTIQUE NOUVELLE
Bizerte,TN-23,37.2744,9.8739,Utique,AIN GHELAL
Bizerte,TN-23,37.2744,9.8739,Utique,AIN SMARA
Bizerte,TN-23,37.2744,9.8739,Utique,EL BESBASSIA
Bizerte,TN-23,37.2744,9.8739,Utique,EL BHALIL CHARGUI
Bizerte,TN-23,37.2744,9.8739,Utique,EL BRIJ
Bizerte,TN-23,37.2744,9.8739,Utique,EL FEJJA
Bizerte,TN-23,37.2744,9.8739,Utique,DEGMA
Bizerte,TN-23,37.2744,9.8739,Utique,EL MABTOUH
Bizerte,TN-23,37.2744,9.8739,Utique,ESSAKAK
Bizerte,TN-23,37.2744,9.8739,Utique,SIDI OTHMAN
Bizerte,TN-23,37.2744,9.8739,Utique,BACH HAMBA
Bizerte,TN-23,37.2744,9.8739,Utique,CITE BOURGUIBA
Bizerte,TN-23,37.2744,9.8739,Utique,CITE CHATEAU D EAU
Bizerte,TN-23,37.2744,9.8739,Utique,CITE DE LA LAITERIE
Bizerte,TN-23,37.2744,9.8739,Utique,CITE DE LA POSTE
Bizerte,TN-23,37.2744,9.8739,Ghar El Melh,CITE 7 NOVEMBRE
Bizerte,TN-23,37.2744,9.8739,Ghar El Melh,CITE 9 AVRIL
Bizerte,TN-23,37.2744,9.8739,Ghar El Melh,CITE EL AMEN
Bizerte,TN-23,37.2744,9.8739,Ghar El Melh,CITE EL MOUROUJ
Bizerte,TN-23,37.2744,9.8739,Ghar El Melh,CITE KHALED IBN EL WALID
Bizerte,TN-23,37.2744,9.8739,Ghar El Melh,CITE NOUVELLE
Bizerte,TN-23,37.2744,9.8739,Ghar El Melh,EL AOUSJA
Bizerte,TN-23,37.2744,9.8739,Ghar El Melh,TOUIBIA
Bizerte,TN-23,37.2744,9.8739,Ghar El Melh,ZOUAOUINE
Bizerte,TN-23,37.2744,9.8739,Ghar El Melh,BAJOU
Bizerte,TN-23,37.2744,9.8739,Ghar El Melh,GHAR EL MELH
Bizerte,TN-23,37.2744,9.8739,Menzel Jemil,CITE 7 NOVEMBRE
Bizerte,TN-23,37.2744,9.8739,Menzel Jemil,CITE DES ORANGES
Bizerte,TN-23,37.2744,9.8739,Menzel Jemil,CITE EL HABIB (EL AZIB)
Bizerte,TN-23,37.2744,9.8739,Menzel Jemil,CITE RURALE 1
Bizerte,TN-23,37.2744,9.8739,Menzel Jemil,CITE RURALE 2
Bizerte,TN-23,37.2744,9.8739,Menzel Jemil,EL AZIB
Bizerte,TN-23,37.2744,9.8739,Menzel Jemil,HENCHIR EL MOUKAOUIMINE
Bizerte,TN-23,37.2744,9.8739,Menzel Jemil,MAGHRAOUA
Bizerte,TN-23,37.2744,9.8739,Menzel Jemil,CITE BIR HMEM
Bizerte,TN-23,37.2744,9.8739,Menzel Jemil,CITE CHAMELLE
Bizerte,TN-23,37.2744,9.8739,Menzel Jemil,CITE DRISS BEN FREJ
Bizerte,TN-23,37.2744,9.8739,Menzel Jemil,CITE EL MAKAREM
Bizerte,TN-23,37.2744,9.8739,Menzel Jemil,CITE ETTAHRIR
Bizerte,TN-23,37.2744,9.8739,Menzel Jemil,CITE ETTAKADDOUM
Bizerte,TN-23,37.2744,9.8739,Menzel Jemil,CITE INDEPENDANCE
Bizerte,TN-23,37.2744,9.8739,Menzel Jemil,EL AIN EL KEBIRA
Bizerte,TN-23,37.2744,9.8739,Menzel Jemil,MENZEL ABDERRAHMAN
Bizerte,TN-23,37.2744,9.8739,Menzel Jemil,CITE BIR REMEL
Bizerte,TN-23,37.2744,9.8739,Menzel Jemil,CITE EL AHLEM
Bizerte,TN-23,37.2744,9.8739,Menzel Jemil,CITE EL BAALI
Bizerte,TN-23,37.2744,9.8739,Menzel Jemil,CITE EL BATAN
Bizerte,TN-23,37.2744,9.8739,Menzel Jemil,CITE EL HABIB (MENZEL JEMIL)
Bizerte,TN-23,37.2744,9.8739,Menzel Jemil,CITE EL HADDADIA
Bizerte,TN-23,37.2744,9.8739,Menzel Jemil,CITE EL HBESS
Bizerte,TN-23,37.2744,9.8739,Menzel Jemil,CITE ENNOUZHA
Bizerte,TN-23,37.2744,9.8739,Menzel Jemil,CITE ETTAFFALA
Bizerte,TN-23,37.2744,9.8739,Menzel Jemil,CITE HABIB ARIFA
Bizerte,TN-23,37.2744,9.8739,Menzel Jemil,CITE NOUVELLE
Bizerte,TN-23,37.2744,9.8739,Menzel Jemil,MENZEL JEMIL
Bizerte,TN-23,37.2744,9.8739,El Alia,CITE INDEPENDANCE
Bizerte,TN-23,37.2744,9.8739,El Alia,EL ALIA
Bizerte,TN-23,37.2744,9.8739,El Alia,EL HARIZA
Bizerte,TN-23,37.2744,9.8739,El Alia,IMPASSE EZZOUHOUR
Bizerte,TN-23,37.2744,9.8739,El Alia,EZZITOUNE
Bizerte,TN-23,37.2744,9.8739,El Alia,KHETMINE
Bizerte,TN-23,37.2744,9.8739,El Alia,SIDI ALI CHEBAB
Bizerte,TN-23,37.2744,9.8739,Ras Jebel,CITE EL AMEL
Bizerte,TN-23,37.2744,9.8739,Ras Jebel,CITE TAIEB MHIRI
Bizerte,TN-23,37.2744,9.8739,Ras Jebel,RAFRAF
Bizerte,TN-23,37.2744,9.8739,Ras Jebel,SOUNINE
Bizerte,TN-23,37.2744,9.8739,Ras Jebel,CAP ZBIB
Bizerte,TN-23,37.2744,9.8739,Ras Jebel,METLINE
Bizerte,TN-23,37.2744,9.8739,Ras Jebel,RAFRAF PLAGE
Bizerte,TN-23,37.2744,9.8739,Ras Jebel,CITE AIN CHARCHARA
Bizerte,TN-23,37.2744,9.8739,Ras Jebel,CITE BIR EZZAAROUR
Bizerte,TN-23,37.2744,9.8739,Ras Jebel,CITE EL BENZARTI
Bizerte,TN-23,37.2744,9.8739,Ras Jebel,CITE EZZAYATINE
Bizerte,TN-23,37.2744,9.8739,Ras Jebel,CITE KAA EL BALLOUT
Bizerte,TN-23,37.2744,9.8739,Ras Jebel,RAS JEBEL
Bizerte,TN-23,37.2744,9.8739,Ras Jebel,BENI ATTA
Bizerte,TN-23,37.2744,9.8739,Ras Jebel,EL GARIA RAS JEBAL
Zaghouan,TN-22,36.4092,10.1423,Zaghouan,CITE DES NYMPHES
Zaghouan,TN-22,36.4092,10.1423,Zaghouan,CITE DU LYCEE
Zaghouan,TN-22,36.4092,10.1423,Zaghouan,CITE EL BASSATINE
Zaghouan,TN-22,36.4092,10.1423,Zaghouan,CITE EL MENZAH
Zaghouan,TN-22,36.4092,10.1423,Zaghouan,CITE ENNOUZHA
Zaghouan,TN-22,36.4092,10.1423,Zaghouan,CITE EQUIPEMENT
Zaghouan,TN-22,36.4092,10.1423,Zaghouan,CITE EZZOUHOUR
Zaghouan,TN-22,36.4092,10.1423,Zaghouan,CITE INDUSTRIELLE 1
Zaghouan,TN-22,36.4092,10.1423,Zaghouan,CITE INDUSTRIELLE 2
Zaghouan,TN-22,36.4092,10.1423,Zaghouan,OUED EZZIT
Zaghouan,TN-22,36.4092,10.1423,Zaghouan,CITE NESRINE
Zaghouan,TN-22,36.4092,10.1423,Zaghouan,EL MHEDHBA
Zaghouan,TN-22,36.4092,10.1423,Zaghouan,HEMIANE
Zaghouan,TN-22,36.4092,10.1423,Zaghouan,JIMLA
Zaghouan,TN-22,36.4092,10.1423,Zaghouan,KANTRA EL KAHLA
Zaghouan,TN-22,36.4092,10.1423,Zaghouan,MERKEZ ALI BESSEGHAIER
Zaghouan,TN-22,36.4092,10.1423,Zaghouan,MHIRIS
Zaghouan,TN-22,36.4092,10.1423,Zaghouan,OUED SBAIHIA
Zaghouan,TN-22,36.4092,10.1423,Zaghouan,SIDI MRAIEH
Zaghouan,TN-22,36.4092,10.1423,Zaghouan,ZAGHOUAN
Zaghouan,TN-22,36.4092,10.1423,Zaghouan,EL MAGREN
Zaghouan,TN-22,36.4092,10.1423,Zaghouan,BOU SLIM
Zaghouan,TN-22,36.4092,10.1423,Zaghouan,HAMMAM JEDIDI
Zaghouan,TN-22,36.4092,10.1423,Zaghouan,CITE BOURGUIBA
Zaghouan,TN-22,36.4092,10.1423,Zaghouan,CITE DE LA SONEDE
Zaghouan,TN-22,36.4092,10.1423,Zaghouan,CITE DE LA MUNICIPALITE
Zaghouan,TN-22,36.4092,10.1423,Zaghouan,CITE ADMINISTRATIVE
Zaghouan,TN-22,36.4092,10.1423,Zaghouan,AIN ESSABOUNE
Zaghouan,TN-22,36.4092,10.1423,Zaghouan,AIN LANSARINE
Zaghouan,TN-22,36.4092,10.1423,Zaghouan,AIN LEDHIEB
Zaghouan,TN-22,36.4092,10.1423,Zaghouan,AIN SAFSAF
Zaghouan,TN-22,36.4092,10.1423,Zaghouan,BNI DARRAJ
Zaghouan,TN-22,36.4092,10.1423,Zaghouan,BNI MAR
Zaghouan,TN-22,36.4092,10.1423,Zaghouan,CITE 20 MARS
Zaghouan,TN-22,36.4092,10.1423,Zaghouan,BIR HALIMA
Zaghouan,TN-22,36.4092,10.1423,Zriba,JERADOU
Zaghouan,TN-22,36.4092,10.1423,Zriba,AIN BATRIA
Zaghouan,TN-22,36.4092,10.1423,Zriba,BOU ACHIR
Zaghouan,TN-22,36.4092,10.1423,Zriba,OUED EL KENZ
Zaghouan,TN-22,36.4092,10.1423,Zriba,ZRIBA
Zaghouan,TN-22,36.4092,10.1423,Zriba,CITE DU LYCEE
Zaghouan,TN-22,36.4092,10.1423,Zriba,CITE EL HOUDA
Zaghouan,TN-22,36.4092,10.1423,Zriba,HAMMAM ZRIBA
Zaghouan,TN-22,36.4092,10.1423,Bir Mcherga,AIN EL ASKER
Zaghouan,TN-22,36.4092,10.1423,Bir Mcherga,SMINJA
Zaghouan,TN-22,36.4092,10.1423,Bir Mcherga,BIR MCHERGA
Zaghouan,TN-22,36.4092,10.1423,Bir Mcherga,BOUCHA
Zaghouan,TN-22,36.4092,10.1423,Bir Mcherga,DELAIEL EL AROUSS
Zaghouan,TN-22,36.4092,10.1423,Bir Mcherga,OULED HELEL
Zaghouan,TN-22,36.4092,10.1423,Bir Mcherga,BIR MCHERGA GARE
Zaghouan,TN-22,36.4092,10.1423,Bir Mcherga,JEBEL EL OUST
Zaghouan,TN-22,36.4092,10.1423,El Fahs,JEBEL MANSOUR
Zaghouan,TN-22,36.4092,10.1423,El Fahs,BIR MOUKRA
Zaghouan,TN-22,36.4092,10.1423,El Fahs,BORJ ABDELJALIL
Zaghouan,TN-22,36.4092,10.1423,El Fahs,BOU GARNINE
Zaghouan,TN-22,36.4092,10.1423,El Fahs,CHENANFA
Zaghouan,TN-22,36.4092,10.1423,El Fahs,CITE 20 MARS
Zaghouan,TN-22,36.4092,10.1423,El Fahs,CITE BOU HMIDA
Zaghouan,TN-22,36.4092,10.1423,El Fahs,CITE DES ENSEIGNANTS
Zaghouan,TN-22,36.4092,10.1423,El Fahs,CITE EL AMEL
Zaghouan,TN-22,36.4092,10.1423,El Fahs,CITE ENNASR
Zaghouan,TN-22,36.4092,10.1423,El Fahs,KEF EZZROUG
Zaghouan,TN-22,36.4092,10.1423,El Fahs,CITE ENNISMA
Zaghouan,TN-22,36.4092,10.1423,El Fahs,CITE ERRIADH
Zaghouan,TN-22,36.4092,10.1423,El Fahs,CITE ESSAADA 1
Zaghouan,TN-22,36.4092,10.1423,El Fahs,JOUGAR
Zaghouan,TN-22,36.4092,10.1423,El Fahs,CITE ESSAADA 2
Zaghouan,TN-22,36.4092,10.1423,El Fahs,CITE ESSALEM
Zaghouan,TN-22,36.4092,10.1423,El Fahs,CITE INDUSTRILLE
Zaghouan,TN-22,36.4092,10.1423,El Fahs,KHEMAYSSIA
Zaghouan,TN-22,36.4092,10.1423,El Fahs,KOUDOUAT CHAIR
Zaghouan,TN-22,36.4092,10.1423,El Fahs,OUED EL KHADHRA
Zaghouan,TN-22,36.4092,10.1423,El Fahs,OUM EL ABOUAB
Zaghouan,TN-22,36.4092,10.1423,El Fahs,REHAHLA
Zaghouan,TN-22,36.4092,10.1423,El Fahs,SED OUED EL KEBIR
Zaghouan,TN-22,36.4092,10.1423,El Fahs,SIDI AMARA
Zaghouan,TN-22,36.4092,10.1423,El Fahs,SIDI NAOUI
Zaghouan,TN-22,36.4092,10.1423,El Fahs,TEBIKA
Zaghouan,TN-22,36.4092,10.1423,El Fahs,TLIL ESSALHI
Zaghouan,TN-22,36.4092,10.1423,El Fahs,SIDI AOUIDETTE
Zaghouan,TN-22,36.4092,10.1423,El Fahs,BENT SAIDANE
Zaghouan,TN-22,36.4092,10.1423,El Fahs,DHRAA BEN JOUDER
Zaghouan,TN-22,36.4092,10.1423,El Fahs,CITE SNIT NOUVELLE
Zaghouan,TN-22,36.4092,10.1423,El Fahs,EL AMAIEM
Zaghouan,TN-22,36.4092,10.1423,El Fahs,EL FAHS
Zaghouan,TN-22,36.4092,10.1423,El Fahs,EL KNAZIZ
Zaghouan,TN-22,36.4092,10.1423,El Fahs,GHERIFAT
Zaghouan,TN-22,36.4092,10.1423,El Fahs,GLIB JEMAL
Zaghouan,TN-22,36.4092,10.1423,El Fahs,HENCHIR BROUTA
Zaghouan,TN-22,36.4092,10.1423,El Fahs,HENCHIR DHOMDA
Zaghouan,TN-22,36.4092,10.1423,El Fahs,JABBES
Zaghouan,TN-22,36.4092,10.1423,Nadhour,SOUGHAS SUD
Zaghouan,TN-22,36.4092,10.1423,Nadhour,BEN HALAOUA
Zaghouan,TN-22,36.4092,10.1423,Nadhour,CHAALIL NORD
Zaghouan,TN-22,36.4092,10.1423,Nadhour,CHAALIL SUD
Zaghouan,TN-22,36.4092,10.1423,Nadhour,DHORBANIA
Zaghouan,TN-22,36.4092,10.1423,Nadhour,SOUGHAS NORD
Zaghouan,TN-22,36.4092,10.1423,Nadhour,OULED JABALLAH
Zaghouan,TN-22,36.4092,10.1423,Nadhour,ERRAGBA
Zaghouan,TN-22,36.4092,10.1423,Nadhour,EL HNAINIA
Zaghouan,TN-22,36.4092,10.1423,Nadhour,AIN EL BATTOUM
Zaghouan,TN-22,36.4092,10.1423,Nadhour,BOU ARAARA
Zaghouan,TN-22,36.4092,10.1423,Nadhour,ENNADHOUR
Zaghouan,TN-22,36.4092,10.1423,Nadhour,SIDI BANNOUR
Zaghouan,TN-22,36.4092,10.1423,Nadhour,SIDI NAJI
Zaghouan,TN-22,36.4092,10.1423,Nadhour,SOUAR
Zaghouan,TN-22,36.4092,10.1423,Nadhour,ZBIDINE
Zaghouan,TN-22,36.4092,10.1423,Nadhour,ZOUAGHA
Zaghouan,TN-22,36.4092,10.1423,Nadhour,BIR CHAOUCH
Zaghouan,TN-22,36.4092,10.1423,Nadhour,CHEBAANA
Zaghouan,TN-22,36.4092,10.1423,Nadhour,KEF AGUEB
Zaghouan,TN-22,36.4092,10.1423,Nadhour,MEIDHER
Zaghouan,TN-22,36.4092,10.1423,Nadhour,MRIGUEB
Zaghouan,TN-22,36.4092,10.1423,Saouaf,CHARCHARA
Zaghouan,TN-22,36.4092,10.1423,Saouaf,DGHAFLA
Zaghouan,TN-22,36.4092,10.1423,Saouaf,DOUAR EL HAJ AMOR
Zaghouan,TN-22,36.4092,10.1423,Saouaf,EL HMIRA SUD
Zaghouan,TN-22,36.4092,10.1423,Saouaf,EL KHADHRA
Zaghouan,TN-22,36.4092,10.1423,Saouaf,HALG ENNAB
Zaghouan,TN-22,36.4092,10.1423,Saouaf,HENCHIR EL HAMIRA
Zaghouan,TN-22,36.4092,10.1423,Saouaf,OUED TOUIL
Zaghouan,TN-22,36.4092,10.1423,Saouaf,SAOUEF
Zaghouan,TN-22,36.4092,10.1423,Saouaf,SIDI DGHIM
Zaghouan,TN-22,36.4092,10.1423,Saouaf,SIDI FARJALLAH
Zaghouan,TN-22,36.4092,10.1423,Saouaf,SIDI MANSOUR
Zaghouan,TN-22,36.4092,10.1423,Saouaf,ZAGTOUN
Zaghouan,TN-22,36.4092,10.1423,Saouaf,ZEGUIDANE
Sousse,TN-51,35.8256,10.6084,Sousse,SOUSSE
Sousse,TN-51,35.8256,10.6084,Sousse Médina,CITE BOUKHZAR
Sousse,TN-51,35.8256,10.6084,Sousse Médina,CITE CHEMINOTS
Sousse,TN-51,35.8256,10.6084,Sousse Médina,CITE CNRPS
Sousse,TN-51,35.8256,10.6084,Sousse Médina,CITE GARDE NATIONALE
Sousse,TN-51,35.8256,10.6084,Sousse Médina,CITE HACHED
Sousse,TN-51,35.8256,10.6084,Sousse Médina,CITE HADRUMETTE
Sousse,TN-51,35.8256,10.6084,Sousse Médina,CITE JAOUHARA
Sousse,TN-51,35.8256,10.6084,Sousse Médina,CITE KHEDHER
Sousse,TN-51,35.8256,10.6084,Sousse Médina,CITE MILITAIRE
Sousse,TN-51,35.8256,10.6084,Sousse Médina,CITE RIZZI
Sousse,TN-51,35.8256,10.6084,Sousse Médina,CITE SPROLS
Sousse,TN-51,35.8256,10.6084,Sousse Médina,SOUSSE
Sousse,TN-51,35.8256,10.6084,Sousse Médina,SOUSSE CORNICHE
Sousse,TN-51,35.8256,10.6084,Sousse Riadh,SOUSSE RIADH
Sousse,TN-51,35.8256,10.6084,Sousse Riadh,SOUSSE EZZOUHOUR
Sousse,TN-51,35.8256,10.6084,Sousse Riadh,CITE 7 NOVEMBRE
Sousse,TN-51,35.8256,10.6084,Sousse Riadh,CITE 7 NOVEMBRE 3
Sousse,TN-51,35.8256,10.6084,Sousse Riadh,CITE SINAN PACHA
Sousse,TN-51,35.8256,10.6084,Sousse Riadh,KSIBET SOUSSE
Sousse,TN-51,35.8256,10.6084,Sousse Riadh,THRAYETTE
Sousse,TN-51,35.8256,10.6084,Sousse Riadh,ZAOUIET SOUSSE
Sousse,TN-51,35.8256,10.6084,Sousse Jawhara,CITE DE LA STEG
Sousse,TN-51,35.8256,10.6084,Sousse Jawhara,CITE SIDI DAHER
Sousse,TN-51,35.8256,10.6084,Sousse Jawhara,SOUSSE KHEZAMA
Sousse,TN-51,35.8256,10.6084,Sousse Jawhara,CITE SAHLOUL
Sousse,TN-51,35.8256,10.6084,Sousse Jawhara,SAHLOUL
Sousse,TN-51,35.8256,10.6084,Sousse Jawhara,CITE AEROPORT
Sousse,TN-51,35.8256,10.6084,Sousse Jawhara,CITE BATIMENTS
Sousse,TN-51,35.8256,10.6084,Sousse Jawhara,CITE BEN ALEYA
Sousse,TN-51,35.8256,10.6084,Sousse Jawhara,CITE EL GHOUDRANE
Sousse,TN-51,35.8256,10.6084,Sousse Jawhara,CITE SIDI ABDELHAMID
Sousse,TN-51,35.8256,10.6084,Sousse Jawhara,SOUSSE IBN KHALDOUN
Sousse,TN-51,35.8256,10.6084,Sousse Jawhara,KHEZAMA OUEST
Sousse,TN-51,35.8256,10.6084,Hammam Sousse,HAMMAM SOUSSE GHARBI
Sousse,TN-51,35.8256,10.6084,Hammam Sousse,CITE DE LA PLAGE 1
Sousse,TN-51,35.8256,10.6084,Hammam Sousse,CITE DE LA PLAGE 2
Sousse,TN-51,35.8256,10.6084,Hammam Sousse,CITE ENNARJES 1
Sousse,TN-51,35.8256,10.6084,Hammam Sousse,CITE ENNARJES 2
Sousse,TN-51,35.8256,10.6084,Hammam Sousse,CITE EZZITOUNA 1
Sousse,TN-51,35.8256,10.6084,Hammam Sousse,HAMMAM SOUSSE
Sousse,TN-51,35.8256,10.6084,Hammam Sousse,CITE JAOUHARA
Sousse,TN-51,35.8256,10.6084,Hammam Sousse,EL KANTAOUI
Sousse,TN-51,35.8256,10.6084,Hammam Sousse,CITE EZZITOUNA 2
Sousse,TN-51,35.8256,10.6084,Hammam Sousse,CITE PRESIDENTIELLE
Sousse,TN-51,35.8256,10.6084,Akouda,HALG EL MENJEL
Sousse,TN-51,35.8256,10.6084,Akouda,TANTANA
Sousse,TN-51,35.8256,10.6084,Akouda,CHATT MERIEM
Sousse,TN-51,35.8256,10.6084,Akouda,AKOUDA
Sousse,TN-51,35.8256,10.6084,Akouda,CITE DU DISPENSAIRE
Sousse,TN-51,35.8256,10.6084,Akouda,CITE ECOLE SUPERIEURE
Sousse,TN-51,35.8256,10.6084,Akouda,CITE EJJAMAA
Sousse,TN-51,35.8256,10.6084,Kalâa Kebira,AHEL  JEMIAA
Sousse,TN-51,35.8256,10.6084,Kalâa Kebira,BELAOUM
Sousse,TN-51,35.8256,10.6084,Kalâa Kebira,CITE BIR CHEMSI
Sousse,TN-51,35.8256,10.6084,Kalâa Kebira,CITE BIR HLAOUA
Sousse,TN-51,35.8256,10.6084,Kalâa Kebira,CITE CHARGUI
Sousse,TN-51,35.8256,10.6084,Kalâa Kebira,CITE COMMERCIALE
Sousse,TN-51,35.8256,10.6084,Kalâa Kebira,CITE EL BASSATINE
Sousse,TN-51,35.8256,10.6084,Kalâa Kebira,CITE EL INTILAKA
Sousse,TN-51,35.8256,10.6084,Kalâa Kebira,CITE EL JEBS
Sousse,TN-51,35.8256,10.6084,Kalâa Kebira,CITE EL MANSOURA
Sousse,TN-51,35.8256,10.6084,Kalâa Kebira,CITE ENNOUZHA 1
Sousse,TN-51,35.8256,10.6084,Kalâa Kebira,CITE ENNOUZHA 2
Sousse,TN-51,35.8256,10.6084,Kalâa Kebira,CITE FADDEN AOUN
Sousse,TN-51,35.8256,10.6084,Kalâa Kebira,CITE NOUVELLE
Sousse,TN-51,35.8256,10.6084,Kalâa Kebira,CITE SIDI ZAIED
Sousse,TN-51,35.8256,10.6084,Kalâa Kebira,CITE ZONE DES METIERS
Sousse,TN-51,35.8256,10.6084,Kalâa Kebira,EL KRARIA
Sousse,TN-51,35.8256,10.6084,Kalâa Kebira,KALAA EL KEBIRA
Sousse,TN-51,35.8256,10.6084,Kalâa Kebira,OULED LESSEOUD
Sousse,TN-51,35.8256,10.6084,Kalâa Kebira,CHIAB
Sousse,TN-51,35.8256,10.6084,Kalâa Kebira,KALAA EL KEBIRA KSAR
Sousse,TN-51,35.8256,10.6084,Sidi Bou Ali,OURIEMMA
Sousse,TN-51,35.8256,10.6084,Sidi Bou Ali,SIDI BOU ALI
Sousse,TN-51,35.8256,10.6084,Sidi Bou Ali,MENZEL GARE
Sousse,TN-51,35.8256,10.6084,Sidi Bou Ali,ESSAD NORD
Sousse,TN-51,35.8256,10.6084,Sidi Bou Ali,KENANA
Sousse,TN-51,35.8256,10.6084,Sidi Bou Ali,EL MHEDHBA
Sousse,TN-51,35.8256,10.6084,Sidi Bou Ali,ESSAD SUD
Sousse,TN-51,35.8256,10.6084,Sidi Bou Ali,CITE EL BASSATINE
Sousse,TN-51,35.8256,10.6084,Sidi Bou Ali,CITE IBN KHALDOUN
Sousse,TN-51,35.8256,10.6084,Sidi Bou Ali,EL ARAYDHIA
Sousse,TN-51,35.8256,10.6084,Sidi Bou Ali,EL ALOUJ
Sousse,TN-51,35.8256,10.6084,Sidi Bou Ali,EL AITHA
Sousse,TN-51,35.8256,10.6084,Hergla,EL ARIBAT
Sousse,TN-51,35.8256,10.6084,Hergla,HERGLA
Sousse,TN-51,35.8256,10.6084,Hergla,SOUAYEH
Sousse,TN-51,35.8256,10.6084,Enfidha,CITE 7 NOVEMBRE
Sousse,TN-51,35.8256,10.6084,Enfidha,AIN MEDHEKER
Sousse,TN-51,35.8256,10.6084,Enfidha,CITE CIMENTERIE
Sousse,TN-51,35.8256,10.6084,Enfidha,CITE DE L'ACTION
Sousse,TN-51,35.8256,10.6084,Enfidha,CITE EL BIDHANE
Sousse,TN-51,35.8256,10.6084,Enfidha,CITE EL YASMINE
Sousse,TN-51,35.8256,10.6084,Enfidha,CITE ENVIRONNEMENT
Sousse,TN-51,35.8256,10.6084,Enfidha,CITE ERRIADH
Sousse,TN-51,35.8256,10.6084,Enfidha,CITE ESSALEM
Sousse,TN-51,35.8256,10.6084,Enfidha,CITE ETTAHRIR
Sousse,TN-51,35.8256,10.6084,Enfidha,CITE EZZAYATINE
Sousse,TN-51,35.8256,10.6084,Enfidha,CITE HACHED
Sousse,TN-51,35.8256,10.6084,Enfidha,CITE MOHAMED ALI
Sousse,TN-51,35.8256,10.6084,Enfidha,DHEHAIBIA
Sousse,TN-51,35.8256,10.6084,Enfidha,EL FRADA
Sousse,TN-51,35.8256,10.6084,Enfidha,EL GHOUALIF
Sousse,TN-51,35.8256,10.6084,Enfidha,EL GHOUILET
Sousse,TN-51,35.8256,10.6084,Enfidha,ENFIDHA
Sousse,TN-51,35.8256,10.6084,Enfidha,ESSAFHA
Sousse,TN-51,35.8256,10.6084,Enfidha,ESSMAIDIA
Sousse,TN-51,35.8256,10.6084,Enfidha,GRIMIT EST
Sousse,TN-51,35.8256,10.6084,Enfidha,GRIMIT OUEST
Sousse,TN-51,35.8256,10.6084,Enfidha,HICHER
Sousse,TN-51,35.8256,10.6084,Enfidha,MENZEL FATEH
Sousse,TN-51,35.8256,10.6084,Enfidha,METHALITHE
Sousse,TN-51,35.8256,10.6084,Enfidha,MRABET HACHED
Sousse,TN-51,35.8256,10.6084,Enfidha,OULED ABDALLAH
Sousse,TN-51,35.8256,10.6084,Enfidha,OULED BELLIL
Sousse,TN-51,35.8256,10.6084,Enfidha,OULED MOHAMED
Sousse,TN-51,35.8256,10.6084,Enfidha,SIDI SAIDANE
Sousse,TN-51,35.8256,10.6084,Enfidha,TAKROUNA
Sousse,TN-51,35.8256,10.6084,Enfidha,MENZEL BEL OUAER
Sousse,TN-51,35.8256,10.6084,Enfidha,CHEGARNIA
Sousse,TN-51,35.8256,10.6084,Enfidha,AIN GARCI
Sousse,TN-51,35.8256,10.6084,Bouficha,OUED EL KHARROUB
Sousse,TN-51,35.8256,10.6084,Bouficha,CITE EZZOUHOUR
Sousse,TN-51,35.8256,10.6084,Bouficha,CITE HACHED
Sousse,TN-51,35.8256,10.6084,Bouficha,ESSALLOUM
Sousse,TN-51,35.8256,10.6084,Bouficha,SIDI MTIR
Sousse,TN-51,35.8256,10.6084,Bouficha,CITE MILITAIRE
Sousse,TN-51,35.8256,10.6084,Bouficha,LENDERIA
Sousse,TN-51,35.8256,10.6084,Bouficha,SIDI SAID
Sousse,TN-51,35.8256,10.6084,Bouficha,BOU FICHA
Sousse,TN-51,35.8256,10.6084,Bouficha,CITE 20 MARS
Sousse,TN-51,35.8256,10.6084,Bouficha,CITE SNIT
Sousse,TN-51,35.8256,10.6084,Bouficha,SIDI KHELIFA
Sousse,TN-51,35.8256,10.6084,Bouficha,AIN ERRAHMA
Sousse,TN-51,35.8256,10.6084,Bouficha,CITE ERRIADH
Sousse,TN-51,35.8256,10.6084,Bouficha,CITE ETTAHRIR
Sousse,TN-51,35.8256,10.6084,Kondar,BIR JEDID
Sousse,TN-51,35.8256,10.6084,Kondar,BLELMA
Sousse,TN-51,35.8256,10.6084,Kondar,EL BECHACHMA
Sousse,TN-51,35.8256,10.6084,Kondar,KONDAR
Sousse,TN-51,35.8256,10.6084,Kondar,OULED AMEUR
Sousse,TN-51,35.8256,10.6084,Kondar,OULED EL ABED
Sousse,TN-51,35.8256,10.6084,Kondar,TARHOUNA
Sousse,TN-51,35.8256,10.6084,Sidi El Hani,EL MOUISSETTE
Sousse,TN-51,35.8256,10.6084,Sidi El Hani,GHABGHOUB
Sousse,TN-51,35.8256,10.6084,Sidi El Hani,OULED ALI B HANI
Sousse,TN-51,35.8256,10.6084,Sidi El Hani,OULED ALOUENE
Sousse,TN-51,35.8256,10.6084,Sidi El Hani,OULED AMOR
Sousse,TN-51,35.8256,10.6084,Sidi El Hani,OULED BOUBAKER
Sousse,TN-51,35.8256,10.6084,Sidi El Hani,OULED EL KBAIER
Sousse,TN-51,35.8256,10.6084,Sidi El Hani,OULED EL KHECHINE
Sousse,TN-51,35.8256,10.6084,Sidi El Hani,SIDI EL HENI
Sousse,TN-51,35.8256,10.6084,Sidi El Hani,ZERDOUB
Sousse,TN-51,35.8256,10.6084,Sidi El Hani,CHERACHIR
Sousse,TN-51,35.8256,10.6084,Sidi El Hani,KROUSSIA
Sousse,TN-51,35.8256,10.6084,Msaken,MESSADINE
Sousse,TN-51,35.8256,10.6084,Msaken,CHIHIA
Sousse,TN-51,35.8256,10.6084,Msaken,EL KNAIES
Sousse,TN-51,35.8256,10.6084,Msaken,BENI RABIA
Sousse,TN-51,35.8256,10.6084,Msaken,CITE CIMETIERE
Sousse,TN-51,35.8256,10.6084,Msaken,CITE DAR ESSEGHAIR
Sousse,TN-51,35.8256,10.6084,Msaken,CITE ECOLE PRIMAIRE
Sousse,TN-51,35.8256,10.6084,Msaken,CITE EL MANSOUR
Sousse,TN-51,35.8256,10.6084,Msaken,CITE HEDI GACHACHA
Sousse,TN-51,35.8256,10.6084,Msaken,CITE RACHED EL OUERTANI
Sousse,TN-51,35.8256,10.6084,Msaken,CITE SLAMA
Sousse,TN-51,35.8256,10.6084,Msaken,EL BORJINE
Sousse,TN-51,35.8256,10.6084,Msaken,EL FRADA
Sousse,TN-51,35.8256,10.6084,Msaken,BENI KALTHOUM
Sousse,TN-51,35.8256,10.6084,Msaken,MSAKEN
Sousse,TN-51,35.8256,10.6084,Msaken,MSAKEN EL GUEBLIA
Sousse,TN-51,35.8256,10.6084,Msaken,MOUREDDINE
Sousse,TN-51,35.8256,10.6084,Msaken,MSAKEN HAI JEDID
Sousse,TN-51,35.8256,10.6084,Kalâa Seghira,CITE CHRAGUI
Sousse,TN-51,35.8256,10.6084,Kalâa Seghira,CITE EL MANEZEH
Sousse,TN-51,35.8256,10.6084,Kalâa Seghira,CITE KHAZZEN EL MA
Sousse,TN-51,35.8256,10.6084,Kalâa Seghira,ENNAGR
Sousse,TN-51,35.8256,10.6084,Kalâa Seghira,KALAA ESSGHIRA
Sousse,TN-51,35.8256,10.6084,Kalâa Seghira,OUED LAYA
Sousse,TN-51,35.8256,10.6084,Kalâa Seghira,CITE CHABBETT EZZAOUIA
Monastir,TN-52,35.7770,10.8262,Monastir,CITE ESSALEM
Monastir,TN-52,35.7770,10.8262,Monastir,CITE SIDI NASSER
Monastir,TN-52,35.7770,10.8262,Monastir,CITE EL FARIK
Monastir,TN-52,35.7770,10.8262,Monastir,CITE EL MZALI
Monastir,TN-52,35.7770,10.8262,Monastir,CITE ERRIADH
Monastir,TN-52,35.7770,10.8262,Monastir,CITE ESSAADA
Monastir,TN-52,35.7770,10.8262,Monastir,MONASTIR
Monastir,TN-52,35.7770,10.8262,Monastir,KHENIS
Monastir,TN-52,35.7770,10.8262,Monastir,CITE BIR HLOU
Monastir,TN-52,35.7770,10.8262,Monastir,CITE CHERAKA
Monastir,TN-52,35.7770,10.8262,Monastir,CITE CNRPS
Monastir,TN-52,35.7770,10.8262,Monastir,CITE EL AMEL
Monastir,TN-52,35.7770,10.8262,Monastir,CITE EL FAOUZ
Monastir,TN-52,35.7770,10.8262,Monastir,ZONE HOTELIERE
Monastir,TN-52,35.7770,10.8262,Monastir,MONASTIR GARE
Monastir,TN-52,35.7770,10.8262,Monastir,CITE EL BASSATINE
Monastir,TN-52,35.7770,10.8262,Monastir,CITE TRABELSIA
Monastir,TN-52,35.7770,10.8262,Monastir,MONASTIR REPUBLIQUE
Monastir,TN-52,35.7770,10.8262,Monastir,ZONE SKANES
Monastir,TN-52,35.7770,10.8262,Monastir,MONASTIR AEROPORT
Monastir,TN-52,35.7770,10.8262,Ouerdanine,BOU OTHMANE
Monastir,TN-52,35.7770,10.8262,Ouerdanine,MENZEL KHIR
Monastir,TN-52,35.7770,10.8262,Ouerdanine,OUERDANINE
Monastir,TN-52,35.7770,10.8262,Ouerdanine,CITE 22 JANVIER
Monastir,TN-52,35.7770,10.8262,Ouerdanine,CITE 7 NOVEMBRE
Monastir,TN-52,35.7770,10.8262,Ouerdanine,CITE ABDELAZIZ THAALBI
Monastir,TN-52,35.7770,10.8262,Ouerdanine,CITE ENNOUHOUDH
Monastir,TN-52,35.7770,10.8262,Ouerdanine,CITE ENNOUZHA
Monastir,TN-52,35.7770,10.8262,Ouerdanine,CITE MOHAMED ALI
Monastir,TN-52,35.7770,10.8262,Sahline,MOTMAR
Monastir,TN-52,35.7770,10.8262,Sahline,SAHLINE
Monastir,TN-52,35.7770,10.8262,Sahline,MESJED ISSA
Monastir,TN-52,35.7770,10.8262,Sahline,CITE NOUVELLE
Monastir,TN-52,35.7770,10.8262,Sahline,SIDI AMEUR
Monastir,TN-52,35.7770,10.8262,Sahline,CITE ECHAABIA NLLE
Monastir,TN-52,35.7770,10.8262,Zeramdine,MENZEL HAYET
Monastir,TN-52,35.7770,10.8262,Zeramdine,CITE EL KODS
Monastir,TN-52,35.7770,10.8262,Zeramdine,CITE EL MANAR
Monastir,TN-52,35.7770,10.8262,Zeramdine,ZERAMDINE
Monastir,TN-52,35.7770,10.8262,Zeramdine,MZAOUGHA
Monastir,TN-52,35.7770,10.8262,Zeramdine,MLICHETTE
Monastir,TN-52,35.7770,10.8262,Beni Hassen,BENI HASSEN
Monastir,TN-52,35.7770,10.8262,Beni Hassen,CITE ETTAHRIR
Monastir,TN-52,35.7770,10.8262,Beni Hassen,GHENADA
Monastir,TN-52,35.7770,10.8262,Beni Hassen,AMIRAT HATEM
Monastir,TN-52,35.7770,10.8262,Jammel,CITE ETTADHAMEN
Monastir,TN-52,35.7770,10.8262,Jammel,CITE EZZAHRA
Monastir,TN-52,35.7770,10.8262,Jammel,CITE EZZOUHOUR 1
Monastir,TN-52,35.7770,10.8262,Jammel,CITE EZZOUHOUR 2
Monastir,TN-52,35.7770,10.8262,Jammel,CITE INDEPENDANCE
Monastir,TN-52,35.7770,10.8262,Jammel,CITE JAOUHARA
Monastir,TN-52,35.7770,10.8262,Jammel,CITE JARDINS
Monastir,TN-52,35.7770,10.8262,Jammel,CITE OPERATIONS DU SAHEL
Monastir,TN-52,35.7770,10.8262,Jammel,CITE SIDI MESSAOUD
Monastir,TN-52,35.7770,10.8262,Jammel,JEMMAL
Monastir,TN-52,35.7770,10.8262,Jammel,CITE EL BASSATINE2
Monastir,TN-52,35.7770,10.8262,Jammel,CITE EL FATEH
Monastir,TN-52,35.7770,10.8262,Jammel,CITE EL INTILAKA
Monastir,TN-52,35.7770,10.8262,Jammel,CITE EL IZDIHAR
Monastir,TN-52,35.7770,10.8262,Jammel,CITE EL KHADHRA
Monastir,TN-52,35.7770,10.8262,Jammel,CITE EL MANAR 1
Monastir,TN-52,35.7770,10.8262,Jammel,CITE EL MANAR 2
Monastir,TN-52,35.7770,10.8262,Jammel,CITE EL WIFAK
Monastir,TN-52,35.7770,10.8262,Jammel,CITE EL YASMINE
Monastir,TN-52,35.7770,10.8262,Jammel,CITE ENNASR
Monastir,TN-52,35.7770,10.8262,Jammel,CITE ENNOUR
Monastir,TN-52,35.7770,10.8262,Jammel,CITE ETTAAMIR
Monastir,TN-52,35.7770,10.8262,Jammel,CITE ENNOUZHA
Monastir,TN-52,35.7770,10.8262,Jammel,CITE ERRIADH
Monastir,TN-52,35.7770,10.8262,Jammel,CITE ESSALEM
Monastir,TN-52,35.7770,10.8262,Jammel,JEMMAL KHEIREDDINE
Monastir,TN-52,35.7770,10.8262,Jammel,BIR TAIEB
Monastir,TN-52,35.7770,10.8262,Jammel,ETTIAYRA
Monastir,TN-52,35.7770,10.8262,Jammel,CITE EL KHADHRA
Monastir,TN-52,35.7770,10.8262,Jammel,CITE ETTAHRIR
Monastir,TN-52,35.7770,10.8262,Jammel,ZAOUIET KONTECH
Monastir,TN-52,35.7770,10.8262,Jammel,CITE COMMERCIALE 2
Monastir,TN-52,35.7770,10.8262,Jammel,CITE EL AMEN
Monastir,TN-52,35.7770,10.8262,Jammel,CITE EL BASSATINE1
Monastir,TN-52,35.7770,10.8262,Jammel,MENZEL KAMEL
Monastir,TN-52,35.7770,10.8262,Jammel,EL HEDADRA
Monastir,TN-52,35.7770,10.8262,Jammel,CITE COMMERCIALE 1
Monastir,TN-52,35.7770,10.8262,Bembla,BEMBLA
Monastir,TN-52,35.7770,10.8262,Bembla,CITE EL KHADHRA
Monastir,TN-52,35.7770,10.8262,Bembla,CITE EL MANDRA
Monastir,TN-52,35.7770,10.8262,Bembla,CITE ENNABKA
Monastir,TN-52,35.7770,10.8262,Bembla,CITE POPULAIRE
Monastir,TN-52,35.7770,10.8262,Bembla,CITE 2 MARS
Monastir,TN-52,35.7770,10.8262,Bembla,CITE EL JAZIA
Monastir,TN-52,35.7770,10.8262,Bembla,CITE SOUIHRIA
Monastir,TN-52,35.7770,10.8262,Bembla,MENZEL ENNOUR
Monastir,TN-52,35.7770,10.8262,Bembla,MAZDOUR
Monastir,TN-52,35.7770,10.8262,Bembla,MENZEL HARB
Monastir,TN-52,35.7770,10.8262,Bembla,MENARA
Monastir,TN-52,35.7770,10.8262,Moknine,CITE POPULAIRE
Monastir,TN-52,35.7770,10.8262,Moknine,CITE TRABELSIA
Monastir,TN-52,35.7770,10.8262,Moknine,CITE ZRARAA
Monastir,TN-52,35.7770,10.8262,Moknine,SIDI BANNOUR
Monastir,TN-52,35.7770,10.8262,Moknine,CITE 7 NOVEMBRE
Monastir,TN-52,35.7770,10.8262,Moknine,CITE ERRIADH
Monastir,TN-52,35.7770,10.8262,Moknine,CITE GRIBAA
Monastir,TN-52,35.7770,10.8262,Moknine,CITE HMADA BACHA
Monastir,TN-52,35.7770,10.8262,Moknine,CITE MESADA
Monastir,TN-52,35.7770,10.8262,Moknine,CITE RAS EL OUED
Monastir,TN-52,35.7770,10.8262,Moknine,CITE SOUASSI
Monastir,TN-52,35.7770,10.8262,Moknine,MOKNINE
Monastir,TN-52,35.7770,10.8262,Moknine,MOKNINE EL JADIDA
Monastir,TN-52,35.7770,10.8262,Moknine,CITE CHAHED 1
Monastir,TN-52,35.7770,10.8262,Moknine,AMIRAT EL FEHOUL
Monastir,TN-52,35.7770,10.8262,Moknine,AMIRAT TOUAZRA
Monastir,TN-52,35.7770,10.8262,Moknine,CITE CHAHED 2
Monastir,TN-52,35.7770,10.8262,Moknine,CITE CHAHED 3
Monastir,TN-52,35.7770,10.8262,Moknine,AMIRAT EL HOJJEJ
Monastir,TN-52,35.7770,10.8262,Moknine,MENZEL FERSI
Monastir,TN-52,35.7770,10.8262,Moknine,CHERAHIL
Monastir,TN-52,35.7770,10.8262,Moknine,CITE EL BASSATINE
Monastir,TN-52,35.7770,10.8262,Moknine,CITE EL OMRANE
Monastir,TN-52,35.7770,10.8262,Moknine,CITE ENNASR
Monastir,TN-52,35.7770,10.8262,Moknine,CITE EZZAYATINE
Monastir,TN-52,35.7770,10.8262,Téboulba,BAGHDADI
Monastir,TN-52,35.7770,10.8262,Téboulba,BEKALTA
Monastir,TN-52,35.7770,10.8262,Téboulba,CITE EL BASSATINE
Monastir,TN-52,35.7770,10.8262,Téboulba,CITE EL IZDIHAR
Monastir,TN-52,35.7770,10.8262,Téboulba,CITE NOUVELLE
Monastir,TN-52,35.7770,10.8262,Téboulba,GUEALLA
Monastir,TN-52,35.7770,10.8262,Téboulba,OULED HEDDA
Monastir,TN-52,35.7770,10.8262,Téboulba,EL BEHIRA
Monastir,TN-52,35.7770,10.8262,Téboulba,OULED ISSA
Monastir,TN-52,35.7770,10.8262,Téboulba,OULED TOUIBI
Monastir,TN-52,35.7770,10.8262,Téboulba,ZEBID
Monastir,TN-52,35.7770,10.8262,Téboulba,CHARAF
Monastir,TN-52,35.7770,10.8262,Teboulba,SOUKRINE
Monastir,TN-52,35.7770,10.8262,Teboulba,CITE BOU DRISSE
Monastir,TN-52,35.7770,10.8262,Teboulba,CITE EL FADHLINE
Monastir,TN-52,35.7770,10.8262,Teboulba,TEBOULBE
Monastir,TN-52,35.7770,10.8262,Ksar Hellal,CITE COMMERCIALE 2
Monastir,TN-52,35.7770,10.8262,Ksar Hellal,CITE DAR BUMBLA
Monastir,TN-52,35.7770,10.8262,Ksar Hellal,KSAR HELAL RIADH
Monastir,TN-52,35.7770,10.8262,Ksar Hellal,CITE DE LA MUNICIPALITE
Monastir,TN-52,35.7770,10.8262,Ksar Hellal,CITE EJJEBSA
Monastir,TN-52,35.7770,10.8262,Ksar Hellal,CITE EL GARIAA
Monastir,TN-52,35.7770,10.8262,Ksar Hellal,CITE BIR ALI HELLAL
Monastir,TN-52,35.7770,10.8262,Ksar Hellal,CITE BIR SOUKRA
Monastir,TN-52,35.7770,10.8262,Ksar Hellal,CITE EL MAGLOUBA
Monastir,TN-52,35.7770,10.8262,Ksar Hellal,CITE ERRIADH 1
Monastir,TN-52,35.7770,10.8262,Ksar Hellal,CITE ERRIADH 2
Monastir,TN-52,35.7770,10.8262,Ksar Hellal,CITE ERRIADH 3
Monastir,TN-52,35.7770,10.8262,Ksar Hellal,CITE INDUSTRIELLE
Monastir,TN-52,35.7770,10.8262,Ksar Hellal,CITE MOUEHEDDINE
Monastir,TN-52,35.7770,10.8262,Ksar Hellal,CITE OUED KACEM ET EL OURAMI
Monastir,TN-52,35.7770,10.8262,Ksar Hellal,CITE SANIT ZAAG ET CHAREF
Monastir,TN-52,35.7770,10.8262,Ksar Hellal,KSAR HELAL
Monastir,TN-52,35.7770,10.8262,Ksar Hellal,CITE BIT MEKKA
Monastir,TN-52,35.7770,10.8262,Ksar Hellal,CITE CHOUGAR
Monastir,TN-52,35.7770,10.8262,Ksar Hellal,CITE COMMERCIALE 1
Monastir,TN-52,35.7770,10.8262,Ksibet el-Mediouni,CITE SNIT
Monastir,TN-52,35.7770,10.8262,Ksibet el-Mediouni,CITE EL BASSATINE
Monastir,TN-52,35.7770,10.8262,Ksibet el-Mediouni,CITE EL BASSATINE
Monastir,TN-52,35.7770,10.8262,Ksibet el-Mediouni,TOUZA
Monastir,TN-52,35.7770,10.8262,Ksibet el-Mediouni,CITE EL INTILAKA
Monastir,TN-52,35.7770,10.8262,Ksibet el-Mediouni,CITE 18 JANVIER
Monastir,TN-52,35.7770,10.8262,Ksibet el-Mediouni,CITE COMMERCIALE
Monastir,TN-52,35.7770,10.8262,Ksibet el-Mediouni,CITE DE LA LIBERTE
Monastir,TN-52,35.7770,10.8262,Ksibet el-Mediouni,CITE AIR NOUVELLE
Monastir,TN-52,35.7770,10.8262,Ksibet el-Mediouni,BENNANE
Monastir,TN-52,35.7770,10.8262,Ksibet el-Mediouni,CITE ENNADHOUR 1
Monastir,TN-52,35.7770,10.8262,Ksibet el-Mediouni,CITE SIDI EL MEDIOUNI
Monastir,TN-52,35.7770,10.8262,Ksibet el-Mediouni,CITE TAREK IBN ZIED
Monastir,TN-52,35.7770,10.8262,Ksibet el-Mediouni,KSIBET EL MEDIOUNI
Monastir,TN-52,35.7770,10.8262,Ksibet el-Mediouni,BOU DHER
Monastir,TN-52,35.7770,10.8262,Ksibet el-Mediouni,CITE ENNADHOUR 2
Monastir,TN-52,35.7770,10.8262,Ksibet el-Mediouni,CITE EZZAYATINE
Monastir,TN-52,35.7770,10.8262,Ksibet el-Mediouni,CITE OUED SEKKAL
Monastir,TN-52,35.7770,10.8262,Ksibet el-Mediouni,CITE POPULAIRE
Monastir,TN-52,35.7770,10.8262,Ksibet el-Mediouni,CITE RABBAH
Monastir,TN-52,35.7770,10.8262,Ksibet el-Mediouni,CITE ENNADHOUR 3
Monastir,TN-52,35.7770,10.8262,Ksibet el-Mediouni,CITE ESSAKIA
Monastir,TN-52,35.7770,10.8262,Sayada-Lamta-Bou Hajar,CITE BIR EL AYEB
Monastir,TN-52,35.7770,10.8262,Sayada-Lamta-Bou Hajar,CITE GOURRAIA
Monastir,TN-52,35.7770,10.8262,Sayada-Lamta-Bou Hajar,CITE NOUVELLE
Monastir,TN-52,35.7770,10.8262,Sayada-Lamta-Bou Hajar,CITE SIDI AMMAR
Monastir,TN-52,35.7770,10.8262,Sayada-Lamta-Bou Hajar,SAYADA
Monastir,TN-52,35.7770,10.8262,Sayada-Lamta-Bou Hajar,SIDI ABDESSALEM
Monastir,TN-52,35.7770,10.8262,Sayada-Lamta-Bou Hajar,CITE CHOOBET ROMMAN
Monastir,TN-52,35.7770,10.8262,Sayada-Lamta-Bou Hajar,CITE NOUVELLE
Monastir,TN-52,35.7770,10.8262,Sayada-Lamta-Bou Hajar,CITE ENNADHOUR
Monastir,TN-52,35.7770,10.8262,Sayada-Lamta-Bou Hajar,LAMTA
Monastir,TN-52,35.7770,10.8262,Sayada-Lamta-Bou Hajar,BOU HAJAR
Mahdia,TN-53,35.5047,11.0622,Mahdia,MAHDIA REPUBLIQUE
Mahdia,TN-53,35.5047,11.0622,Mahdia,CITE ESSAADA
Mahdia,TN-53,35.5047,11.0622,Mahdia,CITE ESSALEM
Mahdia,TN-53,35.5047,11.0622,Mahdia,MAHDIA EZZAHRA
Mahdia,TN-53,35.5047,11.0622,Mahdia,EL HEKAIMA
Mahdia,TN-53,35.5047,11.0622,Mahdia,CITE DES INFIRMIERS
Mahdia,TN-53,35.5047,11.0622,Mahdia,CITE ENNOUR
Mahdia,TN-53,35.5047,11.0622,Mahdia,CITE SIDI MESSAOUD
Mahdia,TN-53,35.5047,11.0622,Mahdia,EDDIKHILA 3
Mahdia,TN-53,35.5047,11.0622,Mahdia,MAHDIA HIBOUN
Mahdia,TN-53,35.5047,11.0622,Mahdia,CITE NOUVELLE
Mahdia,TN-53,35.5047,11.0622,Mahdia,CHIBA
Mahdia,TN-53,35.5047,11.0622,Mahdia,CITE POPULAIRE
Mahdia,TN-53,35.5047,11.0622,Mahdia,REJICHE
Mahdia,TN-53,35.5047,11.0622,Mahdia,ESSAAD
Mahdia,TN-53,35.5047,11.0622,Mahdia,MAHDIA ESSOUK
Mahdia,TN-53,35.5047,11.0622,Mahdia,JOUAOUDA
Mahdia,TN-53,35.5047,11.0622,Mahdia,MERKEZ OULED DHAOUADI
Mahdia,TN-53,35.5047,11.0622,Mahdia,ZOUAOUINE
Mahdia,TN-53,35.5047,11.0622,Mahdia,CITE EL MOEZ
Mahdia,TN-53,35.5047,11.0622,Mahdia,CITE ETTAAMIR
Mahdia,TN-53,35.5047,11.0622,Mahdia,CITE TAHER SFAR
Mahdia,TN-53,35.5047,11.0622,Mahdia,MAHDIA
Mahdia,TN-53,35.5047,11.0622,Mahdia,CITE AFH
Mahdia,TN-53,35.5047,11.0622,Mahdia,CITE BOURGUIBA
Mahdia,TN-53,35.5047,11.0622,Mahdia,CITE HACHED
Mahdia,TN-53,35.5047,11.0622,Bou Merdes,MENZEL HAMZA EST
Mahdia,TN-53,35.5047,11.0622,Bou Merdes,MENZEL HAMZA OUEST
Mahdia,TN-53,35.5047,11.0622,Bou Merdes,ZERATA
Mahdia,TN-53,35.5047,11.0622,Bou Merdes,BOU HELAL EL ALI NORD
Mahdia,TN-53,35.5047,11.0622,Bou Merdes,CITE JEBEL
Mahdia,TN-53,35.5047,11.0622,Bou Merdes,CITE RURALE
Mahdia,TN-53,35.5047,11.0622,Bou Merdes,CITE SNIT
Mahdia,TN-53,35.5047,11.0622,Bou Merdes,EL AOUADHBIA
Mahdia,TN-53,35.5047,11.0622,Bou Merdes,EL MELAHMA
Mahdia,TN-53,35.5047,11.0622,Bou Merdes,ERREBIBETTE
Mahdia,TN-53,35.5047,11.0622,Bou Merdes,KERKER
Mahdia,TN-53,35.5047,11.0622,Bou Merdes,BOU HELAL SUD
Mahdia,TN-53,35.5047,11.0622,Bou Merdes,ENNAIMA
Mahdia,TN-53,35.5047,11.0622,Bou Merdes,CITE GHRISSINE
Mahdia,TN-53,35.5047,11.0622,Bou Merdes,BOU MERDES
Mahdia,TN-53,35.5047,11.0622,Bou Merdes,CHOUARIA
Mahdia,TN-53,35.5047,11.0622,Bou Merdes,EL HOUS
Mahdia,TN-53,35.5047,11.0622,Bou Merdes,CITE ADMINISTRATIVE
Mahdia,TN-53,35.5047,11.0622,Bou Merdes,ERROUADHI
Mahdia,TN-53,35.5047,11.0622,Ouled Chamakh,BOU SLIM
Mahdia,TN-53,35.5047,11.0622,Ouled Chamakh,EL AJILETTE
Mahdia,TN-53,35.5047,11.0622,Ouled Chamakh,EL MHARZA EST
Mahdia,TN-53,35.5047,11.0622,Ouled Chamakh,EL MANAA
Mahdia,TN-53,35.5047,11.0622,Ouled Chamakh,OULED BOUZID
Mahdia,TN-53,35.5047,11.0622,Ouled Chamakh,OULED CHAMAKH
Mahdia,TN-53,35.5047,11.0622,Ouled Chamakh,SOMRA
Mahdia,TN-53,35.5047,11.0622,Ouled Chamakh,CHEHIMET
Mahdia,TN-53,35.5047,11.0622,Ouled Chamakh,OULED AMOR
Mahdia,TN-53,35.5047,11.0622,Chorbane,EL KHIOUR
Mahdia,TN-53,35.5047,11.0622,Chorbane,EL GOUASSEM
Mahdia,TN-53,35.5047,11.0622,Chorbane,CHARAF
Mahdia,TN-53,35.5047,11.0622,Chorbane,CHORBANE
Mahdia,TN-53,35.5047,11.0622,Chorbane,CITE NOUVELLE
Mahdia,TN-53,35.5047,11.0622,Chorbane,EL BASSORA
Mahdia,TN-53,35.5047,11.0622,Chorbane,EL GRADHA OUEST
Mahdia,TN-53,35.5047,11.0622,Chorbane,HENCHIR BOUAZIZ
Mahdia,TN-53,35.5047,11.0622,Chorbane,KHERADNA
Mahdia,TN-53,35.5047,11.0622,Chorbane,MAATI CHERAF
Mahdia,TN-53,35.5047,11.0622,Chorbane,MAATI HENCHIR BOU AZIZ
Mahdia,TN-53,35.5047,11.0622,Chorbane,OULED ABDENNEBI
Mahdia,TN-53,35.5047,11.0622,Chorbane,OULED AHMED
Mahdia,TN-53,35.5047,11.0622,Chorbane,OULED CHERIFA
Mahdia,TN-53,35.5047,11.0622,Chorbane,OULED EL HANNACHI
Mahdia,TN-53,35.5047,11.0622,Chorbane,OULED SGHAIER
Mahdia,TN-53,35.5047,11.0622,Chorbane,EL GRADHA EST
Mahdia,TN-53,35.5047,11.0622,Chorbane,CHAHDA
Mahdia,TN-53,35.5047,11.0622,Chorbane,NEFFATIA
Mahdia,TN-53,35.5047,11.0622,Hebira,MENZEL HACHED
Mahdia,TN-53,35.5047,11.0622,Hebira,MEHARZA 18
Mahdia,TN-53,35.5047,11.0622,Hebira,REGAIGA
Mahdia,TN-53,35.5047,11.0622,Hebira,HBIRA
Mahdia,TN-53,35.5047,11.0622,Hebira,CHATT OULED NCIB
Mahdia,TN-53,35.5047,11.0622,Hebira,EL HAJJARA
Mahdia,TN-53,35.5047,11.0622,Hebira,CHAHDA OUEST
Mahdia,TN-53,35.5047,11.0622,Hebira,AGBA
Mahdia,TN-53,35.5047,11.0622,Essouassi,CITE COMMERCIALE
Mahdia,TN-53,35.5047,11.0622,Essouassi,CITE ETTAAMIR
Mahdia,TN-53,35.5047,11.0622,Essouassi,CITE EZZOUHOUR
Mahdia,TN-53,35.5047,11.0622,Essouassi,CITE IBN KHALDOUN
Mahdia,TN-53,35.5047,11.0622,Essouassi,CITE INDUSTRIELLE
Mahdia,TN-53,35.5047,11.0622,Essouassi,CITE POPULAIRE
Mahdia,TN-53,35.5047,11.0622,Essouassi,ETHOUABTIA
Mahdia,TN-53,35.5047,11.0622,Essouassi,EZZEIRATE
Mahdia,TN-53,35.5047,11.0622,Essouassi,GDARAT
Mahdia,TN-53,35.5047,11.0622,Essouassi,JEMIAAT
Mahdia,TN-53,35.5047,11.0622,Essouassi,OULED AMOR
Mahdia,TN-53,35.5047,11.0622,Essouassi,OULED BOU HELAL
Mahdia,TN-53,35.5047,11.0622,Essouassi,OULED KHELIFA
Mahdia,TN-53,35.5047,11.0622,Essouassi,OULED MOULAHOUM
Mahdia,TN-53,35.5047,11.0622,Essouassi,JEMAMLA
Mahdia,TN-53,35.5047,11.0622,Essouassi,EL MANSOURA SOUASSI
Mahdia,TN-53,35.5047,11.0622,Essouassi,SIDI BOU HELAL
Mahdia,TN-53,35.5047,11.0622,Essouassi,REJIBET
Mahdia,TN-53,35.5047,11.0622,Essouassi,OULED MOULAHOUM SUD
Mahdia,TN-53,35.5047,11.0622,Essouassi,KSESBA
Mahdia,TN-53,35.5047,11.0622,Essouassi,SIDI ZID
Mahdia,TN-53,35.5047,11.0622,Essouassi,CITE 9 AVRIL
Mahdia,TN-53,35.5047,11.0622,Essouassi,CHAARA
Mahdia,TN-53,35.5047,11.0622,Essouassi,ESSETOUTE
Mahdia,TN-53,35.5047,11.0622,Essouassi,CITE AFH
Mahdia,TN-53,35.5047,11.0622,Essouassi,SIDI NACEUR NORD
Mahdia,TN-53,35.5047,11.0622,Essouassi,SOUASSI
Mahdia,TN-53,35.5047,11.0622,El Jem,CITE IBN SINA
Mahdia,TN-53,35.5047,11.0622,El Jem,CITE NOUVELLE
Mahdia,TN-53,35.5047,11.0622,El Jem,EL JEM
Mahdia,TN-53,35.5047,11.0622,El Jem,EL MECHELETTE
Mahdia,TN-53,35.5047,11.0622,El Jem,OULED FARHAT
Mahdia,TN-53,35.5047,11.0622,El Jem,BENI THABET
Mahdia,TN-53,35.5047,11.0622,El Jem,EL ACHABA
Mahdia,TN-53,35.5047,11.0622,El Jem,SIDI BOU HELAL
Mahdia,TN-53,35.5047,11.0622,El Jem,TLELSA
Mahdia,TN-53,35.5047,11.0622,El Jem,ZEGHABNA
Mahdia,TN-53,35.5047,11.0622,El Jem,TOUAHRA
Mahdia,TN-53,35.5047,11.0622,El Jem,EL AITHA
Mahdia,TN-53,35.5047,11.0622,El Jem,OULED EL HAJ
Mahdia,TN-53,35.5047,11.0622,El Jem,RIADH BOU HELAL
Mahdia,TN-53,35.5047,11.0622,Chebba,CITE DE LA PLAGE
Mahdia,TN-53,35.5047,11.0622,Chebba,FERAHTA
Mahdia,TN-53,35.5047,11.0622,Chebba,LA CHEBBA
Mahdia,TN-53,35.5047,11.0622,Chebba,MERKEZ CHAABNA
Mahdia,TN-53,35.5047,11.0622,Melloulèche,OULED JABALLAH
Mahdia,TN-53,35.5047,11.0622,Melloulèche,BENI TOURCH
Mahdia,TN-53,35.5047,11.0622,Melloulèche,MELLOULECH
Mahdia,TN-53,35.5047,11.0622,Melloulèche,OULED ABDALLAH
Mahdia,TN-53,35.5047,11.0622,Melloulèche,OULED MABROUK
Mahdia,TN-53,35.5047,11.0622,Melloulèche,EL HOUD
Mahdia,TN-53,35.5047,11.0622,Melloulèche,EL MANSOURA
Mahdia,TN-53,35.5047,11.0622,Sidi Alouane,SAKIET EL KHADEM
Mahdia,TN-53,35.5047,11.0622,Sidi Alouane,SIDI ALI GHEDIR
Mahdia,TN-53,35.5047,11.0622,Sidi Alouane,EL BRAGHTIA
Mahdia,TN-53,35.5047,11.0622,Sidi Alouane,ZORDA
Mahdia,TN-53,35.5047,11.0622,Sidi Alouane,BAAJLA
Mahdia,TN-53,35.5047,11.0622,Sidi Alouane,CITE DAR EL HADAD
Mahdia,TN-53,35.5047,11.0622,Sidi Alouane,SIDI ALOUENE
Mahdia,TN-53,35.5047,11.0622,Sidi Alouane,ENNOUZHA
Mahdia,TN-53,35.5047,11.0622,Sidi Alouane,OULED AICHA
Mahdia,TN-53,35.5047,11.0622,Sidi Alouane,ZELBA
Mahdia,TN-53,35.5047,11.0622,Sidi Alouane,OUED GUELAT
Mahdia,TN-53,35.5047,11.0622,Sidi Alouane,EL MEJRIA
Mahdia,TN-53,35.5047,11.0622,Sidi Alouane,MERKEZ OULED HAJ KHELIFA
Mahdia,TN-53,35.5047,11.0622,Sidi Alouane,ZELBA EL HENCHIR
Mahdia,TN-53,35.5047,11.0622,Sidi Alouane,OUED BEJA
Mahdia,TN-53,35.5047,11.0622,Sidi Alouane,ESSAADA
Mahdia,TN-53,35.5047,11.0622,Sidi Alouane,EL HENICHETTE
Mahdia,TN-53,35.5047,11.0622,Sidi Alouane,EL BASSATINE
Mahdia,TN-53,35.5047,11.0622,Ksour Essef,CITE EL MALAJI
Mahdia,TN-53,35.5047,11.0622,Ksour Essef,EL BRADAA
Mahdia,TN-53,35.5047,11.0622,Ksour Essef,CITE EL WAFA
Mahdia,TN-53,35.5047,11.0622,Ksour Essef,EL HESSINETTE
Mahdia,TN-53,35.5047,11.0622,Ksour Essef,OULED SALAH
Mahdia,TN-53,35.5047,11.0622,Ksour Essef,SIDI ASSAKER
Mahdia,TN-53,35.5047,11.0622,Ksour Essef,CITE DOUIRA
Mahdia,TN-53,35.5047,11.0622,Ksour Essef,CITE EL HAJEB
Mahdia,TN-53,35.5047,11.0622,Ksour Essef,CITE EL IMARAT
Mahdia,TN-53,35.5047,11.0622,Ksour Essef,CITE EL MENAGUA
Mahdia,TN-53,35.5047,11.0622,Ksour Essef,CITE POPULAIRE
Mahdia,TN-53,35.5047,11.0622,Ksour Essef,CITE EZZOUHOUR
Mahdia,TN-53,35.5047,11.0622,Ksour Essef,SALAKTA
Mahdia,TN-53,35.5047,11.0622,Ksour Essef,EL GHEDHABNA
Mahdia,TN-53,35.5047,11.0622,Ksour Essef,EL KHMARA
Mahdia,TN-53,35.5047,11.0622,Ksour Essef,KSOUR ESSAF
Mahdia,TN-53,35.5047,11.0622,Ksour Essef,CITE EL FATIMI
Mahdia,TN-53,35.5047,11.0622,Ksour Essef,KSOUR ESSAF HACHED
Mahdia,TN-53,35.5047,11.0622,Ksour Essef,CITE SALAH BEN ALI
Mahdia,TN-53,35.5047,11.0622,Ksour Essef,RECHERCHA
Mahdia,TN-53,35.5047,11.0622,Ksour Essef,CITE COMMERCIALE
Mahdia,TN-53,35.5047,11.0622,Ksour Essef,CITE DHAMENE
Mahdia,TN-53,35.5047,11.0622,Ksour Essef,CITE EL BASSATINE
Sfax,TN-61,34.7406,10.7603,Sfax Est,EL BOUSTEN
Sfax,TN-61,34.7406,10.7603,Sfax Est,MAJEN EDDROJ
Sfax,TN-61,34.7406,10.7603,Sfax Est,MERKEZ BEN AMEUR
Sfax,TN-61,34.7406,10.7603,Sfax Est,MERKEZ BERMAKI
Sfax,TN-61,34.7406,10.7603,Sfax Est,MERKEZ BOU KHEDIR
Sfax,TN-61,34.7406,10.7603,Sfax Est,MERKEZ GUIRAT
Sfax,TN-61,34.7406,10.7603,Sfax Est,MERKEZ JELLOULI
Sfax,TN-61,34.7406,10.7603,Sfax Est,MERKEZ ZOUAYED
Sfax,TN-61,34.7406,10.7603,Sfax Est,OUED LAACHECH
Sfax,TN-61,34.7406,10.7603,Sfax Est,ROUADHI
Sfax,TN-61,34.7406,10.7603,Sfax Est,SFAX
Sfax,TN-61,34.7406,10.7603,Sfax Est,SIDI ABDELKEFI
Sfax,TN-61,34.7406,10.7603,Sfax Est,SIDI JILANI
Sfax,TN-61,34.7406,10.7603,Sfax Est,SIDI LITEYEM
Sfax,TN-61,34.7406,10.7603,Sfax Est,SOUALMIA
Sfax,TN-61,34.7406,10.7603,Sfax Est,SFAX EL JADIDA
Sfax,TN-61,34.7406,10.7603,Sfax Est,MERKEZ DEROUICHE
Sfax,TN-61,34.7406,10.7603,Sfax Est,CAID MHAMED
Sfax,TN-61,34.7406,10.7603,Sfax Est,BAB EL JEBLI
Sfax,TN-61,34.7406,10.7603,Sfax Est,SOUK EL FERIANI
Sfax,TN-61,34.7406,10.7603,Sfax Est,SFAX MAGREB ARABE
Sfax,TN-61,34.7406,10.7603,Sfax Est,MERKEZ EL ALIA
Sfax,TN-61,34.7406,10.7603,Sfax Est,SFAX PORT
Sfax,TN-61,34.7406,10.7603,Sfax Est,SFAX HACHED
Sfax,TN-61,34.7406,10.7603,Sfax Est,HAI EL KHIRI
Sfax,TN-61,34.7406,10.7603,Sfax Est,ENNIGROU
Sfax,TN-61,34.7406,10.7603,Sfax Est,AIN CHARFI
Sfax,TN-61,34.7406,10.7603,Sfax Est,AIN EL FELLAT
Sfax,TN-61,34.7406,10.7603,Sfax Est,AIN EL MAYEL
Sfax,TN-61,34.7406,10.7603,Sfax Est,AIN TOURKIA
Sfax,TN-61,34.7406,10.7603,Sfax Est,AIN TURKI
Sfax,TN-61,34.7406,10.7603,Sfax Est,BIR BEN AYED
Sfax,TN-61,34.7406,10.7603,Sfax Est,BIR EL MELLOULI
Sfax,TN-61,34.7406,10.7603,Sfax Est,BIR TEBAK
Sfax,TN-61,34.7406,10.7603,Sfax Est,CITE BOURGUIBA 2
Sfax,TN-61,34.7406,10.7603,Sfax Est,CITE BOUZID
Sfax,TN-61,34.7406,10.7603,Sfax Est,CITE CNRPS
Sfax,TN-61,34.7406,10.7603,Sfax Est,CITE COMMERCIALE
Sfax,TN-61,34.7406,10.7603,Sfax Est,CITE COMPENSATION
Sfax,TN-61,34.7406,10.7603,Sfax Est,CITE DE LE LIBERTE
Sfax,TN-61,34.7406,10.7603,Sfax Est,CITE DU JARDIN 1
Sfax,TN-61,34.7406,10.7603,Sfax Est,CITE EL AMEL
Sfax,TN-61,34.7406,10.7603,Sfax Est,CITE EL MAAREF
Sfax,TN-61,34.7406,10.7603,Sfax Est,CITE EL MOUROUJ
Sfax,TN-61,34.7406,10.7603,Sfax Est,CITE ESSOUROUR
Sfax,TN-61,34.7406,10.7603,Sfax Est,HABBANA 2
Sfax,TN-61,34.7406,10.7603,Sfax Est,CITE EZZITOUNA
Sfax,TN-61,34.7406,10.7603,Sfax Est,EL ACHACH
Sfax,TN-61,34.7406,10.7603,Sfax Est,CITE JOUA
Sfax,TN-61,34.7406,10.7603,Sfax Est,CITE NOUVELLE KERKOUAN
Sfax,TN-61,34.7406,10.7603,Sfax Est,CITE SIAPE
Sfax,TN-61,34.7406,10.7603,Sakiet Ezzit,SAKIET EZZIT
Sfax,TN-61,34.7406,10.7603,Sakiet Ezzit,MERKEZ BOUACIDA
Sfax,TN-61,34.7406,10.7603,Sakiet Ezzit,CITE 20 MARS
Sfax,TN-61,34.7406,10.7603,Sakiet Ezzit,CITE ENNASR
Sfax,TN-61,34.7406,10.7603,Sakiet Ezzit,CITE ENNOUZHA
Sfax,TN-61,34.7406,10.7603,Sakiet Ezzit,EL MNASRIA
Sfax,TN-61,34.7406,10.7603,Sakiet Ezzit,MERKEZ CHIHYA
Sfax,TN-61,34.7406,10.7603,Sakiet Ezzit,SIDI SALAH
Sfax,TN-61,34.7406,10.7603,Sakiet Eddaier,MERKEZ LAJMI
Sfax,TN-61,34.7406,10.7603,Sakiet Eddaier,CITE DE LE LIBERTE
Sfax,TN-61,34.7406,10.7603,Sakiet Eddaier,CITE EL AMEL
Sfax,TN-61,34.7406,10.7603,Sakiet Eddaier,CITE EL HAFFARA
Sfax,TN-61,34.7406,10.7603,Sakiet Eddaier,MERKEZ KAANICHE
Sfax,TN-61,34.7406,10.7603,Sakiet Eddaier,SAKIET EDDAIER
Sfax,TN-61,34.7406,10.7603,Sakiet Eddaier,CITE EL AFRANE
Sfax,TN-61,34.7406,10.7603,Sakiet Eddaier,MERKEZ SEBAI
Sfax,TN-61,34.7406,10.7603,Sakiet Eddaier,CITE ENNADHOUR
Sfax,TN-61,34.7406,10.7603,Sakiet Eddaier,CITE ERRIADH
Sfax,TN-61,34.7406,10.7603,Sakiet Eddaier,CITE NOUVELLE
Sfax,TN-61,34.7406,10.7603,Sakiet Eddaier,SIDI MANSOUR
Sfax,TN-61,34.7406,10.7603,Sakiet Eddaier,EL KHALIJ
Sfax,TN-61,34.7406,10.7603,Sakiet Eddaier,CITE EL MALLEK
Sfax,TN-61,34.7406,10.7603,Sakiet Eddaier,ESSAADI
Sfax,TN-61,34.7406,10.7603,Sakiet Eddaier,ESSALTANIA
Sfax,TN-61,34.7406,10.7603,Sakiet Eddaier,CITE BOURGUIBA
Sfax,TN-61,34.7406,10.7603,Sfax Sud,CITE EL MGHAIER
Sfax,TN-61,34.7406,10.7603,Sfax Sud,CITE ENNASR
Sfax,TN-61,34.7406,10.7603,Sfax Sud,MERKEZ SAHNOUN
Sfax,TN-61,34.7406,10.7603,Sfax Sud,CITE 2000
Sfax,TN-61,34.7406,10.7603,Sfax Sud,MERKEZ CHAABOUNI
Sfax,TN-61,34.7406,10.7603,Sfax Sud,MERKEZ DAMMAK
Sfax,TN-61,34.7406,10.7603,Sfax Sud,MERKEZ KASSAS
Sfax,TN-61,34.7406,10.7603,Sfax Sud,MERKEZ KAMOUN
Sfax,TN-61,34.7406,10.7603,Sfax Sud,EL AIN
Sfax,TN-61,34.7406,10.7603,Sfax Sud,MERKEZ ALOULOU
Sfax,TN-61,34.7406,10.7603,Sfax Sud,MERKEZ JILANI
Sfax,TN-61,34.7406,10.7603,Sfax Sud,EL KHAZZANETTE
Sfax,TN-61,34.7406,10.7603,Sfax Sud,SIDI ABBES
Sfax,TN-61,34.7406,10.7603,Sfax Sud,EL AOUABED
Sfax,TN-61,34.7406,10.7603,Sfax Sud,CITE BADRANI
Sfax,TN-61,34.7406,10.7603,Sfax Sud,EL AOUYET
Sfax,TN-61,34.7406,10.7603,Sfax Sud,CITE MOEZ 1
Sfax,TN-61,34.7406,10.7603,Sfax Sud,CITE MOEZ 2
Sfax,TN-61,34.7406,10.7603,Sfax Sud,CITE MOEZ 4
Sfax,TN-61,34.7406,10.7603,Sfax Sud,CITE SIDI ABID
Sfax,TN-61,34.7406,10.7603,Sfax Sud,TYNA
Sfax,TN-61,34.7406,10.7603,Sfax Sud,CITE TYNA 1
Sfax,TN-61,34.7406,10.7603,Sfax Sud,CITE TYNA 2
Sfax,TN-61,34.7406,10.7603,Sfax Sud,TYNA EL JADIDA
Sfax,TN-61,34.7406,10.7603,Sfax Sud,MERKEZ OUALI
Sfax,TN-61,34.7406,10.7603,Sfax Sud,MERKEZ ALOUI
Sfax,TN-61,34.7406,10.7603,Sfax Sud,EL HAJEB
Sfax,TN-61,34.7406,10.7603,Skhira,Radès
Sfax,TN-61,34.7406,10.7603,Agareb,AGAREB
Sfax,TN-61,34.7406,10.7603,Agareb,BEN SAHLOUN
Sfax,TN-61,34.7406,10.7603,Agareb,CITE 2 MARS
Sfax,TN-61,34.7406,10.7603,Agareb,CITE 2 MARS 1
Sfax,TN-61,34.7406,10.7603,Agareb,CITE 2 MARS 2
Sfax,TN-61,34.7406,10.7603,Agareb,CITE CNEL
Sfax,TN-61,34.7406,10.7603,Agareb,CITE EL IZDIHAR
Sfax,TN-61,34.7406,10.7603,Agareb,CITE EL MENZAH
Sfax,TN-61,34.7406,10.7603,Agareb,CITE ENNOUR
Sfax,TN-61,34.7406,10.7603,Agareb,CITE SNIT
Sfax,TN-61,34.7406,10.7603,Agareb,EL MAHROUGA
Sfax,TN-61,34.7406,10.7603,Agareb,EL MARAANIA
Sfax,TN-61,34.7406,10.7603,Agareb,EL MSADGA
Sfax,TN-61,34.7406,10.7603,Agareb,MERKEZ ATTIA
Sfax,TN-61,34.7406,10.7603,Agareb,MERKEZ BOU LEDHIEB
Sfax,TN-61,34.7406,10.7603,Agareb,MERKEZ JOUAOUDA
Sfax,TN-61,34.7406,10.7603,Agareb,MERKEZ TIJANI
Sfax,TN-61,34.7406,10.7603,Agareb,TRAKA
Sfax,TN-61,34.7406,10.7603,Agareb,ZELIANA
Sfax,TN-61,34.7406,10.7603,Agareb,GARGOUR
Sfax,TN-61,34.7406,10.7603,Agareb,JEBERNA
Sfax,TN-61,34.7406,10.7603,Agareb,MERKEZ SGHAR
Sfax,TN-61,34.7406,10.7603,Jebeniana,EL LOUZA
Sfax,TN-61,34.7406,10.7603,Jebeniana,AGUEGCHA
Sfax,TN-61,34.7406,10.7603,Jebeniana,HAZEG
Sfax,TN-61,34.7406,10.7603,Jebeniana,OULED MNASSER
Sfax,TN-61,34.7406,10.7603,Jebeniana,OULED BOUSMIR
Sfax,TN-61,34.7406,10.7603,Jebeniana,DOUAR LOUATA
Sfax,TN-61,34.7406,10.7603,Jebeniana,AIN EL GHEZAL
Sfax,TN-61,34.7406,10.7603,Jebeniana,BLITECH
Sfax,TN-61,34.7406,10.7603,Jebeniana,CITE EL BASSATINE
Sfax,TN-61,34.7406,10.7603,Jebeniana,CITE EL FATEH
Sfax,TN-61,34.7406,10.7603,Jebeniana,CITE JARDINS
Sfax,TN-61,34.7406,10.7603,Jebeniana,EL BOTRIA
Sfax,TN-61,34.7406,10.7603,Jebeniana,EL GHERASA
Sfax,TN-61,34.7406,10.7603,Jebeniana,EL GUELALJA
Sfax,TN-61,34.7406,10.7603,Jebeniana,HENCHIR EL EUCH
Sfax,TN-61,34.7406,10.7603,Jebeniana,JEBENIANA
Sfax,TN-61,34.7406,10.7603,Jebeniana,OULED AHMED
Sfax,TN-61,34.7406,10.7603,Jebeniana,OULED MSALLEM EDKHAL
Sfax,TN-61,34.7406,10.7603,Jebeniana,OULED YOUSSEF
Sfax,TN-61,34.7406,10.7603,Jebeniana,SIDI MSARRA
Sfax,TN-61,34.7406,10.7603,Jebeniana,AJENGA
Sfax,TN-61,34.7406,10.7603,El Amra,BELIANA
Sfax,TN-61,34.7406,10.7603,El Amra,CITE 7 NOVEMBRE
Sfax,TN-61,34.7406,10.7603,El Amra,CITE EL HMERNA
Sfax,TN-61,34.7406,10.7603,El Amra,CITE EZZAYATINE
Sfax,TN-61,34.7406,10.7603,El Amra,CITE HOUMA CHARGUIA
Sfax,TN-61,34.7406,10.7603,El Amra,CITE POPULAIRE 1
Sfax,TN-61,34.7406,10.7603,El Amra,CITE POPULAIRE 2
Sfax,TN-61,34.7406,10.7603,El Amra,CITE POPULAIRE 3
Sfax,TN-61,34.7406,10.7603,El Amra,EL AMRA
Sfax,TN-61,34.7406,10.7603,El Amra,EL FIDH
Sfax,TN-61,34.7406,10.7603,El Amra,IFFI
Sfax,TN-61,34.7406,10.7603,El Amra,EL MHARA
Sfax,TN-61,34.7406,10.7603,El Amra,ESSALEM
Sfax,TN-61,34.7406,10.7603,El Amra,ESSAADI
Sfax,TN-61,34.7406,10.7603,El Amra,MERKEZ EL KHEMIRI
Sfax,TN-61,34.7406,10.7603,El Amra,OUED LAACHECH
Sfax,TN-61,34.7406,10.7603,El Amra,DHRAA BEN ZIAD
Sfax,TN-61,34.7406,10.7603,El Amra,EL KETATNA
Sfax,TN-61,34.7406,10.7603,El Hencha,EL GHRABA
Sfax,TN-61,34.7406,10.7603,El Hencha,CITE EL HANCHA OUEST
Sfax,TN-61,34.7406,10.7603,El Hencha,CITE EL HANCHA SUD
Sfax,TN-61,34.7406,10.7603,El Hencha,CITE EL IFA
Sfax,TN-61,34.7406,10.7603,El Hencha,CITE EL KOUIFLA
Sfax,TN-61,34.7406,10.7603,El Hencha,CITE EL OJNA
Sfax,TN-61,34.7406,10.7603,El Hencha,CITE ENVIRONNEMENT
Sfax,TN-61,34.7406,10.7603,El Hencha,CITE OULED AICHA
Sfax,TN-61,34.7406,10.7603,El Hencha,CITE OUM SALAH
Sfax,TN-61,34.7406,10.7603,El Hencha,EL GHIEB
Sfax,TN-61,34.7406,10.7603,El Hencha,EL GUETATSA
Sfax,TN-61,34.7406,10.7603,El Hencha,EL HACHANA
Sfax,TN-61,34.7406,10.7603,El Hencha,EL HAJJARA
Sfax,TN-61,34.7406,10.7603,El Hencha,ESSEGHARA
Sfax,TN-61,34.7406,10.7603,El Hencha,CITE ALGERIE
Sfax,TN-61,34.7406,10.7603,El Hencha,CITE CHERIF
Sfax,TN-61,34.7406,10.7603,El Hencha,CITE COMMERCIALE 1
Sfax,TN-61,34.7406,10.7603,El Hencha,CITE COMMERCIALE 2
Sfax,TN-61,34.7406,10.7603,El Hencha,CITE EL FATEH
Sfax,TN-61,34.7406,10.7603,El Hencha,CITE EL FHEIL
Sfax,TN-61,34.7406,10.7603,El Hencha,CITE EL HANCHA EST
Sfax,TN-61,34.7406,10.7603,El Hencha,HENCHIR EL JOUB
Sfax,TN-61,34.7406,10.7603,El Hencha,MERKEZ CHOUCHA
Sfax,TN-61,34.7406,10.7603,El Hencha,SIDI MHAMED BEN AMOR
Sfax,TN-61,34.7406,10.7603,El Hencha,SOUALMIA
Sfax,TN-61,34.7406,10.7603,El Hencha,SIDI HASSEN
Sfax,TN-61,34.7406,10.7603,El Hencha,BIR CHAABA
Sfax,TN-61,34.7406,10.7603,El Hencha,EL HELALFA
Sfax,TN-61,34.7406,10.7603,El Hencha,EL HENCHA
Sfax,TN-61,34.7406,10.7603,El Hencha,HENCHIR EL MOSBAH
Sfax,TN-61,34.7406,10.7603,El Hencha,JALAILA
Sfax,TN-61,34.7406,10.7603,El Hencha,OULED AMOR
Sfax,TN-61,34.7406,10.7603,El Hencha,OULED TAHAR
Sfax,TN-61,34.7406,10.7603,El Hencha,BIR SALAH
Sfax,TN-61,34.7406,10.7603,El Hencha,BIR LAHMAR
Sfax,TN-61,34.7406,10.7603,El Hencha,CITE POPULAIRE
Sfax,TN-61,34.7406,10.7603,El Hencha,DOUKHANE
Sfax,TN-61,34.7406,10.7603,El Hencha,EL KHECHERMA
Sfax,TN-61,34.7406,10.7603,Menzel Chaker,BOU THADI
Sfax,TN-61,34.7406,10.7603,Menzel Chaker,BECHKA
Sfax,TN-61,34.7406,10.7603,Menzel Chaker,CHAALEB
Sfax,TN-61,34.7406,10.7603,Menzel Chaker,CITE 7 NOVEMBRE
Sfax,TN-61,34.7406,10.7603,Menzel Chaker,CITE DE LA GARE
Sfax,TN-61,34.7406,10.7603,Menzel Chaker,CITE EL HABIB
Sfax,TN-61,34.7406,10.7603,Menzel Chaker,CITE ERRAOUDHA
Sfax,TN-61,34.7406,10.7603,Menzel Chaker,CITE ETTAHRIR
Sfax,TN-61,34.7406,10.7603,Menzel Chaker,CITE HABIB BOURGUIBA
Sfax,TN-61,34.7406,10.7603,Menzel Chaker,CITE HABIB THAMEUR
Sfax,TN-61,34.7406,10.7603,Menzel Chaker,CITE MERKEZ SELLAMI
Sfax,TN-61,34.7406,10.7603,Menzel Chaker,CITE TAIEB MHIRI
Sfax,TN-61,34.7406,10.7603,Menzel Chaker,EL AITHA
Sfax,TN-61,34.7406,10.7603,Menzel Chaker,HAI KACEM
Sfax,TN-61,34.7406,10.7603,Menzel Chaker,HAJ KACEM 1
Sfax,TN-61,34.7406,10.7603,Menzel Chaker,HAJ KACEM 2
Sfax,TN-61,34.7406,10.7603,Menzel Chaker,KSAR ERRIH
Sfax,TN-61,34.7406,10.7603,Menzel Chaker,LIMAYA
Sfax,TN-61,34.7406,10.7603,Menzel Chaker,MENZEL HEDI CHAKER
Sfax,TN-61,34.7406,10.7603,Menzel Chaker,OUED LAZRAG
Sfax,TN-61,34.7406,10.7603,Menzel Chaker,TLIL EL AJLA
Sfax,TN-61,34.7406,10.7603,Menzel Chaker,ZAIBET
Sfax,TN-61,34.7406,10.7603,Menzel Chaker,BOU JARBOU
Sfax,TN-61,34.7406,10.7603,Ghraïba,RABTA
Sfax,TN-61,34.7406,10.7603,Ghraïba,BELHOUICHETTE
Sfax,TN-61,34.7406,10.7603,Ghraïba,CHAAL
Sfax,TN-61,34.7406,10.7603,Ghraïba,ETTAKADDOUM
Sfax,TN-61,34.7406,10.7603,Ghraïba,SMARA
Sfax,TN-61,34.7406,10.7603,Ghraïba,SKAINA
Sfax,TN-61,34.7406,10.7603,Ghraïba,TARFAOUI
Sfax,TN-61,34.7406,10.7603,Ghraïba,EL HAMMAM
Sfax,TN-61,34.7406,10.7603,Ghraïba,ESSOUDANE
Sfax,TN-61,34.7406,10.7603,Ghraïba,GHRAIBA
Sfax,TN-61,34.7406,10.7603,Bir Ali Ben Khalifa,REBAYA SIDI DHAHER
Sfax,TN-61,34.7406,10.7603,Bir Ali Ben Khalifa,EL OUDRANE
Sfax,TN-61,34.7406,10.7603,Bir Ali Ben Khalifa,LETAIFA
Sfax,TN-61,34.7406,10.7603,Bir Ali Ben Khalifa,RAS FARTOUT
Sfax,TN-61,34.7406,10.7603,Bir Ali Ben Khalifa,RAS SOUINIA
Sfax,TN-61,34.7406,10.7603,Bir Ali Ben Khalifa,REBAYA
Sfax,TN-61,34.7406,10.7603,Bir Ali Ben Khalifa,SIDI DHAHER
Sfax,TN-61,34.7406,10.7603,Bir Ali Ben Khalifa,SIDI MANSOUR
Sfax,TN-61,34.7406,10.7603,Bir Ali Ben Khalifa,SOUINIA
Sfax,TN-61,34.7406,10.7603,Bir Ali Ben Khalifa,TOULB
Sfax,TN-61,34.7406,10.7603,Bir Ali Ben Khalifa,EL GUENDOUL
Sfax,TN-61,34.7406,10.7603,Bir Ali Ben Khalifa,OUM CHOUCHA
Sfax,TN-61,34.7406,10.7603,Bir Ali Ben Khalifa,MERKEZ EL HAMROUNI
Sfax,TN-61,34.7406,10.7603,Bir Ali Ben Khalifa,OUED REKHAM
Sfax,TN-61,34.7406,10.7603,Bir Ali Ben Khalifa,BIR ALI BEN KHELIFA
Sfax,TN-61,34.7406,10.7603,Bir Ali Ben Khalifa,BIR OULED MAHMOUD
Sfax,TN-61,34.7406,10.7603,Bir Ali Ben Khalifa,CHERAIET
Sfax,TN-61,34.7406,10.7603,Bir Ali Ben Khalifa,CITE DES ROSES 1
Sfax,TN-61,34.7406,10.7603,Bir Ali Ben Khalifa,CITE DES ROSES 2
Sfax,TN-61,34.7406,10.7603,Bir Ali Ben Khalifa,CITE EL FATEH
Sfax,TN-61,34.7406,10.7603,Bir Ali Ben Khalifa,CITE EL MENZEL
Sfax,TN-61,34.7406,10.7603,Bir Ali Ben Khalifa,EL AOUYED
Sfax,TN-61,34.7406,10.7603,Skhira,CHERAFRA
Sfax,TN-61,34.7406,10.7603,Skhira,EL GHERAIRIA
Sfax,TN-61,34.7406,10.7603,Skhira,EL MAGHDHIA
Sfax,TN-61,34.7406,10.7603,Skhira,EL MELHA
Sfax,TN-61,34.7406,10.7603,Skhira,ESSKHIRA
Sfax,TN-61,34.7406,10.7603,Skhira,FONDOUK CHIBANI
Sfax,TN-61,34.7406,10.7603,Skhira,FRICHETTE
Sfax,TN-61,34.7406,10.7603,Skhira,JEROUALA
Sfax,TN-61,34.7406,10.7603,Skhira,KENITRA
Sfax,TN-61,34.7406,10.7603,Skhira,NAOUAL
Sfax,TN-61,34.7406,10.7603,Skhira,OULED HAJ MOUSSA
Sfax,TN-61,34.7406,10.7603,Skhira,SIDI MHAMED NOUIGUEZ
Sfax,TN-61,34.7406,10.7603,Skhira,SOUANI
Sfax,TN-61,34.7406,10.7603,Skhira,SBIH
Sfax,TN-61,34.7406,10.7603,Skhira,EL HICHA
Sfax,TN-61,34.7406,10.7603,Skhira,BOU SAID
Sfax,TN-61,34.7406,10.7603,Mahres,MAHRAS
Sfax,TN-61,34.7406,10.7603,Mahres,SMARA
Sfax,TN-61,34.7406,10.7603,Mahres,CITE FLEMECH
Sfax,TN-61,34.7406,10.7603,Mahres,CITE HUILLERIE
Sfax,TN-61,34.7406,10.7603,Mahres,EL HACHICHINIA
Sfax,TN-61,34.7406,10.7603,Mahres,EL MOUESSETTE
Sfax,TN-61,34.7406,10.7603,Mahres,NEKTA
Sfax,TN-61,34.7406,10.7603,Mahres,EL MOUROUJ
Sfax,TN-61,34.7406,10.7603,Mahres,BELHOUCHETTE
Sfax,TN-61,34.7406,10.7603,Mahres,CHAAL GARE
Sfax,TN-61,34.7406,10.7603,Mahres,CHAFFAR
Sfax,TN-61,34.7406,10.7603,Mahres,CITE BOURGUIBA
Sfax,TN-61,34.7406,10.7603,Mahres,CITE EL BOUHALI
Sfax,TN-61,34.7406,10.7603,Mahres,CITE EL GUIDIRA
Sfax,TN-61,34.7406,10.7603,Mahres,CITE ENNAJAH
Sfax,TN-61,34.7406,10.7603,Mahres,CITE ENNASR
Sfax,TN-61,34.7406,10.7603,Mahres,CITE ENNOUR
Sfax,TN-61,34.7406,10.7603,Kerkennah,CITE GROUPE 1
Sfax,TN-61,34.7406,10.7603,Kerkennah,CITE GROUPE 2
Sfax,TN-61,34.7406,10.7603,Kerkennah,MELLITA
Sfax,TN-61,34.7406,10.7603,Kerkennah,OULED KACEM
Sfax,TN-61,34.7406,10.7603,Kerkennah,EL ATTAYA
Sfax,TN-61,34.7406,10.7603,Kerkennah,ENNAJET
Sfax,TN-61,34.7406,10.7603,Kerkennah,EL KRATEN
Sfax,TN-61,34.7406,10.7603,Kerkennah,CHERGUI
Sfax,TN-61,34.7406,10.7603,Kerkennah,CITE ANCIENNE KELLALINE
Sfax,TN-61,34.7406,10.7603,Kerkennah,CITE BOUAID KELLALINE
Sfax,TN-61,34.7406,10.7603,Kerkennah,CITE CNEL
Sfax,TN-61,34.7406,10.7603,Kerkennah,CITE DAR OUM DLEL
Sfax,TN-61,34.7406,10.7603,Kerkennah,CITE DOUIRETTE
Sfax,TN-61,34.7406,10.7603,Kerkennah,CITE EL AZEZBA
Sfax,TN-61,34.7406,10.7603,Kerkennah,CITE EL MAHJAR
Sfax,TN-61,34.7406,10.7603,Kerkennah,CITE HOUMET GLACE
Sfax,TN-61,34.7406,10.7603,Kerkennah,CITE NOUVELLE KELLALINE
Sfax,TN-61,34.7406,10.7603,Kerkennah,CITE OURAND
Sfax,TN-61,34.7406,10.7603,Kerkennah,CITE POPULAIRE
Sfax,TN-61,34.7406,10.7603,Kerkennah,CITE RAKHANI
Sfax,TN-61,34.7406,10.7603,Kerkennah,EL ABBASSIA
Sfax,TN-61,34.7406,10.7603,Kerkennah,JOUABER
Sfax,TN-61,34.7406,10.7603,Kerkennah,KELLABINE
Sfax,TN-61,34.7406,10.7603,Kerkennah,KERKENAH
Sfax,TN-61,34.7406,10.7603,Kerkennah,MELLITA OULED BOU  ALI
Sfax,TN-61,34.7406,10.7603,Kerkennah,OULED BOU ALI
Sfax,TN-61,34.7406,10.7603,Kerkennah,OULED YANEG
Béja,TN-31,36.7256,9.1833,Béja Nord,CITE DE LA SANTE 1
Béja,TN-31,36.7256,9.1833,Béja Nord,CITE DE LA SANTE 2
Béja,TN-31,36.7256,9.1833,Béja Nord,CITE DES MIMOSAS
Béja,TN-31,36.7256,9.1833,Béja Nord,CITE DES PROFFESSEURS
Béja,TN-31,36.7256,9.1833,Béja Nord,CITE SALAMBO
Béja,TN-31,36.7256,9.1833,Béja Nord,CITE SIDI FREJ
Béja,TN-31,36.7256,9.1833,Béja Nord,CITE SNIT
Béja,TN-31,36.7256,9.1833,Béja Nord,CITE TAIEB MHIRI
Béja,TN-31,36.7256,9.1833,Béja Nord,CITE USINE DU SUCRE1
Béja,TN-31,36.7256,9.1833,Béja Nord,CITE USINE DU SUCRE2
Béja,TN-31,36.7256,9.1833,Béja Nord,EL HAMROUNIA
Béja,TN-31,36.7256,9.1833,Béja Nord,EL MOUNCHAR
Béja,TN-31,36.7256,9.1833,Béja Nord,EL YOUSRI
Béja,TN-31,36.7256,9.1833,Béja Nord,FATNASSA
Béja,TN-31,36.7256,9.1833,Béja Nord,HAJAR AMOR
Béja,TN-31,36.7256,9.1833,Béja Nord,KASSEB
Béja,TN-31,36.7256,9.1833,Béja Nord,CITE CNRPS
Béja,TN-31,36.7256,9.1833,Béja Nord,CITE DE LA POLICE
Béja,TN-31,36.7256,9.1833,Béja Nord,EL MZARA
Béja,TN-31,36.7256,9.1833,Béja Nord,LAFARKE
Béja,TN-31,36.7256,9.1833,Béja Nord,CITE BOUTRAA
Béja,TN-31,36.7256,9.1833,Béja Nord,AIN KSAR HADID
Béja,TN-31,36.7256,9.1833,Béja Nord,BEJA
Béja,TN-31,36.7256,9.1833,Béja Nord,BOU KESLANE
Béja,TN-31,36.7256,9.1833,Béja Nord,CHARCHARA
Béja,TN-31,36.7256,9.1833,Béja Nord,CITE AFH
Béja,TN-31,36.7256,9.1833,Béja Nord,NAGACHIA
Béja,TN-31,36.7256,9.1833,Béja Nord,CITE AIN BAZAZ
Béja,TN-31,36.7256,9.1833,Béja Nord,CITE AIN CHEMES
Béja,TN-31,36.7256,9.1833,Béja Nord,TARHOUNI
Béja,TN-31,36.7256,9.1833,Béja Nord,CITE KSAR BARDO
Béja,TN-31,36.7256,9.1833,Béja Nord,CITE PONT TRAGEON
Béja,TN-31,36.7256,9.1833,Béja Nord,CITE S.R.TRANSPORT
Béja,TN-31,36.7256,9.1833,Béja Nord,CITE SALAH EL MAGHRAOUI
Béja,TN-31,36.7256,9.1833,Béja Nord,CITE AIN EL GHOULA
Béja,TN-31,36.7256,9.1833,Béja Nord,CITE DES ROSES
Béja,TN-31,36.7256,9.1833,Béja Nord,CITE DHAMENE
Béja,TN-31,36.7256,9.1833,Béja Nord,CITE DU GOUVERNORAT
Béja,TN-31,36.7256,9.1833,Béja Nord,CITE ECHIFA
Béja,TN-31,36.7256,9.1833,Béja Nord,CITE ECONOMIE DU NORD
Béja,TN-31,36.7256,9.1833,Béja Nord,CITE EDHAHBIA 1
Béja,TN-31,36.7256,9.1833,Béja Nord,CITE EDHAHBIA 2
Béja,TN-31,36.7256,9.1833,Béja Nord,CITE EL BARAKA
Béja,TN-31,36.7256,9.1833,Béja Nord,CITE EL BIADHA
Béja,TN-31,36.7256,9.1833,Béja Nord,CITE EL BOUKHARI
Béja,TN-31,36.7256,9.1833,Béja Nord,CITE EL BOUSTENE
Béja,TN-31,36.7256,9.1833,Béja Nord,CITE EL HABIB
Béja,TN-31,36.7256,9.1833,Béja Nord,CITE EL HABIBIA
Béja,TN-31,36.7256,9.1833,Béja Nord,CITE EL HAOUARI
Béja,TN-31,36.7256,9.1833,Béja Nord,CITE EL KHADHRA
Béja,TN-31,36.7256,9.1833,Béja Nord,CITE EL KHADHRA SUPERIEUR
Béja,TN-31,36.7256,9.1833,Béja Nord,CITE EL MANAR 1
Béja,TN-31,36.7256,9.1833,Béja Nord,CITE EL MANAR 2
Béja,TN-31,36.7256,9.1833,Béja Nord,CITE EL MANAR 3
Béja,TN-31,36.7256,9.1833,Béja Nord,CITE EL MANAR 4
Béja,TN-31,36.7256,9.1833,Béja Nord,CITE EL MANAR 5
Béja,TN-31,36.7256,9.1833,Béja Nord,CITE EL MEKMDA
Béja,TN-31,36.7256,9.1833,Béja Nord,CITE EL MHELLA
Béja,TN-31,36.7256,9.1833,Béja Nord,CITE EL MOUSTAKBEL
Béja,TN-31,36.7256,9.1833,Béja Nord,CITE EL MZARA
Béja,TN-31,36.7256,9.1833,Béja Nord,CITE EL OLFA
Béja,TN-31,36.7256,9.1833,Béja Nord,CITE ENNOUZHA
Béja,TN-31,36.7256,9.1833,Béja Nord,CITE ERRIADH 2
Béja,TN-31,36.7256,9.1833,Béja Nord,CITE ERRIADHI 1
Béja,TN-31,36.7256,9.1833,Béja Nord,CITE ESSALAMA
Béja,TN-31,36.7256,9.1833,Béja Nord,CITE ESSALEM
Béja,TN-31,36.7256,9.1833,Béja Nord,CITE ESSANAOUBER
Béja,TN-31,36.7256,9.1833,Béja Nord,CITE EZZOUHOUR
Béja,TN-31,36.7256,9.1833,Béja Nord,CITE GARDE NATIONALE
Béja,TN-31,36.7256,9.1833,Béja Nord,CITE IBN KHALDOUN
Béja,TN-31,36.7256,9.1833,Béja Nord,CITE JARDINS
Béja,TN-31,36.7256,9.1833,Béja Nord,CITE JEBEL EL AKHDHAR
Béja,TN-31,36.7256,9.1833,Béja Nord,CITE BEJA EL JADIDA
Béja,TN-31,36.7256,9.1833,Béja Nord,CITE BELLE VUE
Béja,TN-31,36.7256,9.1833,Béja Nord,CITE BIR HOFRA
Béja,TN-31,36.7256,9.1833,Béja Sud,MASTOUTA
Béja,TN-31,36.7256,9.1833,Béja Sud,MASTOUTA GARE
Béja,TN-31,36.7256,9.1833,Béja Sud,SIDI SMAIL
Béja,TN-31,36.7256,9.1833,Béja Sud,CITE EL AMEL
Béja,TN-31,36.7256,9.1833,Béja Sud,EL MAAGOULA
Béja,TN-31,36.7256,9.1833,Béja Sud,SIDI FREJ
Béja,TN-31,36.7256,9.1833,Béja Sud,HAMMAM SAYALA
Béja,TN-31,36.7256,9.1833,Amdoun,BENI MELEK
Béja,TN-31,36.7256,9.1833,Amdoun,BOURIS
Béja,TN-31,36.7256,9.1833,Amdoun,CITE DE LA POSTE
Béja,TN-31,36.7256,9.1833,Amdoun,CITE ERRAOUDHA
Béja,TN-31,36.7256,9.1833,Amdoun,CITE HACHED
Béja,TN-31,36.7256,9.1833,Amdoun,CITE TAIEB MHIRI
Béja,TN-31,36.7256,9.1833,Amdoun,ADAILIA
Béja,TN-31,36.7256,9.1833,Amdoun,AIN EL GOUSSA
Béja,TN-31,36.7256,9.1833,Amdoun,AIN GHENEM
Béja,TN-31,36.7256,9.1833,Amdoun,EDDGHABJIA
Béja,TN-31,36.7256,9.1833,Amdoun,EDHHIRAT
Béja,TN-31,36.7256,9.1833,Amdoun,EL FRAIJIA
Béja,TN-31,36.7256,9.1833,Amdoun,EL GHORFA
Béja,TN-31,36.7256,9.1833,Amdoun,EL GRAIA
Béja,TN-31,36.7256,9.1833,Amdoun,EL HLIKAT
Béja,TN-31,36.7256,9.1833,Amdoun,EL JOUZA
Béja,TN-31,36.7256,9.1833,Amdoun,EL MJALES
Béja,TN-31,36.7256,9.1833,Amdoun,GAAT EL MOUHDI
Béja,TN-31,36.7256,9.1833,Amdoun,GHOUZIA
Béja,TN-31,36.7256,9.1833,Amdoun,MAGHRAOUA
Béja,TN-31,36.7256,9.1833,Amdoun,MENZEL HAMMED
Béja,TN-31,36.7256,9.1833,Amdoun,REMADHNIA
Béja,TN-31,36.7256,9.1833,Amdoun,SIDI MBAREK
Béja,TN-31,36.7256,9.1833,Amdoun,SIDI SAADOUN
Béja,TN-31,36.7256,9.1833,Amdoun,SOBAH
Béja,TN-31,36.7256,9.1833,Amdoun,ZAHRET MEDIENE
Béja,TN-31,36.7256,9.1833,Amdoun,EL AYAYDA
Béja,TN-31,36.7256,9.1833,Amdoun,EL HOMR
Béja,TN-31,36.7256,9.1833,Amdoun,MENZEL EL GOURCHI
Béja,TN-31,36.7256,9.1833,Goubellat,BRIOUIG
Béja,TN-31,36.7256,9.1833,Goubellat,CHEIK EL OUEDIANE EL GUEBLI
Béja,TN-31,36.7256,9.1833,Goubellat,CITE DES FONCTIONNAIRES
Béja,TN-31,36.7256,9.1833,Goubellat,CITE EL HANA
Béja,TN-31,36.7256,9.1833,Goubellat,CITE EL IZDIHAR
Béja,TN-31,36.7256,9.1833,Goubellat,CITE EL KAMH
Béja,TN-31,36.7256,9.1833,Goubellat,CITE ESSAADA
Béja,TN-31,36.7256,9.1833,Goubellat,CITE ESSANABEL
Béja,TN-31,36.7256,9.1833,Goubellat,CITE EZZOUHOUR
Béja,TN-31,36.7256,9.1833,Goubellat,CITE POPULAIRE
Béja,TN-31,36.7256,9.1833,Goubellat,DOUR ISMAIL
Béja,TN-31,36.7256,9.1833,Goubellat,EL FEDHAILIA
Béja,TN-31,36.7256,9.1833,Goubellat,EL GAMMARTI
Béja,TN-31,36.7256,9.1833,Goubellat,EL OGLA
Béja,TN-31,36.7256,9.1833,Goubellat,ETTRAIFA
Béja,TN-31,36.7256,9.1833,Goubellat,GOUBELLAT
Béja,TN-31,36.7256,9.1833,Goubellat,KHACHEB
Béja,TN-31,36.7256,9.1833,Goubellat,KHENGUET EDDIHENNE
Béja,TN-31,36.7256,9.1833,Goubellat,TELLA
Béja,TN-31,36.7256,9.1833,Goubellat,ZONE INDUSTRIELLE
Béja,TN-31,36.7256,9.1833,Goubellat,GRAME
Béja,TN-31,36.7256,9.1833,Goubellat,BIR EL EUCH
Béja,TN-31,36.7256,9.1833,Medjez el-Bab,CITE DE LA POSTE
Béja,TN-31,36.7256,9.1833,Medjez el-Bab,CITE EDUCATION
Béja,TN-31,36.7256,9.1833,Medjez el-Bab,CITE ENFANCE
Béja,TN-31,36.7256,9.1833,Medjez el-Bab,LOUATIA
Béja,TN-31,36.7256,9.1833,Medjez el-Bab,OUED EZZITOUN
Béja,TN-31,36.7256,9.1833,Medjez el-Bab,OUED ZARGA
Béja,TN-31,36.7256,9.1833,Medjez el-Bab,EL KSAR
Béja,TN-31,36.7256,9.1833,Medjez el-Bab,TOUKABEUR
Béja,TN-31,36.7256,9.1833,Medjez el-Bab,SIDI MEDIENE
Béja,TN-31,36.7256,9.1833,Medjez el-Bab,SIDI NASSER
Béja,TN-31,36.7256,9.1833,Medjez el-Bab,ARGOUB EZZAATAR
Béja,TN-31,36.7256,9.1833,Medjez el-Bab,CITE BACCAR
Béja,TN-31,36.7256,9.1833,Medjez el-Bab,CITE DE LA SANTE
Béja,TN-31,36.7256,9.1833,Medjez el-Bab,CITE DES PROFFESSEURS
Béja,TN-31,36.7256,9.1833,Medjez el-Bab,CITE DHAMENE
Béja,TN-31,36.7256,9.1833,Medjez el-Bab,CITE DU GOUVERNORAT
Béja,TN-31,36.7256,9.1833,Medjez el-Bab,CITE EL AZIMA 1
Béja,TN-31,36.7256,9.1833,Medjez el-Bab,CITE EL AZIMA 2
Béja,TN-31,36.7256,9.1833,Medjez el-Bab,CITE EL AZIMA 3
Béja,TN-31,36.7256,9.1833,Medjez el-Bab,CITE EL BAHRINE
Béja,TN-31,36.7256,9.1833,Medjez el-Bab,CITE EL BEHI
Béja,TN-31,36.7256,9.1833,Medjez el-Bab,CITE EL FATEH
Béja,TN-31,36.7256,9.1833,Medjez el-Bab,CITE EL FERDAOUS 1
Béja,TN-31,36.7256,9.1833,Medjez el-Bab,CITE EL HANA
Béja,TN-31,36.7256,9.1833,Medjez el-Bab,CITE EL MANAR
Béja,TN-31,36.7256,9.1833,Medjez el-Bab,CITE EL MENCHARI
Béja,TN-31,36.7256,9.1833,Medjez el-Bab,CITE ERRIADH
Béja,TN-31,36.7256,9.1833,Medjez el-Bab,CITE MAJERDA
Béja,TN-31,36.7256,9.1833,Medjez el-Bab,CITE ESSEDK
Béja,TN-31,36.7256,9.1833,Medjez el-Bab,GUERICHE EL OUED
Béja,TN-31,36.7256,9.1833,Medjez el-Bab,HIDOUS
Béja,TN-31,36.7256,9.1833,Medjez el-Bab,IDEN
Béja,TN-31,36.7256,9.1833,Medjez el-Bab,MEJEZ EL BAB
Béja,TN-31,36.7256,9.1833,Medjez el-Bab,SIDI AHMED JEDIDI
Béja,TN-31,36.7256,9.1833,Medjez el-Bab,CITE 02 MARS
Béja,TN-31,36.7256,9.1833,Medjez el-Bab,EL GRIAAT
Béja,TN-31,36.7256,9.1833,Medjez el-Bab,CITE ETTADHAMEN
Béja,TN-31,36.7256,9.1833,Medjez el-Bab,CITE EZZOUHOUR
Béja,TN-31,36.7256,9.1833,Medjez el-Bab,CITE JALLAZIA
Béja,TN-31,36.7256,9.1833,Medjez el-Bab,CHAOUECH
Béja,TN-31,36.7256,9.1833,Medjez el-Bab,EL HERRI
Béja,TN-31,36.7256,9.1833,Nefza,EL AYAYADA JAMILA
Béja,TN-31,36.7256,9.1833,Nefza,JBEL DISS
Béja,TN-31,36.7256,9.1833,Nefza,JEMIL
Béja,TN-31,36.7256,9.1833,Nefza,NEFZA
Béja,TN-31,36.7256,9.1833,Nefza,OUED BOUZENNA
Béja,TN-31,36.7256,9.1833,Nefza,OUED DAMOUS
Béja,TN-31,36.7256,9.1833,Nefza,OULED HOUIMEL
Béja,TN-31,36.7256,9.1833,Nefza,OULED KACEM
Béja,TN-31,36.7256,9.1833,Nefza,OUM LAABID
Béja,TN-31,36.7256,9.1833,Nefza,TABABA
Béja,TN-31,36.7256,9.1833,Nefza,AIN ZAKKAR
Béja,TN-31,36.7256,9.1833,Nefza,BOU GARNOUNA
Béja,TN-31,36.7256,9.1833,Nefza,EL HEMAIDIA
Béja,TN-31,36.7256,9.1833,Nefza,EL MECHERGA
Béja,TN-31,36.7256,9.1833,Nefza,EL OULIJA
Béja,TN-31,36.7256,9.1833,Nefza,ETTAREF
Béja,TN-31,36.7256,9.1833,Nefza,EZZOUARAA
Béja,TN-31,36.7256,9.1833,Nefza,OUECHTATA
Béja,TN-31,36.7256,9.1833,Nefza,OULED SALEM
Béja,TN-31,36.7256,9.1833,Nefza,ZAGA
Béja,TN-31,36.7256,9.1833,Nefza,EL MAZDOUR
Béja,TN-31,36.7256,9.1833,Nefza,CITE MIXTE
Béja,TN-31,36.7256,9.1833,Nefza,FATNASSA
Béja,TN-31,36.7256,9.1833,Nefza,BENI SAID
Béja,TN-31,36.7256,9.1833,Nefza,CITE MOHSEN LIMAM
Béja,TN-31,36.7256,9.1833,Nefza,CITE DE LA LIBERTE
Béja,TN-31,36.7256,9.1833,Nefza,CITE DE LA POSTE
Béja,TN-31,36.7256,9.1833,Nefza,CITE RIM
Béja,TN-31,36.7256,9.1833,Nefza,CITE DES CARRIERES
Béja,TN-31,36.7256,9.1833,Nefza,CITE DES ROSES
Béja,TN-31,36.7256,9.1833,Nefza,CITE SIDI SAAD
Béja,TN-31,36.7256,9.1833,Nefza,DAR EL HIT
Béja,TN-31,36.7256,9.1833,Nefza,EL AMAMRIA
Béja,TN-31,36.7256,9.1833,Nefza,CITE EL MHIRI
Béja,TN-31,36.7256,9.1833,Nefza,CITE ERRIADH
Béja,TN-31,36.7256,9.1833,Nefza,CITE ESSAADA
Béja,TN-31,36.7256,9.1833,Nefza,CITE EZZOUHOUR
Béja,TN-31,36.7256,9.1833,Nefza,CITE INDEPENDANCE
Béja,TN-31,36.7256,9.1833,Téboursouk,CITE EL HADJ ABDALLAH
Béja,TN-31,36.7256,9.1833,Téboursouk,AIN EL HAMMAM
Béja,TN-31,36.7256,9.1833,Téboursouk,CITE EL GOURJANI
Béja,TN-31,36.7256,9.1833,Téboursouk,CITE EL KSAR
Béja,TN-31,36.7256,9.1833,Téboursouk,CITE ENNACIM
Béja,TN-31,36.7256,9.1833,Téboursouk,CITE ENNACIM 1
Béja,TN-31,36.7256,9.1833,Téboursouk,CITE ENNACIM 2
Béja,TN-31,36.7256,9.1833,Téboursouk,CITE EZZAYATINE 1
Béja,TN-31,36.7256,9.1833,Téboursouk,CITE EZZAYATINE 2
Béja,TN-31,36.7256,9.1833,Téboursouk,CITE IBN KHALDOUN
Béja,TN-31,36.7256,9.1833,Téboursouk,CITE IBN SINA
Béja,TN-31,36.7256,9.1833,Téboursouk,CITE INDUSTRIELLE
Béja,TN-31,36.7256,9.1833,Téboursouk,CITE JARDINS
Béja,TN-31,36.7256,9.1833,Téboursouk,KHALLED
Béja,TN-31,36.7256,9.1833,Téboursouk,CITE MESKA
Béja,TN-31,36.7256,9.1833,Téboursouk,CITE OUED ESSAH
Béja,TN-31,36.7256,9.1833,Téboursouk,CITE SIDI BAGGA
Béja,TN-31,36.7256,9.1833,Téboursouk,DOUGGA ROUINES
Béja,TN-31,36.7256,9.1833,Téboursouk,EL AYEDH
Béja,TN-31,36.7256,9.1833,Téboursouk,EL FAOUAR
Béja,TN-31,36.7256,9.1833,Téboursouk,EL MATRIA
Béja,TN-31,36.7256,9.1833,Téboursouk,NAFFET
Béja,TN-31,36.7256,9.1833,Téboursouk,OULED MARAI
Béja,TN-31,36.7256,9.1833,Téboursouk,RIHANA
Béja,TN-31,36.7256,9.1833,Téboursouk,TEBOURSOUK
Béja,TN-31,36.7256,9.1833,Téboursouk,FADDEN ESSOUK
Béja,TN-31,36.7256,9.1833,Téboursouk,AIN EL KEHOUL
Béja,TN-31,36.7256,9.1833,Téboursouk,AIN EL MELLITI
Béja,TN-31,36.7256,9.1833,Téboursouk,AIN JEMMALA
Béja,TN-31,36.7256,9.1833,Téboursouk,BIR ETTOUTA
Béja,TN-31,36.7256,9.1833,Téboursouk,BOUZAIDA
Béja,TN-31,36.7256,9.1833,Téboursouk,CITE AIN EL KARMA
Béja,TN-31,36.7256,9.1833,Téboursouk,CITE AIN MRAD
Béja,TN-31,36.7256,9.1833,Téboursouk,CITE DE LA REPUBLIQUE
Béja,TN-31,36.7256,9.1833,Téboursouk,CITE DES MARTYRS
Béja,TN-31,36.7256,9.1833,Téboursouk,CITE DU STADE
Béja,TN-31,36.7256,9.1833,Téboursouk,CITE EL BASSATINE
Béja,TN-31,36.7256,9.1833,Téboursouk,CITE EL GLAI
Béja,TN-31,36.7256,9.1833,Téboursouk,DOUGA
Béja,TN-31,36.7256,9.1833,Téboursouk,BORJ BRAHIM
Béja,TN-31,36.7256,9.1833,Testour,CITE SIDI KHOUILI
Béja,TN-31,36.7256,9.1833,Testour,CITE EL GADHOUM
Béja,TN-31,36.7256,9.1833,Testour,EL MELLAH
Béja,TN-31,36.7256,9.1833,Testour,ESSLOUGUIA
Béja,TN-31,36.7256,9.1833,Testour,JEBEL FELLOUS
Béja,TN-31,36.7256,9.1833,Testour,OULJET DOUKHANE
Béja,TN-31,36.7256,9.1833,Testour,AIN YOUNES
Béja,TN-31,36.7256,9.1833,Testour,CITE 20 MARS
Béja,TN-31,36.7256,9.1833,Testour,CITE 26 FEVRIER
Béja,TN-31,36.7256,9.1833,Testour,CITE EL IZDIHAR
Béja,TN-31,36.7256,9.1833,Testour,CITE EL FOLLA
Béja,TN-31,36.7256,9.1833,Testour,CITE DES ANDALOUS
Béja,TN-31,36.7256,9.1833,Testour,CITE KICHTILOU
Béja,TN-31,36.7256,9.1833,Testour,CITE DAR ECHABEB
Béja,TN-31,36.7256,9.1833,Testour,CITE ERRAOUDHA
Béja,TN-31,36.7256,9.1833,Testour,BAB BLED
Béja,TN-31,36.7256,9.1833,Testour,CITE BAHRNIA
Béja,TN-31,36.7256,9.1833,Testour,CITE BEHARNIA
Béja,TN-31,36.7256,9.1833,Testour,CITE BEN KAROUIA
Béja,TN-31,36.7256,9.1833,Testour,CITE BEN OTHMAN
Béja,TN-31,36.7256,9.1833,Testour,CITE EL MALOUF
Béja,TN-31,36.7256,9.1833,Testour,CITE EL BASSATINE
Béja,TN-31,36.7256,9.1833,Testour,CITE ENNACIM
Béja,TN-31,36.7256,9.1833,Testour,CITE TIJANI
Béja,TN-31,36.7256,9.1833,Testour,CITE FEDDEN JEMAA
Béja,TN-31,36.7256,9.1833,Testour,CITE OULED SLIMANE
Béja,TN-31,36.7256,9.1833,Testour,CITE ESSAYADINE
Béja,TN-31,36.7256,9.1833,Testour,CITE GHARNATA 1
Béja,TN-31,36.7256,9.1833,Testour,CITE GHARNATA 2
Béja,TN-31,36.7256,9.1833,Testour,CITE IBN ZEIDOUN
Béja,TN-31,36.7256,9.1833,Testour,CITE SPINIAIR
Béja,TN-31,36.7256,9.1833,Testour,EL GLAA
Béja,TN-31,36.7256,9.1833,Testour,JLASS BOU ISSA
Béja,TN-31,36.7256,9.1833,Testour,MEZOUGHA
Béja,TN-31,36.7256,9.1833,Testour,OUED JEDRA
Béja,TN-31,36.7256,9.1833,Testour,OULED SLAMA
Béja,TN-31,36.7256,9.1833,Testour,RHIBA
Béja,TN-31,36.7256,9.1833,Testour,TESTOUR
Béja,TN-31,36.7256,9.1833,Testour,ZELDOU
Béja,TN-31,36.7256,9.1833,Testour,ESSKHIRA
Béja,TN-31,36.7256,9.1833,Testour,HENCHIR BOU SOFRA
Béja,TN-31,36.7256,9.1833,Testour,AIN TOUNGA
Béja,TN-31,36.7256,9.1833,Testour,CITE EL MENDRA
Béja,TN-31,36.7256,9.1833,Testour,CITE JABBESS
Béja,TN-31,36.7256,9.1833,Testour,CITE TAFERCHA
Béja,TN-31,36.7256,9.1833,Tibar,DJEBBA
Béja,TN-31,36.7256,9.1833,Tibar,CITE 2 MARS
Béja,TN-31,36.7256,9.1833,Tibar,CITE COMMERCIALE
Béja,TN-31,36.7256,9.1833,Tibar,CITE DES OUVRIERS
Béja,TN-31,36.7256,9.1833,Tibar,THIBAR
Béja,TN-31,36.7256,9.1833,Tibar,CITE EL OLFA
Béja,TN-31,36.7256,9.1833,Tibar,CITE ENNOUR
Béja,TN-31,36.7256,9.1833,Tibar,CITE ESSALAMA
Béja,TN-31,36.7256,9.1833,Tibar,CITE HACHED
Béja,TN-31,36.7256,9.1833,Tibar,AIN EDDEFALI
Béja,TN-31,36.7256,9.1833,Tibar,CITE IBN KHALDOUN
Béja,TN-31,36.7256,9.1833,Tibar,ENNECHIMA
Béja,TN-31,36.7256,9.1833,Tibar,EL HENANCHA
Jendouba,TN-32,36.5016,8.7800,Jendouba,CITE ETTATAOUER
Jendouba,TN-32,36.5016,8.7800,Jendouba,CITE ENNOUR 1
Jendouba,TN-32,36.5016,8.7800,Jendouba,CITE ENNOUR 2
Jendouba,TN-32,36.5016,8.7800,Jendouba,CITE SNIT
Jendouba,TN-32,36.5016,8.7800,Jendouba,EL GANARA
Jendouba,TN-32,36.5016,8.7800,Jendouba,JENDOUBA
Jendouba,TN-32,36.5016,8.7800,Jendouba,CITE EZZOUHOUR
Jendouba,TN-32,36.5016,8.7800,Jendouba,CITE CNRPS
Jendouba,TN-32,36.5016,8.7800,Jendouba,ESSANABEL
Jendouba,TN-32,36.5016,8.7800,Jendouba,SOUK ESSEBT
Jendouba,TN-32,36.5016,8.7800,Jendouba,EL AZIMA
Jendouba,TN-32,36.5016,8.7800,Jendouba,MITIL
Jendouba,TN-32,36.5016,8.7800,Jendouba,EL MELGA
Jendouba,TN-32,36.5016,8.7800,Jendouba,ESSAADA
Jendouba,TN-32,36.5016,8.7800,Jendouba,AIN EL KHARARIB
Jendouba,TN-32,36.5016,8.7800,Jendouba,AIN EL KSIR
Jendouba,TN-32,36.5016,8.7800,Jendouba,CITE ADMINISTRATIVE
Jendouba,TN-32,36.5016,8.7800,Jendouba Nord,JERIF
Jendouba,TN-32,36.5016,8.7800,Jendouba Nord,CITE EL OUNS
Jendouba,TN-32,36.5016,8.7800,Jendouba Nord,CITE EZZAHOUA
Jendouba,TN-32,36.5016,8.7800,Jendouba Nord,CITE HEDI BEN HASSINE
Jendouba,TN-32,36.5016,8.7800,Jendouba Nord,JENDOUBA NORD
Jendouba,TN-32,36.5016,8.7800,Jendouba Nord,BEN BECHIR
Jendouba,TN-32,36.5016,8.7800,Jendouba Nord,SOUK JEMAA
Jendouba,TN-32,36.5016,8.7800,Jendouba Nord,BELLARIGIA
Jendouba,TN-32,36.5016,8.7800,Bou Salem,CITE SPROLS
Jendouba,TN-32,36.5016,8.7800,Bou Salem,CITE ZONE INDUSTRIELLE
Jendouba,TN-32,36.5016,8.7800,Bou Salem,EL AOUAOUDHA
Jendouba,TN-32,36.5016,8.7800,Bou Salem,ESSOUMRANE
Jendouba,TN-32,36.5016,8.7800,Bou Salem,EL MARJA
Jendouba,TN-32,36.5016,8.7800,Bou Salem,BADROUNA
Jendouba,TN-32,36.5016,8.7800,Bou Salem,BENI MHAMED
Jendouba,TN-32,36.5016,8.7800,Bou Salem,BOU LAABA
Jendouba,TN-32,36.5016,8.7800,Bou Salem,BOU SALEM
Jendouba,TN-32,36.5016,8.7800,Bou Salem,CITE 7 NOVEMBRE 1
Jendouba,TN-32,36.5016,8.7800,Bou Salem,CITE 7 NOVEMBRE 2
Jendouba,TN-32,36.5016,8.7800,Bou Salem,CITE 7 NOVEMBRE 3
Jendouba,TN-32,36.5016,8.7800,Bou Salem,CITE DE LA MUNICIPALITE
Jendouba,TN-32,36.5016,8.7800,Bou Salem,CITE DIAMONTA
Jendouba,TN-32,36.5016,8.7800,Bou Salem,CITE EL BHAIRIA
Jendouba,TN-32,36.5016,8.7800,Bou Salem,CITE EL HAFSIA
Jendouba,TN-32,36.5016,8.7800,Bou Salem,CITE EL HANA
Jendouba,TN-32,36.5016,8.7800,Bou Salem,CITE EL KHALIJ
Jendouba,TN-32,36.5016,8.7800,Bou Salem,CITE ENNOUR
Jendouba,TN-32,36.5016,8.7800,Bou Salem,CITE ERRIADH
Jendouba,TN-32,36.5016,8.7800,Bou Salem,CITE ESSOUROUR
Jendouba,TN-32,36.5016,8.7800,Bou Salem,CITE FATOUMA BOURGUIBA
Jendouba,TN-32,36.5016,8.7800,Bou Salem,CITE HACHED
Jendouba,TN-32,36.5016,8.7800,Bou Salem,CITE HEDI KHELIL
Jendouba,TN-32,36.5016,8.7800,Bou Salem,CITE HOPITAL
Jendouba,TN-32,36.5016,8.7800,Bou Salem,CITE KHZAMA 1
Jendouba,TN-32,36.5016,8.7800,Bou Salem,CITE KHZAMA 2
Jendouba,TN-32,36.5016,8.7800,Bou Salem,CITE MARCHE MUNICIPAL
Jendouba,TN-32,36.5016,8.7800,Bou Salem,CITE LAMINE
Jendouba,TN-32,36.5016,8.7800,Tabarka,RAS ERRAJEL
Jendouba,TN-32,36.5016,8.7800,Tabarka,CITE POPULAIRE 1
Jendouba,TN-32,36.5016,8.7800,Tabarka,AIN ESSNOUSSI
Jendouba,TN-32,36.5016,8.7800,Tabarka,CITE CHAAOUANIA
Jendouba,TN-32,36.5016,8.7800,Tabarka,CITE DES ARTS
Jendouba,TN-32,36.5016,8.7800,Tabarka,CITE DU SOLEIL
Jendouba,TN-32,36.5016,8.7800,Tabarka,CITE EDDACHRA
Jendouba,TN-32,36.5016,8.7800,Tabarka,CITE EL MOURJENE
Jendouba,TN-32,36.5016,8.7800,Tabarka,OULED YAHYA
Jendouba,TN-32,36.5016,8.7800,Tabarka,COOPERATIVE CENTRALE DES GRANDES CULTURES
Jendouba,TN-32,36.5016,8.7800,Tabarka,TOUAJNIA
Jendouba,TN-32,36.5016,8.7800,Tabarka,BRIREM
Jendouba,TN-32,36.5016,8.7800,Tabarka,EL KHEDHAIRIA
Jendouba,TN-32,36.5016,8.7800,Tabarka,JABALLAH
Jendouba,TN-32,36.5016,8.7800,Tabarka,TABARKA AEROPORT
Jendouba,TN-32,36.5016,8.7800,Tabarka,EL HAOUAMDIA
Jendouba,TN-32,36.5016,8.7800,Tabarka,CITE POPULAIRE 2
Jendouba,TN-32,36.5016,8.7800,Tabarka,CITE POPULAIRE 3
Jendouba,TN-32,36.5016,8.7800,Tabarka,CITE KRAIMIA
Jendouba,TN-32,36.5016,8.7800,Tabarka,CITE TAIEB MHIRI
Jendouba,TN-32,36.5016,8.7800,Tabarka,EL FARECH
Jendouba,TN-32,36.5016,8.7800,Tabarka,SIDI ROUINE
Jendouba,TN-32,36.5016,8.7800,Tabarka,TABARKA
Jendouba,TN-32,36.5016,8.7800,Tabarka,AIN ESSOBH
Jendouba,TN-32,36.5016,8.7800,Tabarka,BOU TERFES
Jendouba,TN-32,36.5016,8.7800,Tabarka,SIDI ASKER
Jendouba,TN-32,36.5016,8.7800,Tabarka,CITE ERRIADH
Jendouba,TN-32,36.5016,8.7800,Aïn Draham,BABOUCH
Jendouba,TN-32,36.5016,8.7800,Aïn Draham,AIN DRAHAM
Jendouba,TN-32,36.5016,8.7800,Aïn Draham,EL ATATFA
Jendouba,TN-32,36.5016,8.7800,Aïn Draham,SIDI ABDALLAH
Jendouba,TN-32,36.5016,8.7800,Aïn Draham,SIDI MHAMED
Jendouba,TN-32,36.5016,8.7800,Aïn Draham,AIN EL HAMRAYA
Jendouba,TN-32,36.5016,8.7800,Aïn Draham,EL HOUMRANE
Jendouba,TN-32,36.5016,8.7800,Aïn Draham,OUED EZZENE
Jendouba,TN-32,36.5016,8.7800,Aïn Draham,TEBAINIA
Jendouba,TN-32,36.5016,8.7800,Aïn Draham,ESSELOUL
Jendouba,TN-32,36.5016,8.7800,Aïn Draham,ADISSA
Jendouba,TN-32,36.5016,8.7800,Aïn Draham,HAMMAM BOURGUIBA
Jendouba,TN-32,36.5016,8.7800,Aïn Draham,ROUAI
Jendouba,TN-32,36.5016,8.7800,Aïn Draham,TEGMA
Jendouba,TN-32,36.5016,8.7800,Aïn Draham,OULED HELAL
Jendouba,TN-32,36.5016,8.7800,Fernana,CITE EL MOUFTAREK
Jendouba,TN-32,36.5016,8.7800,Fernana,CITE EL MOUROUJ
Jendouba,TN-32,36.5016,8.7800,Fernana,CITE ENNACIM
Jendouba,TN-32,36.5016,8.7800,Fernana,CITE ESSAADA
Jendouba,TN-32,36.5016,8.7800,Fernana,CITE ESSANAOUBER
Jendouba,TN-32,36.5016,8.7800,Fernana,CITE EZZOUHOUR
Jendouba,TN-32,36.5016,8.7800,Fernana,CITE OUM KETHIR
Jendouba,TN-32,36.5016,8.7800,Fernana,CITE SPROLS
Jendouba,TN-32,36.5016,8.7800,Fernana,ECHTAIBIA
Jendouba,TN-32,36.5016,8.7800,Fernana,EJOUABLIA
Jendouba,TN-32,36.5016,8.7800,Fernana,EL ALAYEG
Jendouba,TN-32,36.5016,8.7800,Fernana,EL FAZZEN
Jendouba,TN-32,36.5016,8.7800,Fernana,EL FEJOUJ
Jendouba,TN-32,36.5016,8.7800,Fernana,EL HAOUAMD
Jendouba,TN-32,36.5016,8.7800,Fernana,EL HOUJJAJ
Jendouba,TN-32,36.5016,8.7800,Fernana,EL MAGROUN
Jendouba,TN-32,36.5016,8.7800,Fernana,EROOUABA
Jendouba,TN-32,36.5016,8.7800,Fernana,ESSMAIBIA
Jendouba,TN-32,36.5016,8.7800,Fernana,FERNANA
Jendouba,TN-32,36.5016,8.7800,Fernana,SIDI SAID
Jendouba,TN-32,36.5016,8.7800,Fernana,ZAAROURA
Jendouba,TN-32,36.5016,8.7800,Fernana,BOU HERTMA
Jendouba,TN-32,36.5016,8.7800,Fernana,JENTOURA
Jendouba,TN-32,36.5016,8.7800,Fernana,AIN CHARCHARA
Jendouba,TN-32,36.5016,8.7800,Fernana,AIN EL BEYA
Jendouba,TN-32,36.5016,8.7800,Fernana,BOU HALLEB
Jendouba,TN-32,36.5016,8.7800,Fernana,CITE EL MARJA
Jendouba,TN-32,36.5016,8.7800,Fernana,JOUAOUDA
Jendouba,TN-32,36.5016,8.7800,Fernana,HEDHIL
Jendouba,TN-32,36.5016,8.7800,Fernana,OUED GHERIB
Jendouba,TN-32,36.5016,8.7800,Fernana,OULED MFEDDA
Jendouba,TN-32,36.5016,8.7800,Fernana,RABIA
Jendouba,TN-32,36.5016,8.7800,Fernana,RMILA
Jendouba,TN-32,36.5016,8.7800,Fernana,BENI MTIR
Jendouba,TN-32,36.5016,8.7800,Fernana,CITE ESSALAH
Jendouba,TN-32,36.5016,8.7800,Fernana,ARGOUB RIHANE
Jendouba,TN-32,36.5016,8.7800,Fernana,CITE BENI MAZEN
Jendouba,TN-32,36.5016,8.7800,Fernana,CITE DE LA RNTA
Jendouba,TN-32,36.5016,8.7800,Fernana,CITE EL FRAJNIA
Jendouba,TN-32,36.5016,8.7800,Fernana,SIDI AMMAR
Jendouba,TN-32,36.5016,8.7800,Fernana,BETAHA
Jendouba,TN-32,36.5016,8.7800,Fernana,GRIOUA
Jendouba,TN-32,36.5016,8.7800,Fernana,HALIMA
Jendouba,TN-32,36.5016,8.7800,Fernana,CITE EL INTILAKA
Jendouba,TN-32,36.5016,8.7800,Ghardimaou,AIN SOLTANE
Jendouba,TN-32,36.5016,8.7800,Ghardimaou,CITE DES JARDINS
Jendouba,TN-32,36.5016,8.7800,Ghardimaou,CITE EL MAYARA
Jendouba,TN-32,36.5016,8.7800,Ghardimaou,CITE ENNOUHOUDH 1
Jendouba,TN-32,36.5016,8.7800,Ghardimaou,CITE ENNOUHOUDH 2
Jendouba,TN-32,36.5016,8.7800,Ghardimaou,CITE ENNOUHOUDH 3
Jendouba,TN-32,36.5016,8.7800,Ghardimaou,CITE ENNOUHOUDH 4
Jendouba,TN-32,36.5016,8.7800,Ghardimaou,CITE ENNOUHOUDH 5
Jendouba,TN-32,36.5016,8.7800,Ghardimaou,CITE ENNOUHOUDH 6
Jendouba,TN-32,36.5016,8.7800,Ghardimaou,CITE ENNOUHOUDH 7
Jendouba,TN-32,36.5016,8.7800,Ghardimaou,CITE ERRAJA
Jendouba,TN-32,36.5016,8.7800,Ghardimaou,CITE ERRAOUDHA
Jendouba,TN-32,36.5016,8.7800,Ghardimaou,CITE ESSAADA 1
Jendouba,TN-32,36.5016,8.7800,Ghardimaou,CITE ESSAADA 2
Jendouba,TN-32,36.5016,8.7800,Ghardimaou,CITE EZZOUHOUR
Jendouba,TN-32,36.5016,8.7800,Ghardimaou,CITE INES
Jendouba,TN-32,36.5016,8.7800,Ghardimaou,EL BIADHA
Jendouba,TN-32,36.5016,8.7800,Ghardimaou,EL FEIJA
Jendouba,TN-32,36.5016,8.7800,Ghardimaou,ESRAYA
Jendouba,TN-32,36.5016,8.7800,Ghardimaou,EZZRAIBIA
Jendouba,TN-32,36.5016,8.7800,Ghardimaou,GHARDIMAOU
Jendouba,TN-32,36.5016,8.7800,Ghardimaou,OUECHTATA
Jendouba,TN-32,36.5016,8.7800,Ghardimaou,ZITOUNET OUM LAHNECHE
Jendouba,TN-32,36.5016,8.7800,Ghardimaou,OUERGUECH
Jendouba,TN-32,36.5016,8.7800,Ghardimaou,OUED EL MAADEN
Jendouba,TN-32,36.5016,8.7800,Ghardimaou,CITE DES COMBATTANTS
Jendouba,TN-32,36.5016,8.7800,Oued Meliz,CITE EL AYACHI
Jendouba,TN-32,36.5016,8.7800,Oued Meliz,OUED MLIZ
Jendouba,TN-32,36.5016,8.7800,Oued Meliz,EDKHAILIA
Jendouba,TN-32,36.5016,8.7800,Oued Meliz,SIDI MESKINE
Jendouba,TN-32,36.5016,8.7800,Oued Meliz,HAKIM
Jendouba,TN-32,36.5016,8.7800,Balta-Bou Aouane,CITE JEBIL
Jendouba,TN-32,36.5016,8.7800,Balta-Bou Aouane,OULED HASSEN
Jendouba,TN-32,36.5016,8.7800,Balta-Bou Aouane,BALTA
Jendouba,TN-32,36.5016,8.7800,Balta-Bou Aouane,BOU AOUENE
Siliana,TN-34,36.0844,9.3708,Siliana Nord,CITE CNRPS
Siliana,TN-34,36.0844,9.3708,Siliana Nord,CITE EL BASSATINE
Siliana,TN-34,36.0844,9.3708,Siliana Nord,CITE EL YASMINE
Siliana,TN-34,36.0844,9.3708,Siliana Nord,CITE ENNOUR 1
Siliana,TN-34,36.0844,9.3708,Siliana Nord,CITE ENNOUR 2
Siliana,TN-34,36.0844,9.3708,Siliana Nord,CITE ENNOUZHA
Siliana,TN-34,36.0844,9.3708,Siliana Nord,CITE EZZOUHOUR
Siliana,TN-34,36.0844,9.3708,Siliana Nord,CITE MISKIA
Siliana,TN-34,36.0844,9.3708,Siliana Nord,CITE OFFICE CEREALE
Siliana,TN-34,36.0844,9.3708,Siliana Nord,CITE TAIEB MHIRI
Siliana,TN-34,36.0844,9.3708,Siliana Nord,JAMA
Siliana,TN-34,36.0844,9.3708,Siliana Nord,SIDI JABEUR
Siliana,TN-34,36.0844,9.3708,Siliana Nord,CITE ESSALAH
Siliana,TN-34,36.0844,9.3708,Siliana Nord,CITE ESSALAH 2
Siliana,TN-34,36.0844,9.3708,Siliana Sud,RAS EL MA
Siliana,TN-34,36.0844,9.3708,Siliana Sud,ESSAFINA
Siliana,TN-34,36.0844,9.3708,Siliana Sud,DOUAR EZZRIBA
Siliana,TN-34,36.0844,9.3708,Siliana Sud,EL GHEMALIA
Siliana,TN-34,36.0844,9.3708,Siliana Sud,EL KANTRA
Siliana,TN-34,36.0844,9.3708,Siliana Sud,ZAOUIET SIDI ABDELMALEK
Siliana,TN-34,36.0844,9.3708,Siliana Sud,SIDI AMEUR
Siliana,TN-34,36.0844,9.3708,Siliana Sud,CITE ERRIADH 1
Siliana,TN-34,36.0844,9.3708,Siliana Sud,SIDI MORCHED
Siliana,TN-34,36.0844,9.3708,Siliana Sud,GHARS  EZZRIBA
Siliana,TN-34,36.0844,9.3708,Siliana Sud,CITE ERRIADH 2
Siliana,TN-34,36.0844,9.3708,Siliana Sud,EL GANARA
Siliana,TN-34,36.0844,9.3708,Siliana Sud,SIDI HAMADA
Siliana,TN-34,36.0844,9.3708,Siliana Sud,CITE HACHED
Siliana,TN-34,36.0844,9.3708,Siliana Sud,CITE MONGI SLIM
Siliana,TN-34,36.0844,9.3708,Siliana Sud,EL GABEL
Siliana,TN-34,36.0844,9.3708,Siliana Sud,EL MEGARBA
Siliana,TN-34,36.0844,9.3708,Siliana Sud,FIDH AROUS
Siliana,TN-34,36.0844,9.3708,Siliana Sud,AIN DISSA
Siliana,TN-34,36.0844,9.3708,Siliana Sud,GABR EL GHOUL
Siliana,TN-34,36.0844,9.3708,Siliana Sud,CITE DE LA REPUBLIQUE
Siliana,TN-34,36.0844,9.3708,Siliana Sud,KSAR HADID
Siliana,TN-34,36.0844,9.3708,Siliana Sud,SIDI MANSOUR
Siliana,TN-34,36.0844,9.3708,Siliana Sud,SILIANA
Siliana,TN-34,36.0844,9.3708,Siliana Sud,CITE DU LYCEE
Siliana,TN-34,36.0844,9.3708,Siliana Sud,CITE EL AIDA
Siliana,TN-34,36.0844,9.3708,Siliana Sud,AIN EL JOUZA
Siliana,TN-34,36.0844,9.3708,Bou Arada,CITE ERRIADH 3
Siliana,TN-34,36.0844,9.3708,Bou Arada,AIN EL GHESSIL
Siliana,TN-34,36.0844,9.3708,Bou Arada,BATEN ZRAIEB
Siliana,TN-34,36.0844,9.3708,Bou Arada,BOU ARADA
Siliana,TN-34,36.0844,9.3708,Bou Arada,CITE ALI BEN MBAREK 1
Siliana,TN-34,36.0844,9.3708,Bou Arada,CITE ALI BEN MBAREK 2
Siliana,TN-34,36.0844,9.3708,Bou Arada,CITE ALI BEN MBAREK 3
Siliana,TN-34,36.0844,9.3708,Bou Arada,CITE EL BASSATINE
Siliana,TN-34,36.0844,9.3708,Bou Arada,CITE EL MELLASSINE
Siliana,TN-34,36.0844,9.3708,Bou Arada,CITE ENNAKHIL
Siliana,TN-34,36.0844,9.3708,Bou Arada,CITE ENNOUR 1
Siliana,TN-34,36.0844,9.3708,Bou Arada,CITE ESSAADA
Siliana,TN-34,36.0844,9.3708,Bou Arada,CITE ENNOUR 2
Siliana,TN-34,36.0844,9.3708,Bou Arada,CITE ERRIADH 1
Siliana,TN-34,36.0844,9.3708,Bou Arada,CITE ERRIADH 2
Siliana,TN-34,36.0844,9.3708,Bou Arada,CITE ESSAFA
Siliana,TN-34,36.0844,9.3708,Bou Arada,CITE ESSALEM
Siliana,TN-34,36.0844,9.3708,Bou Arada,CITE EZZAYATINE EST
Siliana,TN-34,36.0844,9.3708,Bou Arada,CITE EZZAYATINE OUEST
Siliana,TN-34,36.0844,9.3708,Bou Arada,EL FETISSE
Siliana,TN-34,36.0844,9.3708,Bou Arada,EL MEJENINE
Siliana,TN-34,36.0844,9.3708,Bou Arada,HENCHIR ROUMENE
Siliana,TN-34,36.0844,9.3708,Bou Arada,JELIDI GARE
Siliana,TN-34,36.0844,9.3708,Bou Arada,KHAMSA THENAYA
Siliana,TN-34,36.0844,9.3708,Bou Arada,KSAR BOUKHRIS
Siliana,TN-34,36.0844,9.3708,Bou Arada,SIDI ABDENNOUR
Siliana,TN-34,36.0844,9.3708,Gaâfour,EL AKSAB
Siliana,TN-34,36.0844,9.3708,Gaâfour,EL AMEL
Siliana,TN-34,36.0844,9.3708,Gaâfour,ENNAJAH
Siliana,TN-34,36.0844,9.3708,Gaâfour,EL FRACHICH
Siliana,TN-34,36.0844,9.3708,Gaâfour,SIDI AYED
Siliana,TN-34,36.0844,9.3708,Gaâfour,CITE EL GUEBLI
Siliana,TN-34,36.0844,9.3708,Gaâfour,CITE EZZOUHOUR 3
Siliana,TN-34,36.0844,9.3708,Gaâfour,CITE TOUENSA
Siliana,TN-34,36.0844,9.3708,Gaâfour,EL KHARROUBA
Siliana,TN-34,36.0844,9.3708,Gaâfour,GAAFOUR
Siliana,TN-34,36.0844,9.3708,Gaâfour,GAAFOUR CHERGUI
Siliana,TN-34,36.0844,9.3708,Gaâfour,GAAFOUR GHARBI
Siliana,TN-34,36.0844,9.3708,Gaâfour,NOUISSER
Siliana,TN-34,36.0844,9.3708,Gaâfour,AKHOUAT MINE
Siliana,TN-34,36.0844,9.3708,Gaâfour,EL AKHOUAT
Siliana,TN-34,36.0844,9.3708,Gaâfour,MELLITA
Siliana,TN-34,36.0844,9.3708,Gaâfour,BENNOURIA
Siliana,TN-34,36.0844,9.3708,Gaâfour,EL ABARGUIA
Siliana,TN-34,36.0844,9.3708,Gaâfour,CITE DU BATTOIRE
Siliana,TN-34,36.0844,9.3708,Gaâfour,CITE EZZOUHOUR 2
Siliana,TN-34,36.0844,9.3708,Gaâfour,CITE EL WAFA
Siliana,TN-34,36.0844,9.3708,Gaâfour,CITE EZZOUHOUR 1
Siliana,TN-34,36.0844,9.3708,Gaâfour,AIN ZRIG
Siliana,TN-34,36.0844,9.3708,Gaâfour,EL BARRAMA
Siliana,TN-34,36.0844,9.3708,Gaâfour,EL HAOUAM
Siliana,TN-34,36.0844,9.3708,Gaâfour,MEDIOUNA
Siliana,TN-34,36.0844,9.3708,Gaâfour,CITE DU LYCEE
Siliana,TN-34,36.0844,9.3708,El Aroussa,EL AROUSSA
Siliana,TN-34,36.0844,9.3708,El Aroussa,EL HAJJEJ
Siliana,TN-34,36.0844,9.3708,El Aroussa,MOSRATA
Siliana,TN-34,36.0844,9.3708,El Aroussa,OUED EL ARAAR
Siliana,TN-34,36.0844,9.3708,El Aroussa,BOU JLIDA
Siliana,TN-34,36.0844,9.3708,El Krib,BORJ MESSAOUDI
Siliana,TN-34,36.0844,9.3708,El Krib,OUED TESSA EL MORR
Siliana,TN-34,36.0844,9.3708,El Krib,OULED BOUZID
Siliana,TN-34,36.0844,9.3708,El Krib,DOUKHANIA
Siliana,TN-34,36.0844,9.3708,El Krib,LE KRIB
Siliana,TN-34,36.0844,9.3708,El Krib,CITE ABDRABBAH 1
Siliana,TN-34,36.0844,9.3708,El Krib,CITE ABDRABBAH 2
Siliana,TN-34,36.0844,9.3708,El Krib,CITE COMMERCIALE
Siliana,TN-34,36.0844,9.3708,El Krib,CITE DE LA CELLULE
Siliana,TN-34,36.0844,9.3708,El Krib,CITE DU BATTOIRE
Siliana,TN-34,36.0844,9.3708,El Krib,CITE EJJAMAA
Siliana,TN-34,36.0844,9.3708,El Krib,CITE ENNASR
Siliana,TN-34,36.0844,9.3708,El Krib,HAMMAM BIADHA
Siliana,TN-34,36.0844,9.3708,El Krib,CITE ESSANAOUBER
Siliana,TN-34,36.0844,9.3708,El Krib,CITE ETTAHRIR
Siliana,TN-34,36.0844,9.3708,El Krib,CITE INDEPENDANCE
Siliana,TN-34,36.0844,9.3708,El Krib,FEJ EL HADOUM
Siliana,TN-34,36.0844,9.3708,El Krib,SOUK EL JOMAA
Siliana,TN-34,36.0844,9.3708,El Krib,MERKEZ BEN NJAH
Siliana,TN-34,36.0844,9.3708,Sidi Bou Rouis,NECHEM
Siliana,TN-34,36.0844,9.3708,Sidi Bou Rouis,BOU ROUIS FILAHI
Siliana,TN-34,36.0844,9.3708,Sidi Bou Rouis,OULED SELIT
Siliana,TN-34,36.0844,9.3708,Sidi Bou Rouis,AIN ACHOUR
Siliana,TN-34,36.0844,9.3708,Sidi Bou Rouis,BOU ROUIS
Siliana,TN-34,36.0844,9.3708,Sidi Bou Rouis,CITE 7 NOVEMBRE
Siliana,TN-34,36.0844,9.3708,Sidi Bou Rouis,CITE CHEMINOTS
Siliana,TN-34,36.0844,9.3708,Sidi Bou Rouis,CITE DU BATTOIRE
Siliana,TN-34,36.0844,9.3708,Sidi Bou Rouis,CITE DU LYCEE
Siliana,TN-34,36.0844,9.3708,Sidi Bou Rouis,CITE EJJAMAA
Siliana,TN-34,36.0844,9.3708,Sidi Bou Rouis,KRIB GARE
Siliana,TN-34,36.0844,9.3708,Makthar,ZOUAKRA
Siliana,TN-34,36.0844,9.3708,Makthar,MAKTHAR
Siliana,TN-34,36.0844,9.3708,Makthar,SOUK JOMAA
Siliana,TN-34,36.0844,9.3708,Makthar,SNED HADDAD
Siliana,TN-34,36.0844,9.3708,Makthar,EL KHALSA
Siliana,TN-34,36.0844,9.3708,Makthar,BENI HAZAM
Siliana,TN-34,36.0844,9.3708,Makthar,CHOUARNIA
Siliana,TN-34,36.0844,9.3708,Makthar,CITE DEBBICHE
Siliana,TN-34,36.0844,9.3708,Makthar,CITE EL BASSATINE
Siliana,TN-34,36.0844,9.3708,Makthar,CITE EL OUNS 1
Siliana,TN-34,36.0844,9.3708,Makthar,CITE EL OUNS 2
Siliana,TN-34,36.0844,9.3708,Makthar,CITE ENNAHALA
Siliana,TN-34,36.0844,9.3708,Makthar,CITE ESSIADA
Siliana,TN-34,36.0844,9.3708,Makthar,CITE KSIBA
Siliana,TN-34,36.0844,9.3708,Makthar,CITE MONGI SLIM 1
Siliana,TN-34,36.0844,9.3708,Makthar,CITE MONGI SLIM 2
Siliana,TN-34,36.0844,9.3708,Makthar,CITE NOUVELLE
Siliana,TN-34,36.0844,9.3708,Makthar,EL GARAA
Siliana,TN-34,36.0844,9.3708,Makthar,RAS EL OUED
Siliana,TN-34,36.0844,9.3708,Makthar,HOUCH SFAYA
Siliana,TN-34,36.0844,9.3708,Makthar,KHIZRANE
Siliana,TN-34,36.0844,9.3708,Rouhia,FOUNDOUK DEBBICH
Siliana,TN-34,36.0844,9.3708,Rouhia,FIDH HAMMED
Siliana,TN-34,36.0844,9.3708,Rouhia,JEMILETTE
Siliana,TN-34,36.0844,9.3708,Rouhia,ROHIA
Siliana,TN-34,36.0844,9.3708,Rouhia,HEBABSA SUD
Siliana,TN-34,36.0844,9.3708,Rouhia,MAGROUNA
Siliana,TN-34,36.0844,9.3708,Rouhia,CITE EL OUNS 1
Siliana,TN-34,36.0844,9.3708,Rouhia,CITE EL OUNS 2
Siliana,TN-34,36.0844,9.3708,Rouhia,CITE ENNOUR
Siliana,TN-34,36.0844,9.3708,Rouhia,CITE ERRIADH
Siliana,TN-34,36.0844,9.3708,Rouhia,CITE ESSAADA
Siliana,TN-34,36.0844,9.3708,Rouhia,CITE ETTAHRIR
Siliana,TN-34,36.0844,9.3708,Rouhia,CITE HEDI KHFACHA
Siliana,TN-34,36.0844,9.3708,Rouhia,EL HARIA
Siliana,TN-34,36.0844,9.3708,Rouhia,18 JANVIER
Siliana,TN-34,36.0844,9.3708,Rouhia,EL HMAIMA
Siliana,TN-34,36.0844,9.3708,Rouhia,EL MSAHLA
Siliana,TN-34,36.0844,9.3708,Kesra,KESRA
Siliana,TN-34,36.0844,9.3708,Kesra,BENI ABDALLAH
Siliana,TN-34,36.0844,9.3708,Kesra,HAMMAM KESRA
Siliana,TN-34,36.0844,9.3708,Kesra,EL MANSOURA
Siliana,TN-34,36.0844,9.3708,Kesra,EL MANSOURA NORD
Siliana,TN-34,36.0844,9.3708,Kesra,EL GARIA
Siliana,TN-34,36.0844,9.3708,Kesra,BOU ABDALLAH
Siliana,TN-34,36.0844,9.3708,Kesra,CITE BENI SAYOUR
Siliana,TN-34,36.0844,9.3708,Kesra,CITE EL BHIRA
Siliana,TN-34,36.0844,9.3708,Kesra,CITE EL GHROB
Siliana,TN-34,36.0844,9.3708,Kesra,CITE EL KSAR
Siliana,TN-34,36.0844,9.3708,Kesra,KESRA SUPERIEUR
Siliana,TN-34,36.0844,9.3708,Kesra,EZZAOUIA
Siliana,TN-34,36.0844,9.3708,Kesra,CITE 20 MARS
Siliana,TN-34,36.0844,9.3708,Kesra,CITE EL BASSATINE
Siliana,TN-34,36.0844,9.3708,Kesra,CITE EL INTILAKA
Siliana,TN-34,36.0844,9.3708,Kesra,EL GARIA SUD
Siliana,TN-34,36.0844,9.3708,Bargou,SIDI SAID
Siliana,TN-34,36.0844,9.3708,Bargou,SIDI ZID
Siliana,TN-34,36.0844,9.3708,Bargou,EL BHIRINE
Siliana,TN-34,36.0844,9.3708,Bargou,SODGA
Siliana,TN-34,36.0844,9.3708,Bargou,AIN EL FOURNA
Siliana,TN-34,36.0844,9.3708,Bargou,AIN ZAKKAR
Siliana,TN-34,36.0844,9.3708,Bargou,BARGOU
Siliana,TN-34,36.0844,9.3708,Bargou,CITE ABOUL KACEM CHEBBI
Siliana,TN-34,36.0844,9.3708,Bargou,CITE AIR NOUVELLE
Siliana,TN-34,36.0844,9.3708,Bargou,CITE EL KADIM
Siliana,TN-34,36.0844,9.3708,Bargou,CITE ESSAADA
Siliana,TN-34,36.0844,9.3708,Bargou,CITE EZZOUHOUR
Siliana,TN-34,36.0844,9.3708,Bargou,CITE IBN KHALDOUN
Siliana,TN-34,36.0844,9.3708,Bargou,DRIJA
Siliana,TN-34,36.0844,9.3708,Bargou,MARJ AOUAM
Siliana,TN-34,36.0844,9.3708,Bargou,SIDI AMARA
Siliana,TN-34,36.0844,9.3708,Bargou,BOU SAADIA
Kef,TN-33,36.1742,8.7049,Kef Ouest,KEF OUEST
Kef,TN-33,36.1742,8.7049,Kef Est,BARNOUSSA
Kef,TN-33,36.1742,8.7049,Kef Est,BOU MEFTAH
Kef,TN-33,36.1742,8.7049,Kef Est,CITE 1ER MAI
Kef,TN-33,36.1742,8.7049,Kef Est,CITE 2 MARS
Kef,TN-33,36.1742,8.7049,Kef Est,CITE 3 AOUT
Kef,TN-33,36.1742,8.7049,Kef Est,CITE 7 NOVEMBRE
Kef,TN-33,36.1742,8.7049,Kef Est,ZAAFRANE
Kef,TN-33,36.1742,8.7049,Kef Est,SEMANA
Kef,TN-33,36.1742,8.7049,Kef Est,OUED SOUANI
Kef,TN-33,36.1742,8.7049,Kef Est,SIDI MANSOUR
Kef,TN-33,36.1742,8.7049,Kef Est,ZONE INDUSTRIELLE
Kef,TN-33,36.1742,8.7049,Kef Est,BAHRA
Kef,TN-33,36.1742,8.7049,Kef Est,BORJ EL AIFA
Kef,TN-33,36.1742,8.7049,Kef Est,CITE DE LA LIBERTE
Kef,TN-33,36.1742,8.7049,Kef Est,CITE DES ENSEIGNANTS
Kef,TN-33,36.1742,8.7049,Kef Est,LE KEF
Kef,TN-33,36.1742,8.7049,Kef Est,CITE EDDYR
Kef,TN-33,36.1742,8.7049,Kef Est,CITE EL BASSATINE
Kef,TN-33,36.1742,8.7049,Kef Est,CITE EL FARAH
Kef,TN-33,36.1742,8.7049,Kef Est,CITE EL HANA
Kef,TN-33,36.1742,8.7049,Kef Est,CITE EL IZDIHAR
Kef,TN-33,36.1742,8.7049,Kef Est,CITE EL OUNS
Kef,TN-33,36.1742,8.7049,Kef Est,CITE ENNACIM
Kef,TN-33,36.1742,8.7049,Kef Est,CITE ENNOUHOUDH 1
Kef,TN-33,36.1742,8.7049,Kef Est,CITE ENNOUHOUDH 2
Kef,TN-33,36.1742,8.7049,Kef Est,CITE ERRIADH
Kef,TN-33,36.1742,8.7049,Kef Est,CITE ESSAADA 1
Kef,TN-33,36.1742,8.7049,Kef Est,CITE ESSAADA 2
Kef,TN-33,36.1742,8.7049,Kef Est,CITE ESSAKHRA
Kef,TN-33,36.1742,8.7049,Kef Est,CITE EZZITOUNA
Kef,TN-33,36.1742,8.7049,Kef Est,CITE FOURATI
Kef,TN-33,36.1742,8.7049,Kef Est,CITE HACHED
Kef,TN-33,36.1742,8.7049,Kef Est,ENNAIMA
Kef,TN-33,36.1742,8.7049,Kef Est,CITE HARROUCH
Kef,TN-33,36.1742,8.7049,Kef Est,OUED ERRAML
Kef,TN-33,36.1742,8.7049,Kef Est,CITE AMMAR AYARI
Kef,TN-33,36.1742,8.7049,Kef Est,CITE AIN MNEKH
Kef,TN-33,36.1742,8.7049,Kef Est,CITE IBN ABI DHIAF
Kef,TN-33,36.1742,8.7049,Kef Est,CITE IBN KHALDOUN
Kef,TN-33,36.1742,8.7049,Kef Est,CITE SOUANI LAANEB 1
Kef,TN-33,36.1742,8.7049,Kef Est,CITE BAHRI BARBOUCHE
Kef,TN-33,36.1742,8.7049,Kef Est,CITE SOUANI LAANEB 2
Kef,TN-33,36.1742,8.7049,Kef Est,CITE BOURAYOU
Kef,TN-33,36.1742,8.7049,Kef Est,CITE TAIEB MHIRI
Kef,TN-33,36.1742,8.7049,Kef Est,CITE BAYEDH
Kef,TN-33,36.1742,8.7049,Kef Est,OUED TESSA
Kef,TN-33,36.1742,8.7049,Kef Est,CITE CHERICHI
Kef,TN-33,36.1742,8.7049,Kef Est,CITE TOUNSI ARNOUS
Kef,TN-33,36.1742,8.7049,Kef Est,CITE BIR THELJ
Kef,TN-33,36.1742,8.7049,Kef Est,SALAH EL BAHRI
Kef,TN-33,36.1742,8.7049,Kef Est,CITE DE LA GARE
Kef,TN-33,36.1742,8.7049,Nebeur,CITE HADJ AHMED
Kef,TN-33,36.1742,8.7049,Nebeur,CITE NOUVELLE
Kef,TN-33,36.1742,8.7049,Nebeur,NEBEUR
Kef,TN-33,36.1742,8.7049,Nebeur,ZONE INDUSTRIELLE
Kef,TN-33,36.1742,8.7049,Nebeur,OUED MELLEGUE
Kef,TN-33,36.1742,8.7049,Nebeur,SIDI KHIAR
Kef,TN-33,36.1742,8.7049,Nebeur,TELL GHOUZLANE
Kef,TN-33,36.1742,8.7049,Nebeur,AIN EL HENCHIR
Kef,TN-33,36.1742,8.7049,Nebeur,CITE ENNASR
Kef,TN-33,36.1742,8.7049,Sakiet Sidi Youssef,CITE 8 FEVRIER 1
Kef,TN-33,36.1742,8.7049,Sakiet Sidi Youssef,CITE 8 FEVRIER 2
Kef,TN-33,36.1742,8.7049,Sakiet Sidi Youssef,CITE 8 FEVRIER 3
Kef,TN-33,36.1742,8.7049,Sakiet Sidi Youssef,CITE EL KERFEH
Kef,TN-33,36.1742,8.7049,Sakiet Sidi Youssef,CITE DES OUVRIERS
Kef,TN-33,36.1742,8.7049,Sakiet Sidi Youssef,TABIA
Kef,TN-33,36.1742,8.7049,Sakiet Sidi Youssef,CITE ETTAHRIR
Kef,TN-33,36.1742,8.7049,Sakiet Sidi Youssef,AIN EL KARMA
Kef,TN-33,36.1742,8.7049,Sakiet Sidi Youssef,CITE EL INTILAKA
Kef,TN-33,36.1742,8.7049,Sakiet Sidi Youssef,CITE MONIMENTS
Kef,TN-33,36.1742,8.7049,Sakiet Sidi Youssef,CITE SAKMO
Kef,TN-33,36.1742,8.7049,Sakiet Sidi Youssef,CITE SPROLS
Kef,TN-33,36.1742,8.7049,Sakiet Sidi Youssef,ESSAKIA
Kef,TN-33,36.1742,8.7049,Sakiet Sidi Youssef,FARCHEN
Kef,TN-33,36.1742,8.7049,Sakiet Sidi Youssef,CITE ENNOUR 1
Kef,TN-33,36.1742,8.7049,Sakiet Sidi Youssef,JERADOU
Kef,TN-33,36.1742,8.7049,Sakiet Sidi Youssef,LA MINE
Kef,TN-33,36.1742,8.7049,Sakiet Sidi Youssef,PLACE DE LA REPUBLIQUE
Kef,TN-33,36.1742,8.7049,Sakiet Sidi Youssef,SIDI RABEH
Kef,TN-33,36.1742,8.7049,Sakiet Sidi Youssef,CITE ENNOUR 2
Kef,TN-33,36.1742,8.7049,Tajerouine,CITE EL BESMA 1
Kef,TN-33,36.1742,8.7049,Tajerouine,CITE EL BESMA 2
Kef,TN-33,36.1742,8.7049,Tajerouine,CITE EL FOUROUSSIA
Kef,TN-33,36.1742,8.7049,Tajerouine,CITE ERRAHBA
Kef,TN-33,36.1742,8.7049,Tajerouine,CITE 7 NOVEMBRE
Kef,TN-33,36.1742,8.7049,Tajerouine,CITE ESSAKIA
Kef,TN-33,36.1742,8.7049,Tajerouine,CITE ESSANAOUBER
Kef,TN-33,36.1742,8.7049,Tajerouine,CITE EZZITOUNA
Kef,TN-33,36.1742,8.7049,Tajerouine,CITE HABIB THAMEUR
Kef,TN-33,36.1742,8.7049,Tajerouine,CITE AFH
Kef,TN-33,36.1742,8.7049,Tajerouine,CITE HOPITAL
Kef,TN-33,36.1742,8.7049,Tajerouine,CITE JEBEL
Kef,TN-33,36.1742,8.7049,Tajerouine,CITE CIOK
Kef,TN-33,36.1742,8.7049,Tajerouine,MAHJOUBA
Kef,TN-33,36.1742,8.7049,Tajerouine,SIDI MTIR
Kef,TN-33,36.1742,8.7049,Tajerouine,CITE TAIEB MHIRI
Kef,TN-33,36.1742,8.7049,Tajerouine,CITE BOURGUIBA 2
Kef,TN-33,36.1742,8.7049,Tajerouine,LA GARE
Kef,TN-33,36.1742,8.7049,Tajerouine,GARN EL HALFAYA
Kef,TN-33,36.1742,8.7049,Tajerouine,SIDI ABDELBASSET
Kef,TN-33,36.1742,8.7049,Tajerouine,CITE BOURGUIBA 3
Kef,TN-33,36.1742,8.7049,Tajerouine,CITE BOURGUIBA 1
Kef,TN-33,36.1742,8.7049,Tajerouine,CITE AIN EL BAR
Kef,TN-33,36.1742,8.7049,Tajerouine,TAJEROUINE GARE
Kef,TN-33,36.1742,8.7049,Tajerouine,MENZEL SALEM
Kef,TN-33,36.1742,8.7049,Tajerouine,JAZZA
Kef,TN-33,36.1742,8.7049,Tajerouine,CITE DE LA PALESTINE
Kef,TN-33,36.1742,8.7049,Tajerouine,CITE DES MARTYRS
Kef,TN-33,36.1742,8.7049,Tajerouine,CITE DU SOUK
Kef,TN-33,36.1742,8.7049,Tajerouine,CITE DU STADE
Kef,TN-33,36.1742,8.7049,Tajerouine,CITE EL AIN
Kef,TN-33,36.1742,8.7049,Tajerouine,CITE 2 MARS
Kef,TN-33,36.1742,8.7049,Tajerouine,CITE EL BASSATINE
Kef,TN-33,36.1742,8.7049,Tajerouine,TAJEROUINE
Kef,TN-33,36.1742,8.7049,Tajerouine,EL HODH
Kef,TN-33,36.1742,8.7049,Kef Est,CITE DU JARDIN
Kef,TN-33,36.1742,8.7049,Kef Est,CITE BOURGUIBA
Kef,TN-33,36.1742,8.7049,Kef Est,CITE DU STADE
Kef,TN-33,36.1742,8.7049,Kef Est,CITE EL BASSATINE
Kef,TN-33,36.1742,8.7049,Kef Est,CITE ENNACIM
Kef,TN-33,36.1742,8.7049,Kef Est,CITE ENNOUR
Kef,TN-33,36.1742,8.7049,Kef Est,CITE ESSANABEL
Kef,TN-33,36.1742,8.7049,Kef Est,CITE ESSANAOUBER BOU ARARA
Kef,TN-33,36.1742,8.7049,Kef Est,CITE EZZOUHOUR BOU ARARA
Kef,TN-33,36.1742,8.7049,Kef Est,CITE MONGI SLIM
Kef,TN-33,36.1742,8.7049,Kef Est,CITE YOUGHARTA
Kef,TN-33,36.1742,8.7049,Kef Est,EL FELTA
Kef,TN-33,36.1742,8.7049,Kef Est,ERREBIBA
Kef,TN-33,36.1742,8.7049,Kef Est,KALAAT SINANE
Kef,TN-33,36.1742,8.7049,Kef Est,SAFSAF
Kef,TN-33,36.1742,8.7049,Kef Est,AIN SINAN
Kef,TN-33,36.1742,8.7049,Kef Est,BOU JABEUR
Kef,TN-33,36.1742,8.7049,El Ksour,KALAA EL KHASBA
Kef,TN-33,36.1742,8.7049,El Ksour,CITE EL MELLASSINE
Kef,TN-33,36.1742,8.7049,El Ksour,CITE AHMED ESSALAH
Kef,TN-33,36.1742,8.7049,El Ksour,CITE ERROUKA
Kef,TN-33,36.1742,8.7049,El Ksour,CITE ESSOUITIR
Kef,TN-33,36.1742,8.7049,Jerissa,CITE DES INSTITUTEURS
Kef,TN-33,36.1742,8.7049,Jerissa,CITE DES MARTYRS
Kef,TN-33,36.1742,8.7049,Jerissa,CITE DES OUVRIERS
Kef,TN-33,36.1742,8.7049,Jerissa,CITE DU SOUK
Kef,TN-33,36.1742,8.7049,Jerissa,CITE ECHAHID BELGACEM
Kef,TN-33,36.1742,8.7049,Jerissa,CITE ECHAHID SADOK
Kef,TN-33,36.1742,8.7049,Jerissa,CITE ERROUKI
Kef,TN-33,36.1742,8.7049,Jerissa,CITE ESSAADA
Kef,TN-33,36.1742,8.7049,Jerissa,CITE ESSANAOUBER ANCIENNE
Kef,TN-33,36.1742,8.7049,Jerissa,CITE ESSANAOUBER NOUVELLE
Kef,TN-33,36.1742,8.7049,Jerissa,CITE ESSAROUEL
Kef,TN-33,36.1742,8.7049,Jerissa,CITE ETTAHRIR
Kef,TN-33,36.1742,8.7049,Jerissa,CITE EZZOUHOUR
Kef,TN-33,36.1742,8.7049,Jerissa,CITE HACHED NORD
Kef,TN-33,36.1742,8.7049,Jerissa,CITE HACHED SUD
Kef,TN-33,36.1742,8.7049,Jerissa,CITE MOHAMED ALI
Kef,TN-33,36.1742,8.7049,Jerissa,CITE MOHAMED ALI Nlle
Kef,TN-33,36.1742,8.7049,Jerissa,CITE SIDI YAHYA
Kef,TN-33,36.1742,8.7049,Jerissa,CITE TAIEB MHIRI
Kef,TN-33,36.1742,8.7049,Jerissa,EL GORRAIA
Kef,TN-33,36.1742,8.7049,Jerissa,EL HAYADRA
Kef,TN-33,36.1742,8.7049,Jerissa,ENNAIEM
Kef,TN-33,36.1742,8.7049,Jerissa,ESBIAAT
Kef,TN-33,36.1742,8.7049,Jerissa,FEJ ETTAMR
Kef,TN-33,36.1742,8.7049,Jerissa,HENCHIR SARRAT
Kef,TN-33,36.1742,8.7049,Jerissa,JERISSA
Kef,TN-33,36.1742,8.7049,Jerissa,JERISSA GARE
Kef,TN-33,36.1742,8.7049,Jerissa,OUM EL KELIL
Kef,TN-33,36.1742,8.7049,Jerissa,CITE DE LA GARE
Kef,TN-33,36.1742,8.7049,Jerissa,CITE DES INGENIEURS
Kef,TN-33,36.1742,8.7049,Jerissa,AIN EL GARSA
Kef,TN-33,36.1742,8.7049,Jerissa,CITE AHMED TLILI
Kef,TN-33,36.1742,8.7049,Jerissa,CITE ALI BEN GHEDHAHOM
Kef,TN-33,36.1742,8.7049,Jerissa,CITE ALI BEN KHLIFA
Kef,TN-33,36.1742,8.7049,Jerissa,CITE BOURGUIBA
Kef,TN-33,36.1742,8.7049,Jerissa,CITE CHAHID EL AID 1
Kef,TN-33,36.1742,8.7049,Jerissa,CITE CHAHID EL AID 2
Kef,TN-33,36.1742,8.7049,El Ksour,EL KSOUR
Kef,TN-33,36.1742,8.7049,El Ksour,EZZITOUNA
Kef,TN-33,36.1742,8.7049,El Ksour,AIN EL FEDHIL
Kef,TN-33,36.1742,8.7049,El Ksour,AIN KSIBA
Kef,TN-33,36.1742,8.7049,El Ksour,BANOU
Kef,TN-33,36.1742,8.7049,El Ksour,CITE ALI EL BAHLOUL
Kef,TN-33,36.1742,8.7049,El Ksour,CITE ATTOUCHE
Kef,TN-33,36.1742,8.7049,El Ksour,CITE SIDI ALI MAHJOUB
Kef,TN-33,36.1742,8.7049,El Ksour,CITE SIDI MANSOUR
Kef,TN-33,36.1742,8.7049,El Ksour,ECHAABNA
Kef,TN-33,36.1742,8.7049,El Ksour,EDDHILA
Kef,TN-33,36.1742,8.7049,El Ksour,EL AFSET
Kef,TN-33,36.1742,8.7049,El Ksour,EL HMARNA
Kef,TN-33,36.1742,8.7049,El Ksour,EL HOUILAT
Kef,TN-33,36.1742,8.7049,El Ksour,CITE CENTRE VILLE
Kef,TN-33,36.1742,8.7049,El Ksour,CITE EL BORJ
Kef,TN-33,36.1742,8.7049,El Ksour,CITE EL HELLA
Kef,TN-33,36.1742,8.7049,El Ksour,CITE ESSAADA
Kef,TN-33,36.1742,8.7049,El Ksour,CITE MOHAMED ALI
Kef,TN-33,36.1742,8.7049,El Ksour,CITE SAFIA 1
Kef,TN-33,36.1742,8.7049,El Ksour,CITE SAFIA 2
Kef,TN-33,36.1742,8.7049,El Ksour,LOUATA
Kef,TN-33,36.1742,8.7049,El Ksour,OULED BOURAOUI
Kef,TN-33,36.1742,8.7049,El Ksour,OULED GHANA
Kef,TN-33,36.1742,8.7049,El Ksour,OULED ZID
Kef,TN-33,36.1742,8.7049,El Ksour,KIRATA
Kef,TN-33,36.1742,8.7049,Dahmani,ABIDA
Kef,TN-33,36.1742,8.7049,Dahmani,ADISSI
Kef,TN-33,36.1742,8.7049,Dahmani,AIN MESKHIA
Kef,TN-33,36.1742,8.7049,Dahmani,CHARKET ESSABOUN
Kef,TN-33,36.1742,8.7049,Dahmani,CITE 1 MAI 1
Kef,TN-33,36.1742,8.7049,Dahmani,CITE 1 MAI 2
Kef,TN-33,36.1742,8.7049,Dahmani,CITE 2 MARS 1
Kef,TN-33,36.1742,8.7049,Dahmani,CITE 2 MARS 2
Kef,TN-33,36.1742,8.7049,Dahmani,CITE BEN AMMAR 1
Kef,TN-33,36.1742,8.7049,Dahmani,CITE BEN AMMAR 2
Kef,TN-33,36.1742,8.7049,Dahmani,CITE BEN HAFDHALLAH
Kef,TN-33,36.1742,8.7049,Dahmani,CITE EL AZIMA
Kef,TN-33,36.1742,8.7049,Dahmani,CITE EL INTILAK
Kef,TN-33,36.1742,8.7049,Dahmani,CITE ENNASR
Kef,TN-33,36.1742,8.7049,Dahmani,CITE ENNOUR
Kef,TN-33,36.1742,8.7049,Dahmani,ZOUARINE
Kef,TN-33,36.1742,8.7049,Dahmani,CITE ESSANAOUBER 2
Kef,TN-33,36.1742,8.7049,Dahmani,CITE ESSANABEL
Kef,TN-33,36.1742,8.7049,Dahmani,CITE ETTENMIA
Kef,TN-33,36.1742,8.7049,Dahmani,CITE HOPITAL
Kef,TN-33,36.1742,8.7049,Dahmani,CITE IBN KHALDOUN
Kef,TN-33,36.1742,8.7049,Dahmani,CITE MOHAMED ALI
Kef,TN-33,36.1742,8.7049,Dahmani,CITE SIDI DAHMANI
Kef,TN-33,36.1742,8.7049,Dahmani,DAHMANI
Kef,TN-33,36.1742,8.7049,Dahmani,SIDI ASKER
Kef,TN-33,36.1742,8.7049,Dahmani,SIDI BARAKET NORD
Kef,TN-33,36.1742,8.7049,Dahmani,SIDI BARAKET SUD
Kef,TN-33,36.1742,8.7049,Dahmani,CITE ESSANAOUBER 1
Kef,TN-33,36.1742,8.7049,Dahmani,CITE ERRIADH
Kef,TN-33,36.1742,8.7049,Es Sers,BIR HEDDI
Kef,TN-33,36.1742,8.7049,Es Sers,BOU SLIAA
Kef,TN-33,36.1742,8.7049,Es Sers,CITE DU PONT
Kef,TN-33,36.1742,8.7049,Es Sers,CITE EL BASSATINE
Kef,TN-33,36.1742,8.7049,Es Sers,CITE ENNACIM
Kef,TN-33,36.1742,8.7049,Es Sers,CITE ENNOUR
Kef,TN-33,36.1742,8.7049,Es Sers,CITE ENNOUR 2
Kef,TN-33,36.1742,8.7049,Es Sers,CITE ENNOUZHA
Kef,TN-33,36.1742,8.7049,Es Sers,CITE ERRIADH
Kef,TN-33,36.1742,8.7049,Es Sers,CITE ESSANAOUBER
Kef,TN-33,36.1742,8.7049,Es Sers,CITE EZZOUHOUR
Kef,TN-33,36.1742,8.7049,Es Sers,EL ARGOUB
Kef,TN-33,36.1742,8.7049,Es Sers,EL MELLAHA
Kef,TN-33,36.1742,8.7049,Es Sers,ELLES
Kef,TN-33,36.1742,8.7049,Es Sers,LABAR
Kef,TN-33,36.1742,8.7049,Es Sers,LE SERS
Kef,TN-33,36.1742,8.7049,Es Sers,LE VIEUX SERS
Kef,TN-33,36.1742,8.7049,Es Sers,LORBOUS
Kef,TN-33,36.1742,8.7049,Es Sers,LORBOUS GARE
Kef,TN-33,36.1742,8.7049,Es Sers,SIDI NASSER
Kef,TN-33,36.1742,8.7049,Es Sers,TRICHA
Kairouan,TN-41,35.6769,10.1012,Kairouan Nord,CITE SNIT
Kairouan,TN-41,35.6769,10.1012,Kairouan Nord,DHRAA ETTAMMAR
Kairouan,TN-41,35.6769,10.1012,Kairouan Nord,KAIROUAN OKBA
Kairouan,TN-41,35.6769,10.1012,Kairouan Nord,SIDI DHAMENI
Kairouan,TN-41,35.6769,10.1012,Kairouan Nord,EL BATEN
Kairouan,TN-41,35.6769,10.1012,Kairouan Nord,CITE ENNASR
Kairouan,TN-41,35.6769,10.1012,Kairouan Nord,EL GHABETTE
Kairouan,TN-41,35.6769,10.1012,Kairouan Nord,CITE EL HAJJAM
Kairouan,TN-41,35.6769,10.1012,Kairouan Nord,CITE SAHBI 5
Kairouan,TN-41,35.6769,10.1012,Kairouan Nord,CITE EL BALOUI 1
Kairouan,TN-41,35.6769,10.1012,Kairouan Nord,CITE SAHBI 3
Kairouan,TN-41,35.6769,10.1012,Kairouan Nord,CITE SAHBI 4
Kairouan,TN-41,35.6769,10.1012,Kairouan Nord,CITE DAR EL AMEN
Kairouan,TN-41,35.6769,10.1012,Kairouan Nord,CITE ICHBILIA
Kairouan,TN-41,35.6769,10.1012,Kairouan Nord,CITE OULED MANAA
Kairouan,TN-41,35.6769,10.1012,Kairouan Nord,CITE EL BALOUI 3
Kairouan,TN-41,35.6769,10.1012,Kairouan Nord,CITE OKBA
Kairouan,TN-41,35.6769,10.1012,Kairouan Nord,EL MOUTBASTA
Kairouan,TN-41,35.6769,10.1012,Kairouan Nord,CITE SAHNOUN
Kairouan,TN-41,35.6769,10.1012,Kairouan Nord,CITE EL BALOUI 2
Kairouan,TN-41,35.6769,10.1012,Kairouan Sud,ARGOUB EL KHADHRA
Kairouan,TN-41,35.6769,10.1012,Kairouan Sud,EL KHADHRA
Kairouan,TN-41,35.6769,10.1012,Kairouan Sud,CITE TABENE
Kairouan,TN-41,35.6769,10.1012,Kairouan Sud,RACCADA
Kairouan,TN-41,35.6769,10.1012,Kairouan Sud,CITE EL MOEZ
Kairouan,TN-41,35.6769,10.1012,Kairouan Sud,CITE IBN EL JAZZAR
Kairouan,TN-41,35.6769,10.1012,Kairouan Sud,EL BORJI
Kairouan,TN-41,35.6769,10.1012,Kairouan Sud,CITE MILITAIRE ANCIEN
Kairouan,TN-41,35.6769,10.1012,Kairouan Sud,CITE RIM
Kairouan,TN-41,35.6769,10.1012,Kairouan Sud,CITE SABRI
Kairouan,TN-41,35.6769,10.1012,Kairouan Sud,EL ARGOUB LAHRECH
Kairouan,TN-41,35.6769,10.1012,Kairouan Sud,EL MAKHSOUMA
Kairouan,TN-41,35.6769,10.1012,Kairouan Sud,EL MRAZIG
Kairouan,TN-41,35.6769,10.1012,Kairouan Sud,KAIROUAN
Kairouan,TN-41,35.6769,10.1012,Kairouan Sud,KAIROUAN SUD
Kairouan,TN-41,35.6769,10.1012,Kairouan Sud,AIN EL KHAZZAZIA
Kairouan,TN-41,35.6769,10.1012,Kairouan Sud,ZAAFRANA
Kairouan,TN-41,35.6769,10.1012,Chebika,CITE SABRINE
Kairouan,TN-41,35.6769,10.1012,Chebika,ROUISSETTE
Kairouan,TN-41,35.6769,10.1012,Chebika,SIDI ABDALLAH  BELHAJ
Kairouan,TN-41,35.6769,10.1012,Chebika,OULED KHALFALLAH
Kairouan,TN-41,35.6769,10.1012,Chebika,OULED KHELIF
Kairouan,TN-41,35.6769,10.1012,Chebika,OULED NASSER
Kairouan,TN-41,35.6769,10.1012,Chebika,EL AOUAMRIA
Kairouan,TN-41,35.6769,10.1012,Chebika,ABIDA CHERGUIA
Kairouan,TN-41,35.6769,10.1012,Chebika,AIN EL BEYDHA
Kairouan,TN-41,35.6769,10.1012,Chebika,BEN SALEM
Kairouan,TN-41,35.6769,10.1012,Chebika,GRAGAYA
Kairouan,TN-41,35.6769,10.1012,Chebika,HAMMED
Kairouan,TN-41,35.6769,10.1012,Chebika,EL KARMA
Kairouan,TN-41,35.6769,10.1012,Chebika,CHEBIKA
Kairouan,TN-41,35.6769,10.1012,Sebikha,EL FRIOUETTE
Kairouan,TN-41,35.6769,10.1012,Sebikha,HENDI ZITOUNA
Kairouan,TN-41,35.6769,10.1012,Sebikha,CHORFA
Kairouan,TN-41,35.6769,10.1012,Sebikha,CHOUGAFIA
Kairouan,TN-41,35.6769,10.1012,Sebikha,EL GFEY
Kairouan,TN-41,35.6769,10.1012,Sebikha,EL KHODHER
Kairouan,TN-41,35.6769,10.1012,Sebikha,OUED NEBHANA
Kairouan,TN-41,35.6769,10.1012,Sebikha,SBIKHA
Kairouan,TN-41,35.6769,10.1012,Sebikha,EL ALEM
Kairouan,TN-41,35.6769,10.1012,Sebikha,DAR BEN AICHA
Kairouan,TN-41,35.6769,10.1012,Sebikha,DAR JAMIYA
Kairouan,TN-41,35.6769,10.1012,Sebikha,EL GATIFA
Kairouan,TN-41,35.6769,10.1012,Sebikha,EL AOUITHA
Kairouan,TN-41,35.6769,10.1012,Sebikha,DALOUSSI
Kairouan,TN-41,35.6769,10.1012,Sebikha,SISSEB
Kairouan,TN-41,35.6769,10.1012,Sebikha,AIN BOUMOURRA
Kairouan,TN-41,35.6769,10.1012,Sebikha,EDDIKHILA
Kairouan,TN-41,35.6769,10.1012,Sebikha,DHRIAAT
Kairouan,TN-41,35.6769,10.1012,Sebikha,SIDI MESSAOUD
Kairouan,TN-41,35.6769,10.1012,Oueslatia,OUESLATIA
Kairouan,TN-41,35.6769,10.1012,Oueslatia,KSAR LAMSA
Kairouan,TN-41,35.6769,10.1012,Oueslatia,AIN JELLOULA
Kairouan,TN-41,35.6769,10.1012,Oueslatia,AIN MASTOUR
Kairouan,TN-41,35.6769,10.1012,Oueslatia,CITE BOU ASSIDA
Kairouan,TN-41,35.6769,10.1012,Oueslatia,CITE CHEBBI
Kairouan,TN-41,35.6769,10.1012,Oueslatia,CITE COMMERCIALE
Kairouan,TN-41,35.6769,10.1012,Oueslatia,CITE DES OUVRIERS
Kairouan,TN-41,35.6769,10.1012,Oueslatia,CITE DU STADE
Kairouan,TN-41,35.6769,10.1012,Oueslatia,CITE EJJAMAA
Kairouan,TN-41,35.6769,10.1012,Oueslatia,CITE ESSANAOUBER
Kairouan,TN-41,35.6769,10.1012,Oueslatia,CITE ETTAHRIR
Kairouan,TN-41,35.6769,10.1012,Oueslatia,OUED EL GUESSAB
Kairouan,TN-41,35.6769,10.1012,Haffouz,AIN EL GHRAB
Kairouan,TN-41,35.6769,10.1012,Haffouz,CHERICHIRA
Kairouan,TN-41,35.6769,10.1012,Haffouz,CITE LE MOUROUJ
Kairouan,TN-41,35.6769,10.1012,Haffouz,EL ALIA
Kairouan,TN-41,35.6769,10.1012,Haffouz,EL AOUDID
Kairouan,TN-41,35.6769,10.1012,Haffouz,EZZORG
Kairouan,TN-41,35.6769,10.1012,Haffouz,HAFFOUZ
Kairouan,TN-41,35.6769,10.1012,Haffouz,KHIT EL OUED
Kairouan,TN-41,35.6769,10.1012,El Ala,GHIDHIFETTE
Kairouan,TN-41,35.6769,10.1012,El Ala,EL ALA
Kairouan,TN-41,35.6769,10.1012,El Ala,SAYADA SUD
Kairouan,TN-41,35.6769,10.1012,El Ala,EL MSAID
Kairouan,TN-41,35.6769,10.1012,El Ala,MESSIOUTA
Kairouan,TN-41,35.6769,10.1012,El Ala,OULED ENNAGUEZ
Kairouan,TN-41,35.6769,10.1012,El Ala,AIN SAYADA
Kairouan,TN-41,35.6769,10.1012,El Ala,CITE ESSANAOUBER
Kairouan,TN-41,35.6769,10.1012,El Ala,CITE NOUVELLE
Kairouan,TN-41,35.6769,10.1012,El Ala,CITE OULED AHMED
Kairouan,TN-41,35.6769,10.1012,El Ala,CITE POPULAIRE
Kairouan,TN-41,35.6769,10.1012,El Ala,CITE REZAGNIA
Kairouan,TN-41,35.6769,10.1012,El Ala,CITE RURALE
Kairouan,TN-41,35.6769,10.1012,El Ala,ECOLE ETTOUAL
Kairouan,TN-41,35.6769,10.1012,El Ala,ECOLE TRAZZA
Kairouan,TN-41,35.6769,10.1012,El Ala,ECOLE JOUAMIA
Kairouan,TN-41,35.6769,10.1012,El Ala,EL FJEJRIA
Kairouan,TN-41,35.6769,10.1012,El Ala,OUED EL JABBES
Kairouan,TN-41,35.6769,10.1012,El Ala,OULED MEHREZ
Kairouan,TN-41,35.6769,10.1012,El Ala,OULED ALI
Kairouan,TN-41,35.6769,10.1012,El Ala,SAYADA NORD
Kairouan,TN-41,35.6769,10.1012,Hajeb El Ayoun,CITE EZZAYATINE
Kairouan,TN-41,35.6769,10.1012,Hajeb El Ayoun,AIN MAJOUNA
Kairouan,TN-41,35.6769,10.1012,Hajeb El Ayoun,CITE 7 NOVEMBRE
Kairouan,TN-41,35.6769,10.1012,Hajeb El Ayoun,CITE ENNASR
Kairouan,TN-41,35.6769,10.1012,Hajeb El Ayoun,CITE ENNOUHOUDH
Kairouan,TN-41,35.6769,10.1012,Hajeb El Ayoun,CITE ERROUKI
Kairouan,TN-41,35.6769,10.1012,Hajeb El Ayoun,CITE ESSAADA
Kairouan,TN-41,35.6769,10.1012,Hajeb El Ayoun,CITE EZZOUHOUR
Kairouan,TN-41,35.6769,10.1012,Hajeb El Ayoun,CITE INDEPENDANCE
Kairouan,TN-41,35.6769,10.1012,Hajeb El Ayoun,EL GHOUIBA
Kairouan,TN-41,35.6769,10.1012,Hajeb El Ayoun,EL MANAR
Kairouan,TN-41,35.6769,10.1012,Hajeb El Ayoun,EL MENASSA
Kairouan,TN-41,35.6769,10.1012,Hajeb El Ayoun,HAJEB EL AYOUN
Kairouan,TN-41,35.6769,10.1012,Hajeb El Ayoun,HAJEB EL AYOUN GARE
Kairouan,TN-41,35.6769,10.1012,Hajeb El Ayoun,OULED AMEUR
Kairouan,TN-41,35.6769,10.1012,Hajeb El Ayoun,THALLAJA
Kairouan,TN-41,35.6769,10.1012,Hajeb El Ayoun,OULED ABBES
Kairouan,TN-41,35.6769,10.1012,Nasrallah,SIDI SAAD
Kairouan,TN-41,35.6769,10.1012,Nasrallah,EL AJABNA
Kairouan,TN-41,35.6769,10.1012,Nasrallah,EL KSOUR
Kairouan,TN-41,35.6769,10.1012,Nasrallah,NASRALLAH
Kairouan,TN-41,35.6769,10.1012,Nasrallah,EL KABBARA
Kairouan,TN-41,35.6769,10.1012,Nasrallah,ERRAGOUBA EL HAMRA
Kairouan,TN-41,35.6769,10.1012,Nasrallah,EL HAMIDETTE
Kairouan,TN-41,35.6769,10.1012,Nasrallah,TOUILA
Kairouan,TN-41,35.6769,10.1012,Nasrallah,MENZEL MHIRI
Kairouan,TN-41,35.6769,10.1012,Cherarda,CHERAITIA
Kairouan,TN-41,35.6769,10.1012,Cherarda,CHERARDA
Kairouan,TN-41,35.6769,10.1012,Cherarda,CITE EL  MACHED
Kairouan,TN-41,35.6769,10.1012,Cherarda,CITE EL KOUCHA
Kairouan,TN-41,35.6769,10.1012,Cherarda,EL AOUYED
Kairouan,TN-41,35.6769,10.1012,Cherarda,EL KSOUR
Kairouan,TN-41,35.6769,10.1012,Cherarda,OULED FARJALLAH
Kairouan,TN-41,35.6769,10.1012,Bouhajla,JEHINA
Kairouan,TN-41,35.6769,10.1012,Bouhajla,BIR AHMED
Kairouan,TN-41,35.6769,10.1012,Bouhajla,BIR LAHJAR
Kairouan,TN-41,35.6769,10.1012,Bouhajla,BOU HAJLA
Kairouan,TN-41,35.6769,10.1012,Bouhajla,CITE 7 NOVEMBRE
Kairouan,TN-41,35.6769,10.1012,Bouhajla,CITE DE LA REPUBLIQUE
Kairouan,TN-41,35.6769,10.1012,Bouhajla,CITE EL MOEZ
Kairouan,TN-41,35.6769,10.1012,Bouhajla,CITE ENNASR
Kairouan,TN-41,35.6769,10.1012,Bouhajla,CITE ENNOUR
Kairouan,TN-41,35.6769,10.1012,Bouhajla,CITE ESSAADA
Kairouan,TN-41,35.6769,10.1012,Bouhajla,CITE EZZOUHOUR
Kairouan,TN-41,35.6769,10.1012,Bouhajla,CITE NOUVELLE
Kairouan,TN-41,35.6769,10.1012,Bouhajla,ENNASR
Kairouan,TN-41,35.6769,10.1012,Bouhajla,CITE OKBA
Kairouan,TN-41,35.6769,10.1012,Bouhajla,OULED ACHOUR
Kairouan,TN-41,35.6769,10.1012,Bouhajla,BIR EDDAOULA
Kairouan,TN-41,35.6769,10.1012,Bouhajla,EL FATEH
Sidi Bouzid,TN-43,35.0382,9.4844,Sidi Bouzid Ouest,ZAAFRIA
Sidi Bouzid,TN-43,35.0382,9.4844,Sidi Bouzid Ouest,BIR EL BEY
Sidi Bouzid,TN-43,35.0382,9.4844,Sidi Bouzid Ouest,EL ADHLA
Sidi Bouzid,TN-43,35.0382,9.4844,Sidi Bouzid Ouest,EL GHEMAMRIA
Sidi Bouzid,TN-43,35.0382,9.4844,Sidi Bouzid Ouest,EL GUETAYFIA
Sidi Bouzid,TN-43,35.0382,9.4844,Sidi Bouzid Ouest,EL MLIKETTE
Sidi Bouzid,TN-43,35.0382,9.4844,Sidi Bouzid Ouest,OUED EL BRIJ
Sidi Bouzid,TN-43,35.0382,9.4844,Sidi Bouzid Ouest,OUM EL ADHAM
Sidi Bouzid,TN-43,35.0382,9.4844,Sidi Bouzid Ouest,CITE OULED BEL HEDI
Sidi Bouzid,TN-43,35.0382,9.4844,Sidi Bouzid Ouest,ETTOUANSIA
Sidi Bouzid,TN-43,35.0382,9.4844,Sidi Bouzid Ouest,MEFREG EL FRAYOU
Sidi Bouzid,TN-43,35.0382,9.4844,Sidi Bouzid Ouest,BIR BADRA
Sidi Bouzid,TN-43,35.0382,9.4844,Sidi Bouzid Ouest,EDDAGHER
Sidi Bouzid,TN-43,35.0382,9.4844,Sidi Bouzid Ouest,EL FATEH
Sidi Bouzid,TN-43,35.0382,9.4844,Sidi Bouzid Ouest,EL HICHRIA
Sidi Bouzid,TN-43,35.0382,9.4844,Sidi Bouzid Ouest,HENCHIR ESNAB
Sidi Bouzid,TN-43,35.0382,9.4844,Sidi Bouzid Ouest,OULED JALAL
Sidi Bouzid,TN-43,35.0382,9.4844,Sidi Bouzid Ouest,OUM ETTOUBOUL
Sidi Bouzid,TN-43,35.0382,9.4844,Sidi Bouzid Ouest,CITE EL KAOUAFEL
Sidi Bouzid,TN-43,35.0382,9.4844,Sidi Bouzid Ouest,TOUILA
Sidi Bouzid,TN-43,35.0382,9.4844,Sidi Bouzid Ouest,ESSANDOUG
Sidi Bouzid,TN-43,35.0382,9.4844,Sidi Bouzid Ouest,SIDI BOUZID
Sidi Bouzid,TN-43,35.0382,9.4844,Sidi Bouzid Ouest,SIDI SALEM
Sidi Bouzid,TN-43,35.0382,9.4844,Sidi Bouzid Ouest,MELIKETTE
Sidi Bouzid,TN-43,35.0382,9.4844,Sidi Bouzid Ouest,OUITHET GAZAL
Sidi Bouzid,TN-43,35.0382,9.4844,Sidi Bouzid Ouest,BIR BOUZID
Sidi Bouzid,TN-43,35.0382,9.4844,Sidi Bouzid Ouest,CITE EL BRAHMIA
Sidi Bouzid,TN-43,35.0382,9.4844,Sidi Bouzid Ouest,CITE EL FRAIJIA
Sidi Bouzid,TN-43,35.0382,9.4844,Sidi Bouzid Ouest,EL HAWAJBIA
Sidi Bouzid,TN-43,35.0382,9.4844,Sidi Bouzid Ouest,ESSADAGUIA
Sidi Bouzid,TN-43,35.0382,9.4844,Sidi Bouzid Est,CITE AGRICOLE
Sidi Bouzid,TN-43,35.0382,9.4844,Sidi Bouzid Est,DHAYAA
Sidi Bouzid,TN-43,35.0382,9.4844,Sidi Bouzid Est,DHRAA
Sidi Bouzid,TN-43,35.0382,9.4844,Sidi Bouzid Est,EZZITOUNE
Sidi Bouzid,TN-43,35.0382,9.4844,Sidi Bouzid Est,GARET HADID
Sidi Bouzid,TN-43,35.0382,9.4844,Sidi Bouzid Est,AIN BOUZER
Sidi Bouzid,TN-43,35.0382,9.4844,Sidi Bouzid Est,AIN RABBAOU
Sidi Bouzid,TN-43,35.0382,9.4844,Sidi Bouzid Est,BAZID
Sidi Bouzid,TN-43,35.0382,9.4844,Sidi Bouzid Est,EL OGLA
Sidi Bouzid,TN-43,35.0382,9.4844,Sidi Bouzid Est,FAYEDH
Sidi Bouzid,TN-43,35.0382,9.4844,Sidi Bouzid Est,GATRANA
Sidi Bouzid,TN-43,35.0382,9.4844,Sidi Bouzid Est,HANIA BAZID
Sidi Bouzid,TN-43,35.0382,9.4844,Sidi Bouzid Est,JEMEL
Sidi Bouzid,TN-43,35.0382,9.4844,Sidi Bouzid Est,OULED BOUDHIAF
Sidi Bouzid,TN-43,35.0382,9.4844,Sidi Bouzid Est,OULED YOUSSEF
Sidi Bouzid,TN-43,35.0382,9.4844,Sidi Bouzid Est,EL HAOUAMED
Sidi Bouzid,TN-43,35.0382,9.4844,Sidi Bouzid Est,REMAIDIA
Sidi Bouzid,TN-43,35.0382,9.4844,Sidi Bouzid Est,EL MAKAREM
Sidi Bouzid,TN-43,35.0382,9.4844,Sidi Bouzid Est,OULED FARHAN
Sidi Bouzid,TN-43,35.0382,9.4844,Sidi Bouzid Est,EL HMAIMA
Sidi Bouzid,TN-43,35.0382,9.4844,Sidi Bouzid Est,GRAA BENNOUR
Sidi Bouzid,TN-43,35.0382,9.4844,Sidi Bouzid Est,LESSOUDA
Sidi Bouzid,TN-43,35.0382,9.4844,Jelma,CITE CHARGUI
Sidi Bouzid,TN-43,35.0382,9.4844,Jelma,AIN JAFFEL
Sidi Bouzid,TN-43,35.0382,9.4844,Jelma,CITE ENNASR
Sidi Bouzid,TN-43,35.0382,9.4844,Jelma,CITE OULED ZAIED
Sidi Bouzid,TN-43,35.0382,9.4844,Jelma,CITE POPULAIRE
Sidi Bouzid,TN-43,35.0382,9.4844,Jelma,EL FENIDEG
Sidi Bouzid,TN-43,35.0382,9.4844,Jelma,EL HAOUIA
Sidi Bouzid,TN-43,35.0382,9.4844,Jelma,GUELLEL
Sidi Bouzid,TN-43,35.0382,9.4844,Jelma,JILMA
Sidi Bouzid,TN-43,35.0382,9.4844,Jelma,LABAYEDH
Sidi Bouzid,TN-43,35.0382,9.4844,Jelma,SED EL YAHOUDI
Sidi Bouzid,TN-43,35.0382,9.4844,Jelma,SELTA
Sidi Bouzid,TN-43,35.0382,9.4844,Jelma,SIDI ALI EBN JABALLAH
Sidi Bouzid,TN-43,35.0382,9.4844,Jelma,ZOGHMAR
Sidi Bouzid,TN-43,35.0382,9.4844,Cebbala Ouled Asker,CEBBALA
Sidi Bouzid,TN-43,35.0382,9.4844,Cebbala Ouled Asker,CHARAA
Sidi Bouzid,TN-43,35.0382,9.4844,Cebbala Ouled Asker,CITE EL FATEH 1
Sidi Bouzid,TN-43,35.0382,9.4844,Cebbala Ouled Asker,CITE EL FATEH 2
Sidi Bouzid,TN-43,35.0382,9.4844,Cebbala Ouled Asker,CITE ENNAJAH
Sidi Bouzid,TN-43,35.0382,9.4844,Cebbala Ouled Asker,CITE ENNOUZHA
Sidi Bouzid,TN-43,35.0382,9.4844,Cebbala Ouled Asker,EL GHEMAMRIA
Sidi Bouzid,TN-43,35.0382,9.4844,Bir El Hafey,BIR AMEMA
Sidi Bouzid,TN-43,35.0382,9.4844,Bir El Hafey,BIR BOUSBI
Sidi Bouzid,TN-43,35.0382,9.4844,Bir El Hafey,BIR EL HAFFEY
Sidi Bouzid,TN-43,35.0382,9.4844,Bir El Hafey,CHAKHAR
Sidi Bouzid,TN-43,35.0382,9.4844,Bir El Hafey,EDDACHRA
Sidi Bouzid,TN-43,35.0382,9.4844,Bir El Hafey,EL HANANCHA
Sidi Bouzid,TN-43,35.0382,9.4844,Bir El Hafey,EL MHAMDIA
Sidi Bouzid,TN-43,35.0382,9.4844,Bir El Hafey,OULED KHELIFA
Sidi Bouzid,TN-43,35.0382,9.4844,Bir El Hafey,OURGHA
Sidi Bouzid,TN-43,35.0382,9.4844,Bir El Hafey,HENCHIR HAFFOUZ
Sidi Bouzid,TN-43,35.0382,9.4844,Bir El Hafey,HOUCH BEN NECIB
Sidi Bouzid,TN-43,35.0382,9.4844,Bir El Hafey,KSAR EL MZARA
Sidi Bouzid,TN-43,35.0382,9.4844,Bir El Hafey,OULED BOUAZIZ
Sidi Bouzid,TN-43,35.0382,9.4844,Bir El Hafey,RAHAL
Sidi Bouzid,TN-43,35.0382,9.4844,Bir El Hafey,EL ADHLA
Sidi Bouzid,TN-43,35.0382,9.4844,Bir El Hafey,ENNOUAIEL
Sidi Bouzid,TN-43,35.0382,9.4844,Bir El Hafey,ESSALAMA
Sidi Bouzid,TN-43,35.0382,9.4844,Sidi Ali Ben Aoun,BATEN EL AGAAG
Sidi Bouzid,TN-43,35.0382,9.4844,Sidi Ali Ben Aoun,BEN BECHIR
Sidi Bouzid,TN-43,35.0382,9.4844,Sidi Ali Ben Aoun,BEN OUN
Sidi Bouzid,TN-43,35.0382,9.4844,Sidi Ali Ben Aoun,BEN OUN NORD
Sidi Bouzid,TN-43,35.0382,9.4844,Sidi Ali Ben Aoun,BIR IDRISS
Sidi Bouzid,TN-43,35.0382,9.4844,Sidi Ali Ben Aoun,CITE EL ILM
Sidi Bouzid,TN-43,35.0382,9.4844,Sidi Ali Ben Aoun,CITE ENNASR
Sidi Bouzid,TN-43,35.0382,9.4844,Sidi Ali Ben Aoun,CITE ENNOUR
Sidi Bouzid,TN-43,35.0382,9.4844,Sidi Ali Ben Aoun,CITE ERRIADH
Sidi Bouzid,TN-43,35.0382,9.4844,Sidi Ali Ben Aoun,CITE ETTAHRIR
Sidi Bouzid,TN-43,35.0382,9.4844,Sidi Ali Ben Aoun,CITE EZZOUHOUR
Sidi Bouzid,TN-43,35.0382,9.4844,Sidi Ali Ben Aoun,DAMDOUM
Sidi Bouzid,TN-43,35.0382,9.4844,Sidi Ali Ben Aoun,EL GRAOUA
Sidi Bouzid,TN-43,35.0382,9.4844,Sidi Ali Ben Aoun,EL KHALIJ
Sidi Bouzid,TN-43,35.0382,9.4844,Sidi Ali Ben Aoun,EL OUAARA
Sidi Bouzid,TN-43,35.0382,9.4844,Sidi Ali Ben Aoun,EL OUNEYSIA
Sidi Bouzid,TN-43,35.0382,9.4844,Sidi Ali Ben Aoun,MARKEZ BEN BECHIR
Sidi Bouzid,TN-43,35.0382,9.4844,Sidi Ali Ben Aoun,OULED BRAHIM
Sidi Bouzid,TN-43,35.0382,9.4844,Sidi Ali Ben Aoun,OULED NEJI
Sidi Bouzid,TN-43,35.0382,9.4844,Sidi Ali Ben Aoun,EL FEJ
Sidi Bouzid,TN-43,35.0382,9.4844,Sidi Ali Ben Aoun,EL GOUEDRIA
Sidi Bouzid,TN-43,35.0382,9.4844,Sidi Ali Ben Aoun,ERRAGBA
Sidi Bouzid,TN-43,35.0382,9.4844,Sidi Ali Ben Aoun,OULED EL ACHI
Sidi Bouzid,TN-43,35.0382,9.4844,Sidi Ali Ben Aoun,OULED MNASSER
Sidi Bouzid,TN-43,35.0382,9.4844,Menzel Bouzaiane,BIR EL ARARIA
Sidi Bouzid,TN-43,35.0382,9.4844,Menzel Bouzaiane,DAKHLET HADDEJ
Sidi Bouzid,TN-43,35.0382,9.4844,Menzel Bouzaiane,EL AATIZEZ
Sidi Bouzid,TN-43,35.0382,9.4844,Menzel Bouzaiane,EL GARAA
Sidi Bouzid,TN-43,35.0382,9.4844,Menzel Bouzaiane,EL MAADHER
Sidi Bouzid,TN-43,35.0382,9.4844,Menzel Bouzaiane,EL MALOUSSI
Sidi Bouzid,TN-43,35.0382,9.4844,Menzel Bouzaiane,EL MHAMDIA
Sidi Bouzid,TN-43,35.0382,9.4844,Menzel Bouzaiane,EL OMRANE
Sidi Bouzid,TN-43,35.0382,9.4844,Menzel Bouzaiane,ESSAADA
Sidi Bouzid,TN-43,35.0382,9.4844,Menzel Bouzaiane,MENZEL BOUZAIENE
Sidi Bouzid,TN-43,35.0382,9.4844,Menzel Bouzaiane,MENZEL SAADA
Sidi Bouzid,TN-43,35.0382,9.4844,Menzel Bouzaiane,OULED ZOUID
Sidi Bouzid,TN-43,35.0382,9.4844,Menzel Bouzaiane,RBEAYIA
Sidi Bouzid,TN-43,35.0382,9.4844,Menzel Bouzaiane,KHORCHEF
Sidi Bouzid,TN-43,35.0382,9.4844,Menzel Bouzaiane,EL GUELLEL
Sidi Bouzid,TN-43,35.0382,9.4844,Meknassy,CITE TAIEB MHIRI
Sidi Bouzid,TN-43,35.0382,9.4844,Meknassy,CITE UNITE ENNAJAH
Sidi Bouzid,TN-43,35.0382,9.4844,Meknassy,DAKHLET EL ALENDA
Sidi Bouzid,TN-43,35.0382,9.4844,Meknassy,EL AYOUN
Sidi Bouzid,TN-43,35.0382,9.4844,Meknassy,EL HOUAYEZ
Sidi Bouzid,TN-43,35.0382,9.4844,Meknassy,EZZOUARAA
Sidi Bouzid,TN-43,35.0382,9.4844,Meknassy,JABBES
Sidi Bouzid,TN-43,35.0382,9.4844,Meknassy,KSAR KHELIFA ZENATI
Sidi Bouzid,TN-43,35.0382,9.4844,Meknassy,MAKNASSY
Sidi Bouzid,TN-43,35.0382,9.4844,Meknassy,MARCHE MUNICIPAL
Sidi Bouzid,TN-43,35.0382,9.4844,Meknassy,TOUAHRIA 2
Sidi Bouzid,TN-43,35.0382,9.4844,Meknassy,BORJ EL KARMA
Sidi Bouzid,TN-43,35.0382,9.4844,Meknassy,MABROUKA
Sidi Bouzid,TN-43,35.0382,9.4844,Meknassy,ENNASR
Sidi Bouzid,TN-43,35.0382,9.4844,Meknassy,EL MECHE
Sidi Bouzid,TN-43,35.0382,9.4844,Meknassy,CITE DES ABRICOTS
Sidi Bouzid,TN-43,35.0382,9.4844,Meknassy,CITE DES MARTYRS
Sidi Bouzid,TN-43,35.0382,9.4844,Meknassy,CITE EL FATEH 1
Sidi Bouzid,TN-43,35.0382,9.4844,Meknassy,CITE EL FATEH 2
Sidi Bouzid,TN-43,35.0382,9.4844,Meknassy,CITE EL FATEH 3
Sidi Bouzid,TN-43,35.0382,9.4844,Meknassy,CITE EL INTILAKA
Sidi Bouzid,TN-43,35.0382,9.4844,Meknassy,CITE ENNAJAH 1
Sidi Bouzid,TN-43,35.0382,9.4844,Meknassy,CITE ENNAJAH 2
Sidi Bouzid,TN-43,35.0382,9.4844,Meknassy,CITE EZZAYATINE
Sidi Bouzid,TN-43,35.0382,9.4844,Meknassy,CITE MILITAIRE
Sidi Bouzid,TN-43,35.0382,9.4844,Meknassy,CITE MOHAMED ALI
Sidi Bouzid,TN-43,35.0382,9.4844,Souk Jedid,BOU ATTOUCH
Sidi Bouzid,TN-43,35.0382,9.4844,Souk Jedid,CEGDEL
Sidi Bouzid,TN-43,35.0382,9.4844,Souk Jedid,DOUADNIA
Sidi Bouzid,TN-43,35.0382,9.4844,Souk Jedid,EL AZARA
Sidi Bouzid,TN-43,35.0382,9.4844,Souk Jedid,EL HESSINETTE
Sidi Bouzid,TN-43,35.0382,9.4844,Souk Jedid,EL KESSAYRA
Sidi Bouzid,TN-43,35.0382,9.4844,Souk Jedid,EL MSABHIA
Sidi Bouzid,TN-43,35.0382,9.4844,Souk Jedid,ENNOUHOUDH
Sidi Bouzid,TN-43,35.0382,9.4844,Souk Jedid,ESSADLIA
Sidi Bouzid,TN-43,35.0382,9.4844,Souk Jedid,OULED ALAYA
Sidi Bouzid,TN-43,35.0382,9.4844,Souk Jedid,OULED AMMAR
Sidi Bouzid,TN-43,35.0382,9.4844,Souk Jedid,OULED AMOR
Sidi Bouzid,TN-43,35.0382,9.4844,Souk Jedid,OULED KHEDHER
Sidi Bouzid,TN-43,35.0382,9.4844,Souk Jedid,OULED MHAMED
Sidi Bouzid,TN-43,35.0382,9.4844,Souk Jedid,SOUK JEDID
Sidi Bouzid,TN-43,35.0382,9.4844,Souk Jedid,BOU CHMEL
Sidi Bouzid,TN-43,35.0382,9.4844,Souk Jedid,EL BEKAKRIA
Sidi Bouzid,TN-43,35.0382,9.4844,Souk Jedid,EL HACHANA
Sidi Bouzid,TN-43,35.0382,9.4844,Souk Jedid,GOULEB
Sidi Bouzid,TN-43,35.0382,9.4844,Souk Jedid,OULED  DHAHER
Sidi Bouzid,TN-43,35.0382,9.4844,Souk Jedid,REMILA
Sidi Bouzid,TN-43,35.0382,9.4844,Souk Jedid,ZEFZEF
Sidi Bouzid,TN-43,35.0382,9.4844,Souk Jedid,EL MESATRIA
Sidi Bouzid,TN-43,35.0382,9.4844,Mezzouna,OULED DLALA
Sidi Bouzid,TN-43,35.0382,9.4844,Mezzouna,OUED EDDAM
Sidi Bouzid,TN-43,35.0382,9.4844,Mezzouna,CITE INDEPENDANCE
Sidi Bouzid,TN-43,35.0382,9.4844,Mezzouna,EL GHERIS
Sidi Bouzid,TN-43,35.0382,9.4844,Mezzouna,EL GUEZGAZIA
Sidi Bouzid,TN-43,35.0382,9.4844,Mezzouna,EL KHIMA
Sidi Bouzid,TN-43,35.0382,9.4844,Mezzouna,EL KHOBNA
Sidi Bouzid,TN-43,35.0382,9.4844,Mezzouna,EL KHOUI
Sidi Bouzid,TN-43,35.0382,9.4844,Mezzouna,FERJEN
Sidi Bouzid,TN-43,35.0382,9.4844,Mezzouna,GHEDIR REBAIA
Sidi Bouzid,TN-43,35.0382,9.4844,Mezzouna,HADDEJ
Sidi Bouzid,TN-43,35.0382,9.4844,Mezzouna,EL FOUNI
Sidi Bouzid,TN-43,35.0382,9.4844,Mezzouna,MEZZOUNA
Sidi Bouzid,TN-43,35.0382,9.4844,Mezzouna,CITE DE LA POSTE
Sidi Bouzid,TN-43,35.0382,9.4844,Mezzouna,CITE DES MARTYRS
Sidi Bouzid,TN-43,35.0382,9.4844,Mezzouna,CITE EL AMEL
Sidi Bouzid,TN-43,35.0382,9.4844,Mezzouna,EL BOUAA
Sidi Bouzid,TN-43,35.0382,9.4844,Regueb,BIR EL AKERMA
Sidi Bouzid,TN-43,35.0382,9.4844,Regueb,BOU CHIHA
Sidi Bouzid,TN-43,35.0382,9.4844,Regueb,EL GHABA ESSOUDA
Sidi Bouzid,TN-43,35.0382,9.4844,Regueb,ESSFAYA
Sidi Bouzid,TN-43,35.0382,9.4844,Regueb,SAIDA
Sidi Bouzid,TN-43,35.0382,9.4844,Regueb,BIR CHAREF
Sidi Bouzid,TN-43,35.0382,9.4844,Regueb,BIR GZAIEL
Sidi Bouzid,TN-43,35.0382,9.4844,Regueb,BIR KHELIFA
Sidi Bouzid,TN-43,35.0382,9.4844,Regueb,BIR NSIB
Sidi Bouzid,TN-43,35.0382,9.4844,Regueb,BOU ALLEGUE
Sidi Bouzid,TN-43,35.0382,9.4844,Regueb,BOU DINAR
Sidi Bouzid,TN-43,35.0382,9.4844,Regueb,CITE DE LA REPUBLIQUE
Sidi Bouzid,TN-43,35.0382,9.4844,Regueb,CITE EL BASSATINE
Sidi Bouzid,TN-43,35.0382,9.4844,Regueb,CITE EL INTILAKA
Sidi Bouzid,TN-43,35.0382,9.4844,Regueb,CITE EL KHADHRA
Sidi Bouzid,TN-43,35.0382,9.4844,Regueb,CITE EL MANAR
Sidi Bouzid,TN-43,35.0382,9.4844,Regueb,OULED EL HANI
Sidi Bouzid,TN-43,35.0382,9.4844,Regueb,CITE IBN KHALDOUN
Sidi Bouzid,TN-43,35.0382,9.4844,Regueb,EL GOUADRIA
Sidi Bouzid,TN-43,35.0382,9.4844,Regueb,EL HOUDA
Sidi Bouzid,TN-43,35.0382,9.4844,Regueb,EL MHAFDHIA
Sidi Bouzid,TN-43,35.0382,9.4844,Regueb,ESSAKBA
Sidi Bouzid,TN-43,35.0382,9.4844,Regueb,EZZADAM
Sidi Bouzid,TN-43,35.0382,9.4844,Regueb,EZZITOUNA
Sidi Bouzid,TN-43,35.0382,9.4844,Regueb,FARCH GUERIB
Sidi Bouzid,TN-43,35.0382,9.4844,Regueb,GUENIFIDA
Sidi Bouzid,TN-43,35.0382,9.4844,Regueb,HENCHIR KHDAM
Sidi Bouzid,TN-43,35.0382,9.4844,Regueb,KSAR EL HAMMAM
Sidi Bouzid,TN-43,35.0382,9.4844,Regueb,KSAR SAI
Sidi Bouzid,TN-43,35.0382,9.4844,Regueb,MATLAG
Sidi Bouzid,TN-43,35.0382,9.4844,Regueb,OULED ABDALLAH
Sidi Bouzid,TN-43,35.0382,9.4844,Regueb,OULED AYOUNI
Sidi Bouzid,TN-43,35.0382,9.4844,Regueb,OULED CHABOU
Sidi Bouzid,TN-43,35.0382,9.4844,Regueb,REGUEB
Sidi Bouzid,TN-43,35.0382,9.4844,Regueb,RIHANA NORD
Sidi Bouzid,TN-43,35.0382,9.4844,Regueb,RIHANA SUD
Sidi Bouzid,TN-43,35.0382,9.4844,Regueb,SABRA
Sidi Bouzid,TN-43,35.0382,9.4844,Regueb,SARAYRIA
Sidi Bouzid,TN-43,35.0382,9.4844,Regueb,SIDI AMEUR
Sidi Bouzid,TN-43,35.0382,9.4844,Regueb,GOUBRAR
Sidi Bouzid,TN-43,35.0382,9.4844,Regueb,EL KHECHEM
Sidi Bouzid,TN-43,35.0382,9.4844,Regueb,FATNASSA
Sidi Bouzid,TN-43,35.0382,9.4844,Regueb,ERRADHAA
Sidi Bouzid,TN-43,35.0382,9.4844,Regueb,CITE ERRIADH
Sidi Bouzid,TN-43,35.0382,9.4844,Regueb,CITE EZZOUHOUR
Sidi Bouzid,TN-43,35.0382,9.4844,Regueb,CITE ENNASR
Sidi Bouzid,TN-43,35.0382,9.4844,Regueb,CITE ENNOUZHA
Sidi Bouzid,TN-43,35.0382,9.4844,Ouled Haffouz,DHOUIBETTE 2
Sidi Bouzid,TN-43,35.0382,9.4844,Ouled Haffouz,EL ARAOUA
Sidi Bouzid,TN-43,35.0382,9.4844,Ouled Haffouz,EL GOUAIBIA
Sidi Bouzid,TN-43,35.0382,9.4844,Ouled Haffouz,EL KHARWAA
Sidi Bouzid,TN-43,35.0382,9.4844,Ouled Haffouz,EL MBARKIA
Sidi Bouzid,TN-43,35.0382,9.4844,Ouled Haffouz,ENNAJAH
Sidi Bouzid,TN-43,35.0382,9.4844,Ouled Haffouz,ERRANZEZ
Sidi Bouzid,TN-43,35.0382,9.4844,Ouled Haffouz,HANIA  102
Sidi Bouzid,TN-43,35.0382,9.4844,Ouled Haffouz,HORBIT
Sidi Bouzid,TN-43,35.0382,9.4844,Ouled Haffouz,KHEBINA
Sidi Bouzid,TN-43,35.0382,9.4844,Ouled Haffouz,OULED HAFFOUZ
Sidi Bouzid,TN-43,35.0382,9.4844,Ouled Haffouz,SIDI ELLAFI 1
Sidi Bouzid,TN-43,35.0382,9.4844,Ouled Haffouz,SIDI ELLAFI 2
Sidi Bouzid,TN-43,35.0382,9.4844,Ouled Haffouz,SIDI KHLIF
Sidi Bouzid,TN-43,35.0382,9.4844,Ouled Haffouz,EL ABBADETTE
Sidi Bouzid,TN-43,35.0382,9.4844,Ouled Haffouz,DHOUIBETTE
Sidi Bouzid,TN-43,35.0382,9.4844,Ouled Haffouz,BOUTIQUE ISSA
Sidi Bouzid,TN-43,35.0382,9.4844,Ouled Haffouz,CHOUACHNIA
Sidi Bouzid,TN-43,35.0382,9.4844,Ouled Haffouz,CITE ALI BEN HAMID
Sidi Bouzid,TN-43,35.0382,9.4844,Ouled Haffouz,CITE COMMERCIALE
Sidi Bouzid,TN-43,35.0382,9.4844,Ouled Haffouz,CITE EL MAARIFA
Sidi Bouzid,TN-43,35.0382,9.4844,Ouled Haffouz,CITE EL OMRANE
Sidi Bouzid,TN-43,35.0382,9.4844,Ouled Haffouz,CITE ERRIADH
Sidi Bouzid,TN-43,35.0382,9.4844,Ouled Haffouz,CITE EZZAYATINE
Kasserine,TN-42,35.1676,8.8365,Kasserine Nord,BOU LAABA
Kasserine,TN-42,35.1676,8.8365,Kasserine Nord,DOUGHRA
Kasserine,TN-42,35.1676,8.8365,Kasserine Nord,KASSERINE
Kasserine,TN-42,35.1676,8.8365,Kasserine Nord,MAGDOUDECH
Kasserine,TN-42,35.1676,8.8365,Kasserine Nord,KASSERINE NOUR
Kasserine,TN-42,35.1676,8.8365,Kasserine Nord,CITE OUVRIERE
Kasserine,TN-42,35.1676,8.8365,Kasserine Sud,BOU ZGUEM
Kasserine,TN-42,35.1676,8.8365,Ezzouhour,KASSERNIE EZZOUHOUR
Kasserine,TN-42,35.1676,8.8365,Hassi El Ferid,HASSI EL FERID
Kasserine,TN-42,35.1676,8.8365,Hassi El Ferid,EL KAMOUR
Kasserine,TN-42,35.1676,8.8365,Hassi El Ferid,KHANGUET EL JAZIA
Kasserine,TN-42,35.1676,8.8365,Sbeitla,CITE DU STADE
Kasserine,TN-42,35.1676,8.8365,Sbeitla,CITE DES ENSEIGNANTS
Kasserine,TN-42,35.1676,8.8365,Sbeitla,CITE DHRAA BOU OUAJ
Kasserine,TN-42,35.1676,8.8365,Sbeitla,CITE DU LYCEE
Kasserine,TN-42,35.1676,8.8365,Sbeitla,CITE EL GHABETTE
Kasserine,TN-42,35.1676,8.8365,Sbeitla,CITE EL FATEH
Kasserine,TN-42,35.1676,8.8365,Sbeitla,CITE ESSOUROUR ECHERGUI
Kasserine,TN-42,35.1676,8.8365,Sbeitla,CITE EL OULJA
Kasserine,TN-42,35.1676,8.8365,Sbeitla,CITE MILITAIRE 1
Kasserine,TN-42,35.1676,8.8365,Sbeitla,CITE HUILLERIE
Kasserine,TN-42,35.1676,8.8365,Sbeitla,CITE INDUSTRIELLE
Kasserine,TN-42,35.1676,8.8365,Sbeitla,CITE ERRAHBA
Kasserine,TN-42,35.1676,8.8365,Sbeitla,CITE EL KHADHRA
Kasserine,TN-42,35.1676,8.8365,Sbeitla,CITE ESSOUROUR EL GHARBI
Kasserine,TN-42,35.1676,8.8365,Sbeitla,CITE HOPITAL
Kasserine,TN-42,35.1676,8.8365,Sbeitla,CITE EZZAYATINE
Kasserine,TN-42,35.1676,8.8365,Sbeitla,CITE MILITAIRE 2
Kasserine,TN-42,35.1676,8.8365,Sbeitla,CITE MILITAIRE 3
Kasserine,TN-42,35.1676,8.8365,Sbeitla,EL GARAA
Kasserine,TN-42,35.1676,8.8365,Sbeitla,EL GHARADEK
Kasserine,TN-42,35.1676,8.8365,Sbeitla,EL GOUNNA
Kasserine,TN-42,35.1676,8.8365,Sbeitla,EL HAMMAR
Kasserine,TN-42,35.1676,8.8365,Sbeitla,MGHILA
Kasserine,TN-42,35.1676,8.8365,Sbeitla,SBEITLA
Kasserine,TN-42,35.1676,8.8365,Sbeitla,ECHRAYA
Kasserine,TN-42,35.1676,8.8365,Sbeitla,ERRAHAYET
Kasserine,TN-42,35.1676,8.8365,Sbeitla,ZAOUIET BEN AMMAR
Kasserine,TN-42,35.1676,8.8365,Sbeitla,OUED MIOU
Kasserine,TN-42,35.1676,8.8365,Sbeitla,HENCHIR EL ASSAL
Kasserine,TN-42,35.1676,8.8365,Sbeitla,CITE ESSOUROUR
Kasserine,TN-42,35.1676,8.8365,Sbiba,CITE ERRIADH
Kasserine,TN-42,35.1676,8.8365,Sbiba,CITE ESSALAMA
Kasserine,TN-42,35.1676,8.8365,Sbiba,CITE EZZOUHOUR
Kasserine,TN-42,35.1676,8.8365,Sbiba,DHRAA
Kasserine,TN-42,35.1676,8.8365,Sbiba,EL HASNAOUI
Kasserine,TN-42,35.1676,8.8365,Sbiba,KOUNBITRA
Kasserine,TN-42,35.1676,8.8365,Sbiba,OULJET AGUIL
Kasserine,TN-42,35.1676,8.8365,Sbiba,SBIBA
Kasserine,TN-42,35.1676,8.8365,Sbiba,THEMED
Kasserine,TN-42,35.1676,8.8365,Sbiba,AIN KHEMAISSIA
Kasserine,TN-42,35.1676,8.8365,Sbiba,SIDI BRAHIM EZZAHER
Kasserine,TN-42,35.1676,8.8365,Sbiba,CITE AIR NOUVELLE
Kasserine,TN-42,35.1676,8.8365,Sbiba,CITE DES ROUINES ROMAINES
Kasserine,TN-42,35.1676,8.8365,Sbiba,CITE DU LYCEE
Kasserine,TN-42,35.1676,8.8365,Sbiba,CITE EDDAMOUS
Kasserine,TN-42,35.1676,8.8365,Sbiba,CITE EL FATEH
Kasserine,TN-42,35.1676,8.8365,Sbiba,CITE EL KHADHRA 1
Kasserine,TN-42,35.1676,8.8365,Sbiba,CITE EL KHADHRA 2
Kasserine,TN-42,35.1676,8.8365,Sbiba,CITE ENNAKHLA
Kasserine,TN-42,35.1676,8.8365,Jedeliane,AIN OUM JDOUR
Kasserine,TN-42,35.1676,8.8365,Jedeliane,CITE 7 NOVEMBRE
Kasserine,TN-42,35.1676,8.8365,Jedeliane,CITE EL INTILAKA
Kasserine,TN-42,35.1676,8.8365,Jedeliane,CITE ETTAAMIR
Kasserine,TN-42,35.1676,8.8365,Jedeliane,CITE EZZOUHOUR
Kasserine,TN-42,35.1676,8.8365,Jedeliane,FREJ TERBAH
Kasserine,TN-42,35.1676,8.8365,Jedeliane,JEDILIANE
Kasserine,TN-42,35.1676,8.8365,Jedeliane,AIN EL HMADNA
Kasserine,TN-42,35.1676,8.8365,Ayoun,EL AYOUN
Kasserine,TN-42,35.1676,8.8365,Ayoun,EL GRINE
Kasserine,TN-42,35.1676,8.8365,Thala,CITE DU BATTOIRE
Kasserine,TN-42,35.1676,8.8365,Thala,CITE EL BORNI
Kasserine,TN-42,35.1676,8.8365,Thala,CITE EL MHIRI
Kasserine,TN-42,35.1676,8.8365,Thala,CITE ENNADHOUR
Kasserine,TN-42,35.1676,8.8365,Thala,CITE ERRAHBA
Kasserine,TN-42,35.1676,8.8365,Thala,CITE GARDE NATIONALE
Kasserine,TN-42,35.1676,8.8365,Thala,CITE KHAZNA JEDIDA
Kasserine,TN-42,35.1676,8.8365,Thala,CITE MONGI SLIM
Kasserine,TN-42,35.1676,8.8365,Thala,CITE SNIT
Kasserine,TN-42,35.1676,8.8365,Thala,HENCHIR GOUMRIA
Kasserine,TN-42,35.1676,8.8365,Thala,OULED GHIDA
Kasserine,TN-42,35.1676,8.8365,Thala,THALA
Kasserine,TN-42,35.1676,8.8365,Thala,BOU LAHNECH
Kasserine,TN-42,35.1676,8.8365,Thala,EDDACHRA
Kasserine,TN-42,35.1676,8.8365,Thala,SIDI SHIL
Kasserine,TN-42,35.1676,8.8365,Thala,ZELFANE
Kasserine,TN-42,35.1676,8.8365,Thala,THALA SUD
Kasserine,TN-42,35.1676,8.8365,Thala,CHAFAI
Kasserine,TN-42,35.1676,8.8365,Thala,CITE BEN CHERIF
Kasserine,TN-42,35.1676,8.8365,Thala,CITE DES OUVRIERS
Kasserine,TN-42,35.1676,8.8365,Thala,CITE AIN AHMED
Kasserine,TN-42,35.1676,8.8365,Thala,CITE BAIN MAURE BEN AZOUZ
Kasserine,TN-42,35.1676,8.8365,Haïdra,HAIDRA
Kasserine,TN-42,35.1676,8.8365,Haïdra,CITE EL BASSATINE
Kasserine,TN-42,35.1676,8.8365,Haïdra,CITE EL FATEH
Kasserine,TN-42,35.1676,8.8365,Haïdra,CITE EL INTILAKA
Kasserine,TN-42,35.1676,8.8365,Haïdra,TEBAGA
Kasserine,TN-42,35.1676,8.8365,Haïdra,CITE ENNASR
Kasserine,TN-42,35.1676,8.8365,Haïdra,EL AJRED
Kasserine,TN-42,35.1676,8.8365,Haïdra,CITE ETTADHAMEN
Kasserine,TN-42,35.1676,8.8365,Haïdra,CITE IBN CHAREF
Kasserine,TN-42,35.1676,8.8365,Haïdra,CITE OULED OUNALLAH
Kasserine,TN-42,35.1676,8.8365,Haïdra,EL MRIRA
Kasserine,TN-42,35.1676,8.8365,Haïdra,ERRMILA
Kasserine,TN-42,35.1676,8.8365,Haïdra,ESSRI
Kasserine,TN-42,35.1676,8.8365,Haïdra,AIN EDDEFLA
Kasserine,TN-42,35.1676,8.8365,Haïdra,GARGARA
Kasserine,TN-42,35.1676,8.8365,Foussana,EL ADHIRA
Kasserine,TN-42,35.1676,8.8365,Foussana,EL BRIKA
Kasserine,TN-42,35.1676,8.8365,Foussana,ESSATOUR
Kasserine,TN-42,35.1676,8.8365,Foussana,FOUSSANA
Kasserine,TN-42,35.1676,8.8365,Foussana,OULED BOUGHANEM
Kasserine,TN-42,35.1676,8.8365,Foussana,OULED MANSOUR
Kasserine,TN-42,35.1676,8.8365,Foussana,OULED ZID
Kasserine,TN-42,35.1676,8.8365,Foussana,OUM LAHOUADH
Kasserine,TN-42,35.1676,8.8365,Foussana,SAHRAOUI
Kasserine,TN-42,35.1676,8.8365,Foussana,BOU DERYES
Kasserine,TN-42,35.1676,8.8365,Foussana,KHEMOUDA
Kasserine,TN-42,35.1676,8.8365,Foussana,AIN JANAN
Kasserine,TN-42,35.1676,8.8365,Foussana,CITE BOU LILA
Kasserine,TN-42,35.1676,8.8365,Foussana,CITE EL INTILAKA
Kasserine,TN-42,35.1676,8.8365,Foussana,CITE EL BASSATINE
Kasserine,TN-42,35.1676,8.8365,Foussana,CITE EL FATEH
Kasserine,TN-42,35.1676,8.8365,Foussana,CITE ERRIADH
Kasserine,TN-42,35.1676,8.8365,Feriana,BOU CHEBKA
Kasserine,TN-42,35.1676,8.8365,Feriana,THELEPTE
Kasserine,TN-42,35.1676,8.8365,Feriana,CITE CHEAB
Kasserine,TN-42,35.1676,8.8365,Feriana,CITE DU BATTOIRE
Kasserine,TN-42,35.1676,8.8365,Feriana,CITE EL IZDIHAR
Kasserine,TN-42,35.1676,8.8365,Feriana,CITE HACHED
Kasserine,TN-42,35.1676,8.8365,Feriana,CITE HARDOUB
Kasserine,TN-42,35.1676,8.8365,Feriana,CITE PIERRE NOIRE
Kasserine,TN-42,35.1676,8.8365,Feriana,FERIANA
Kasserine,TN-42,35.1676,8.8365,Feriana,OUM ALI
Kasserine,TN-42,35.1676,8.8365,Feriana,LAHOUACHE
Kasserine,TN-42,35.1676,8.8365,Feriana,GARAAT ENNAAM
Kasserine,TN-42,35.1676,8.8365,Feriana,CEKHIRATE
Kasserine,TN-42,35.1676,8.8365,Majel Bel Abbès,CITE EDDACHRA 2
Kasserine,TN-42,35.1676,8.8365,Majel Bel Abbès,CITE EL GUERAYRIA
Kasserine,TN-42,35.1676,8.8365,Majel Bel Abbès,CITE NOUVELLE 1
Kasserine,TN-42,35.1676,8.8365,Majel Bel Abbès,CITE NOUVELLE 2
Kasserine,TN-42,35.1676,8.8365,Majel Bel Abbès,CITE POPULAIRE
Kasserine,TN-42,35.1676,8.8365,Majel Bel Abbès,HENCHIR OUM EL KHIR
Kasserine,TN-42,35.1676,8.8365,Majel Bel Abbès,MEJEL BEL ABBES
Kasserine,TN-42,35.1676,8.8365,Majel Bel Abbès,OULED MARZOUG
Kasserine,TN-42,35.1676,8.8365,Majel Bel Abbès,BARROUKA
Kasserine,TN-42,35.1676,8.8365,Majel Bel Abbès,GARAAT ENNADHOUR
Kasserine,TN-42,35.1676,8.8365,Majel Bel Abbès,EL FEKKA
Kasserine,TN-42,35.1676,8.8365,Majel Bel Abbès,CITE DU LYCEE
Kasserine,TN-42,35.1676,8.8365,Majel Bel Abbès,CITE COMMERCIALE
Kasserine,TN-42,35.1676,8.8365,Majel Bel Abbès,CITE EDDACHRA 1
Kasserine,TN-42,35.1676,8.8365,Majel Bel Abbès,CITE DES MARTYRS
Gabès,TN-81,33.8818,10.0982,Gabès Medina,CITE BEN KILANI
Gabès,TN-81,33.8818,10.0982,Gabès Medina,CITE COMMERCIALE
Gabès,TN-81,33.8818,10.0982,Gabès Medina,CITE DES OASIS
Gabès,TN-81,33.8818,10.0982,Gabès Medina,CITE EL HANA
Gabès,TN-81,33.8818,10.0982,Gabès Medina,CITE EL KHALIJ
Gabès,TN-81,33.8818,10.0982,Gabès Medina,CITE EL KORNICHE
Gabès,TN-81,33.8818,10.0982,Gabès Medina,CITE EL MANSOURA
Gabès,TN-81,33.8818,10.0982,Gabès Medina,CITE EL OUNS
Gabès,TN-81,33.8818,10.0982,Gabès Medina,CITE MOHAMED ALI
Gabès,TN-81,33.8818,10.0982,Gabès Medina,EL MOUAZIR
Gabès,TN-81,33.8818,10.0982,Gabès Medina,GABES
Gabès,TN-81,33.8818,10.0982,Gabès Medina,LIMAOUA
Gabès,TN-81,33.8818,10.0982,Gabès Medina,OUED KHELIFA MAHMOUD
Gabès,TN-81,33.8818,10.0982,Gabès Medina,REMATHI
Gabès,TN-81,33.8818,10.0982,Gabès Medina,GABES HACHED
Gabès,TN-81,33.8818,10.0982,Gabès Medina,GABES REPUBLIQUE
Gabès,TN-81,33.8818,10.0982,Gabès Medina,CHATT ESSALEM
Gabès,TN-81,33.8818,10.0982,Gabès Medina,CITE 26-26
Gabès,TN-81,33.8818,10.0982,Gabès Medina,CITE EL BLED
Gabès,TN-81,33.8818,10.0982,Gabès Medina,CITE EL FTARCHA
Gabès,TN-81,33.8818,10.0982,Gabès Medina,GABES PORT
Gabès,TN-81,33.8818,10.0982,Gabès Medina,GABES EL HIDAYA
Gabès,TN-81,33.8818,10.0982,Gabès Ouest,BOU CHEMMA
Gabès,TN-81,33.8818,10.0982,Gabès Ouest,CITE 2 MARS 
Gabès,TN-81,33.8818,10.0982,Gabès Ouest,CITE ETTAAMIR
Gabès,TN-81,33.8818,10.0982,Gabès Ouest,BARGUIA
Gabès,TN-81,33.8818,10.0982,Gabès Ouest,CHENINI GABES
Gabès,TN-81,33.8818,10.0982,Gabès Ouest,MAITA
Gabès,TN-81,33.8818,10.0982,Gabès Ouest,NAHAL
Gabès,TN-81,33.8818,10.0982,Gabès Sud,CITE EL IZDIHAR
Gabès,TN-81,33.8818,10.0982,Gabès Sud,CITE EL MEDINA
Gabès,TN-81,33.8818,10.0982,Gabès Sud,CITE MEDENINE
Gabès,TN-81,33.8818,10.0982,Gabès Sud,GABES EL MENARA
Gabès,TN-81,33.8818,10.0982,Gabès Sud,CITE AFH
Gabès,TN-81,33.8818,10.0982,Gabès Sud,CITE ANCIEN MILITAIRE
Gabès,TN-81,33.8818,10.0982,Gabès Sud,CITE DE LA FAMILLE
Gabès,TN-81,33.8818,10.0982,Gabès Sud,CITE BIDANI
Gabès,TN-81,33.8818,10.0982,Gabès Sud,CITE EL HANA BOUDOURA
Gabès,TN-81,33.8818,10.0982,Gabès Sud,CITE EL MISK
Gabès,TN-81,33.8818,10.0982,Gabès Sud,CITE MILITAIRE DIMASSI
Gabès,TN-81,33.8818,10.0982,Gabès Sud,CITE RHOUMA
Gabès,TN-81,33.8818,10.0982,Gabès Sud,SIDI BOULBABA
Gabès,TN-81,33.8818,10.0982,Gabès Sud,CITE AZAIEZ
Gabès,TN-81,33.8818,10.0982,Gabès Sud,CITE EL AHRACH
Gabès,TN-81,33.8818,10.0982,Gabès Sud,CITE EL GUEFERCHA
Gabès,TN-81,33.8818,10.0982,Gabès Sud,CITE SNIT
Gabès,TN-81,33.8818,10.0982,Gabès Sud,CITE SPROLS
Gabès,TN-81,33.8818,10.0982,Gabès Sud,ZRIG
Gabès,TN-81,33.8818,10.0982,Gabès Sud,CITE DES ENSEIGNANTS
Gabès,TN-81,33.8818,10.0982,Gabès Sud,CITE DES INFIRMIERS
Gabès,TN-81,33.8818,10.0982,Gabès Sud,CITE EL MZAHID
Gabès,TN-81,33.8818,10.0982,Gabès Sud,CITE EL YASMINE
Gabès,TN-81,33.8818,10.0982,Gabès Sud,CITE ENNOZH
Gabès,TN-81,33.8818,10.0982,Gabès Sud,CITE ESSEPTIA
Gabès,TN-81,33.8818,10.0982,Gabès Sud,CITE EZZOUHOUR 1
Gabès,TN-81,33.8818,10.0982,Gabès Sud,CITE EZZOUHOUR 2
Gabès,TN-81,33.8818,10.0982,Gabès Sud,CITE HACHED 1
Gabès,TN-81,33.8818,10.0982,Gabès Sud,CITE HACHED 2
Gabès,TN-81,33.8818,10.0982,Gabès Sud,CITE IBN KHALDOUN
Gabès,TN-81,33.8818,10.0982,Gabès Sud,MTORRECH
Gabès,TN-81,33.8818,10.0982,Gabès Sud,EL MDOU
Gabès,TN-81,33.8818,10.0982,Gabès Sud,CITE 7 NOVEMBRE
Gabès,TN-81,33.8818,10.0982,Gabès Sud,CITE BEDIS
Gabès,TN-81,33.8818,10.0982,Gabès Sud,CITE EL WAFA
Gabès,TN-81,33.8818,10.0982,Gabès Sud,CITE HACHED
Gabès,TN-81,33.8818,10.0982,Gabès Sud,TEBOULBOU
Gabès,TN-81,33.8818,10.0982,Gabès Sud,CITE EL AMEL
Gabès,TN-81,33.8818,10.0982,Gabès Sud,CITE EL AMEL 1
Gabès,TN-81,33.8818,10.0982,Gabès Sud,CITE EL AMEL 2
Gabès,TN-81,33.8818,10.0982,Gabès Sud,CITE EL AMEL 3
Gabès,TN-81,33.8818,10.0982,Gabès Sud,CITE EL AMEL 4
Gabès,TN-81,33.8818,10.0982,Gabès Sud,CITE EL AMEL 5
Gabès,TN-81,33.8818,10.0982,Gabès Sud,CITE EL AMEL 6
Gabès,TN-81,33.8818,10.0982,Gabès Sud,CITE EL MAARIFA
Gabès,TN-81,33.8818,10.0982,Gabès Sud,CITE ENNAKHIL
Gabès,TN-81,33.8818,10.0982,Gabès Sud,CITE ENNOUR
Gabès,TN-81,33.8818,10.0982,Gabès Sud,CITE AFH
Gabès,TN-81,33.8818,10.0982,Ghannouch,CITE EL IZDIHAR
Gabès,TN-81,33.8818,10.0982,Ghannouch,CITE ERRIMEL
Gabès,TN-81,33.8818,10.0982,Ghannouch,CITE ETTAAMIR
Gabès,TN-81,33.8818,10.0982,Ghannouch,GHANNOUCHE
Gabès,TN-81,33.8818,10.0982,Kettana,CITE EL FANKAR
Gabès,TN-81,33.8818,10.0982,Kettana,CITE EL MAYA
Gabès,TN-81,33.8818,10.0982,Kettana,CITE EL MRACHDA
Gabès,TN-81,33.8818,10.0982,Kettana,CITE ENNACIM
Gabès,TN-81,33.8818,10.0982,Kettana,CITE EZZOUHOUR
Gabès,TN-81,33.8818,10.0982,Kettana,CITE NEHILA FARHAT
Gabès,TN-81,33.8818,10.0982,Kettana,EL AOUINETTE
Gabès,TN-81,33.8818,10.0982,Kettana,EL IMARAT
Gabès,TN-81,33.8818,10.0982,Kettana,EL METOUIA
Gabès,TN-81,33.8818,10.0982,Kettana,OUED EL GHRAM
Gabès,TN-81,33.8818,10.0982,Kettana,EL AKARIT
Gabès,TN-81,33.8818,10.0982,Kettana,EL HICHA
Gabès,TN-81,33.8818,10.0982,Kettana,CITE ENNACIM
Gabès,TN-81,33.8818,10.0982,Kettana,CITE ESSALEM
Gabès,TN-81,33.8818,10.0982,Kettana,EL MIDA
Gabès,TN-81,33.8818,10.0982,Kettana,OUALI
Gabès,TN-81,33.8818,10.0982,Kettana,OUDHREF
Gabès,TN-81,33.8818,10.0982,Kettana,METOUIA EL MAYA
Gabès,TN-81,33.8818,10.0982,Kettana,CITE KHEIREDDINE
Gabès,TN-81,33.8818,10.0982,Menzel el-Habib,EL FEJIJ
Gabès,TN-81,33.8818,10.0982,Menzel el-Habib,EL MIDA
Gabès,TN-81,33.8818,10.0982,Menzel el-Habib,HEJRI
Gabès,TN-81,33.8818,10.0982,Menzel el-Habib,MEHAMLA
Gabès,TN-81,33.8818,10.0982,Menzel el-Habib,MENZEL HABIB
Gabès,TN-81,33.8818,10.0982,Menzel el-Habib,OUALI
Gabès,TN-81,33.8818,10.0982,Menzel el-Habib,OUED EZZITOUN
Gabès,TN-81,33.8818,10.0982,Menzel el-Habib,OULED DHAOU
Gabès,TN-81,33.8818,10.0982,Menzel el-Habib,ZOGRATA
Gabès,TN-81,33.8818,10.0982,El Hamma,BECHIMA
Gabès,TN-81,33.8818,10.0982,El Hamma,CHENCHOU
Gabès,TN-81,33.8818,10.0982,El Hamma,SOMBAT
Gabès,TN-81,33.8818,10.0982,El Hamma,EL HAMMA
Gabès,TN-81,33.8818,10.0982,El Hamma,BOU ATTOUCHE
Gabès,TN-81,33.8818,10.0982,El Hamma,EL HAMMA SUD
Gabès,TN-81,33.8818,10.0982,El Hamma,BENI GHILOUF
Gabès,TN-81,33.8818,10.0982,Matmata,TECHINE
Gabès,TN-81,33.8818,10.0982,Matmata,TAMEZRAT
Gabès,TN-81,33.8818,10.0982,Matmata,BOU DHAFER
Gabès,TN-81,33.8818,10.0982,Matmata,CHOUABET ESMAALA
Gabès,TN-81,33.8818,10.0982,Matmata,CITE EL AZEZNA
Gabès,TN-81,33.8818,10.0982,Matmata,CITE HAFI RASSA
Gabès,TN-81,33.8818,10.0982,Matmata,CITE HEDI CHAKER
Gabès,TN-81,33.8818,10.0982,Matmata,CITE INDEPENDANCE
Gabès,TN-81,33.8818,10.0982,Matmata,CITE MOHAMED ALI
Gabès,TN-81,33.8818,10.0982,Matmata,CITE RAS EL OUED
Gabès,TN-81,33.8818,10.0982,Matmata,HADDEJ
Gabès,TN-81,33.8818,10.0982,Matmata,KSAR BENI AISSA
Gabès,TN-81,33.8818,10.0982,Matmata,MATMATA
Gabès,TN-81,33.8818,10.0982,Matmata,TAOUJOUT
Gabès,TN-81,33.8818,10.0982,Matmata,TIJMA
Gabès,TN-81,33.8818,10.0982,Matmata,ZRIBA
Gabès,TN-81,33.8818,10.0982,Nouvelle Matmata,ZATEN BENI ZELTEN
Gabès,TN-81,33.8818,10.0982,Nouvelle Matmata,ZATEN HADDEJ
Gabès,TN-81,33.8818,10.0982,Nouvelle Matmata,BOU SBAH
Gabès,TN-81,33.8818,10.0982,Nouvelle Matmata,CITE GUEDOUALA
Gabès,TN-81,33.8818,10.0982,Nouvelle Matmata,CITE OULED SLAMA
Gabès,TN-81,33.8818,10.0982,Nouvelle Matmata,DHOKARA
Gabès,TN-81,33.8818,10.0982,Nouvelle Matmata,CHOBET CHEMLALI
Gabès,TN-81,33.8818,10.0982,Nouvelle Matmata,DOUIOUIRA
Gabès,TN-81,33.8818,10.0982,Nouvelle Matmata,CITE EDECHAICHA
Gabès,TN-81,33.8818,10.0982,Nouvelle Matmata,CITE EL IZDIHAR
Gabès,TN-81,33.8818,10.0982,Nouvelle Matmata,MZATEN
Gabès,TN-81,33.8818,10.0982,Nouvelle Matmata,BENI ZELTEN
Gabès,TN-81,33.8818,10.0982,Nouvelle Matmata,EL AMRA
Gabès,TN-81,33.8818,10.0982,Nouvelle Matmata,LAFFAM
Gabès,TN-81,33.8818,10.0982,Nouvelle Matmata,EZZAHRA
Gabès,TN-81,33.8818,10.0982,Nouvelle Matmata,OUED EL HARIKA
Gabès,TN-81,33.8818,10.0982,Nouvelle Matmata,NOUVELLE MATMATA
Gabès,TN-81,33.8818,10.0982,Nouvelle Matmata,ANCIENNE ZRAOUA
Gabès,TN-81,33.8818,10.0982,Nouvelle Matmata,NOUVELLE ZRAOUA
Gabès,TN-81,33.8818,10.0982,Nouvelle Matmata,SIDI GNAOU
Gabès,TN-81,33.8818,10.0982,Mareth,EZZERKINE
Gabès,TN-81,33.8818,10.0982,Mareth,ANCIEN BLED
Gabès,TN-81,33.8818,10.0982,Mareth,AZEIZA
Gabès,TN-81,33.8818,10.0982,Mareth,BETAHRA SUD
Gabès,TN-81,33.8818,10.0982,Mareth,BRAOUKA
Gabès,TN-81,33.8818,10.0982,Mareth,CITE COMMERCIALE
Gabès,TN-81,33.8818,10.0982,Mareth,CITE DEBABA
Gabès,TN-81,33.8818,10.0982,Mareth,CITE EL AMEL
Gabès,TN-81,33.8818,10.0982,Mareth,ZMORTEN
Gabès,TN-81,33.8818,10.0982,Mareth,AYOUNE EZZERKINE
Gabès,TN-81,33.8818,10.0982,Mareth,ARRAM
Gabès,TN-81,33.8818,10.0982,Mareth,EL ALAYA
Gabès,TN-81,33.8818,10.0982,Mareth,ZARAT
Gabès,TN-81,33.8818,10.0982,Mareth,AIN TOUNINE
Gabès,TN-81,33.8818,10.0982,Mareth,CITE POPULAIRE
Gabès,TN-81,33.8818,10.0982,Mareth,KETTANA
Gabès,TN-81,33.8818,10.0982,Mareth,OUED EL HAJEL
Gabès,TN-81,33.8818,10.0982,Mareth,MAZRAA BEN SLAMA
Gabès,TN-81,33.8818,10.0982,Mareth,SIDI SLAM
Gabès,TN-81,33.8818,10.0982,Mareth,ZRIG EL BARRANIA
Gabès,TN-81,33.8818,10.0982,Mareth,OURIFEN
Gabès,TN-81,33.8818,10.0982,Mareth,OUED EL GHIRANE
Gabès,TN-81,33.8818,10.0982,Mareth,ZRIG EL GHANDRI
Gabès,TN-81,33.8818,10.0982,Mareth,BETAHRA
Gabès,TN-81,33.8818,10.0982,Mareth,TOUJANE
Gabès,TN-81,33.8818,10.0982,Mareth,SIDI TOUATI
Gabès,TN-81,33.8818,10.0982,Mareth,DEKHILET TOUJANE
Gabès,TN-81,33.8818,10.0982,Mareth,CITE EL GHARDEK3
Gabès,TN-81,33.8818,10.0982,Mareth,CITE EL HAFAYA
Gabès,TN-81,33.8818,10.0982,Mareth,CITE EL KRIBIA
Gabès,TN-81,33.8818,10.0982,Mareth,CITE EL MASLA
Gabès,TN-81,33.8818,10.0982,Mareth,CITE EL MELAYHA
Gabès,TN-81,33.8818,10.0982,Mareth,CITE ENNOUZHA
Gabès,TN-81,33.8818,10.0982,Mareth,CITE GARDE NATIONALE
Gabès,TN-81,33.8818,10.0982,Mareth,CITE SNIT
Gabès,TN-81,33.8818,10.0982,Mareth,EL AKHMES
Gabès,TN-81,33.8818,10.0982,Mareth,EL FRADA
Gabès,TN-81,33.8818,10.0982,Mareth,EL KAOUAKBA
Gabès,TN-81,33.8818,10.0982,Mareth,GRAA BEIRI
Gabès,TN-81,33.8818,10.0982,Mareth,MARETH
Gabès,TN-81,33.8818,10.0982,Mareth,MEJNI
Gabès,TN-81,33.8818,10.0982,Mareth,CITE EL ARGOUB
Gabès,TN-81,33.8818,10.0982,Mareth,CITE EL CHARFIA
Gabès,TN-81,33.8818,10.0982,Mareth,CITE EL GHARDEK1
Gabès,TN-81,33.8818,10.0982,Mareth,CITE EL GHARDEK2
Médenine,TN-82,33.3547,10.5055,Medenine Nord,CITE EZZOUHOUR
Médenine,TN-82,33.3547,10.5055,Medenine Nord,CITE HADDADA
Médenine,TN-82,33.3547,10.5055,Medenine Nord,CITE JOUAMAA
Médenine,TN-82,33.3547,10.5055,Medenine Nord,CITE NOUVELLE
Médenine,TN-82,33.3547,10.5055,Medenine Nord,CITE SIDI EZZITOUNI
Médenine,TN-82,33.3547,10.5055,Medenine Nord,OUM ETTAMAR
Médenine,TN-82,33.3547,10.5055,Medenine Nord,CITE EL KHRACHFA
Médenine,TN-82,33.3547,10.5055,Medenine Nord,KOUTINE
Médenine,TN-82,33.3547,10.5055,Medenine Nord,CITE ENNOUR
Médenine,TN-82,33.3547,10.5055,Medenine Nord,MEDENINE EL JEDIDA
Médenine,TN-82,33.3547,10.5055,Medenine Nord,MEDENINE EL MAARIFA
Médenine,TN-82,33.3547,10.5055,Medenine Sud,TAJERJIMET
Médenine,TN-82,33.3547,10.5055,Medenine Sud,MEDENINE
Médenine,TN-82,33.3547,10.5055,Medenine Sud,OUED ESSEDER
Médenine,TN-82,33.3547,10.5055,Medenine Sud,SOUITIR
Médenine,TN-82,33.3547,10.5055,Medenine Sud,CITE TOUTA
Médenine,TN-82,33.3547,10.5055,Medenine Sud,TOUICHA
Médenine,TN-82,33.3547,10.5055,Medenine Sud,MEDENINE PERSEVERANCE
Médenine,TN-82,33.3547,10.5055,Medenine Sud,HASSI AMOR
Médenine,TN-82,33.3547,10.5055,Medenine Sud,BOU GHRARA
Médenine,TN-82,33.3547,10.5055,Medenine Sud,EL MAGHRAOUIA
Médenine,TN-82,33.3547,10.5055,Medenine Sud,CITE ENNACIM
Médenine,TN-82,33.3547,10.5055,Medenine Sud,CITE ERRAJA
Médenine,TN-82,33.3547,10.5055,Medenine Sud,CITE GAMMOUDI CHEREF
Médenine,TN-82,33.3547,10.5055,Medenine Sud,EL AMRA
Médenine,TN-82,33.3547,10.5055,Medenine Sud,AMRA NOUVELLE
Médenine,TN-82,33.3547,10.5055,Medenine Sud,BENI GHEZEYEL
Médenine,TN-82,33.3547,10.5055,Medenine Sud,ESSAADANE
Médenine,TN-82,33.3547,10.5055,Medenine Sud,CITE CHERAIHA
Médenine,TN-82,33.3547,10.5055,Medenine Sud,CITE DES ABRICOTS
Médenine,TN-82,33.3547,10.5055,Medenine Sud,CITE EL AHRAS
Médenine,TN-82,33.3547,10.5055,Beni Khedache,CHOUAMEKH
Médenine,TN-82,33.3547,10.5055,Beni Khedache,HALG JEMAL
Médenine,TN-82,33.3547,10.5055,Beni Khedache,BATTOUMA
Médenine,TN-82,33.3547,10.5055,Beni Khedache,EDDIKHILA
Médenine,TN-82,33.3547,10.5055,Beni Khedache,EL BEHIRA
Médenine,TN-82,33.3547,10.5055,Beni Khedache,FOUM ENNAGUEB
Médenine,TN-82,33.3547,10.5055,Beni Khedache,KSAR JEDID
Médenine,TN-82,33.3547,10.5055,Beni Khedache,KSAR KRIKRIA
Médenine,TN-82,33.3547,10.5055,Beni Khedache,KSAR EL KHERACHFA
Médenine,TN-82,33.3547,10.5055,Beni Khedache,BENI KHEDACHE
Médenine,TN-82,33.3547,10.5055,Beni Khedache,CITE ENNOUR
Médenine,TN-82,33.3547,10.5055,Beni Khedache,CITE ERRIADH
Médenine,TN-82,33.3547,10.5055,Beni Khedache,KSAR JOUAMAA
Médenine,TN-82,33.3547,10.5055,Beni Khedache,CITE ETTAHRIR
Médenine,TN-82,33.3547,10.5055,Beni Khedache,CITE EZZOUHOUR
Médenine,TN-82,33.3547,10.5055,Beni Khedache,CITE IBN KHALDOUN
Médenine,TN-82,33.3547,10.5055,Beni Khedache,CITE SIDI MANSOUR
Médenine,TN-82,33.3547,10.5055,Beni Khedache,KSAR EL HALLOUF
Médenine,TN-82,33.3547,10.5055,Beni Khedache,ZAMMOUR
Médenine,TN-82,33.3547,10.5055,Beni Khedache,OUERJIJENE
Médenine,TN-82,33.3547,10.5055,Beni Khedache,KSAR EL JIRA
Médenine,TN-82,33.3547,10.5055,Ben Gardane,JALEL
Médenine,TN-82,33.3547,10.5055,Ben Gardane,JEMILA
Médenine,TN-82,33.3547,10.5055,Ben Gardane,NEFFATIA
Médenine,TN-82,33.3547,10.5055,Ben Gardane,RAS JEDIR
Médenine,TN-82,33.3547,10.5055,Ben Gardane,BEN GUERDANE
Médenine,TN-82,33.3547,10.5055,Ben Gardane,BOU HAMED
Médenine,TN-82,33.3547,10.5055,Ben Gardane,CHAREB ERRAJEL
Médenine,TN-82,33.3547,10.5055,Ben Gardane,CITE EL BAATH
Médenine,TN-82,33.3547,10.5055,Ben Gardane,CITE ENNOUR
Médenine,TN-82,33.3547,10.5055,Ben Gardane,CITE ESSOUROUR
Médenine,TN-82,33.3547,10.5055,Ben Gardane,CITE POPULAIRE
Médenine,TN-82,33.3547,10.5055,Ben Gardane,EL MAAMRATE
Médenine,TN-82,33.3547,10.5055,Ben Gardane,OUERSNIA
Médenine,TN-82,33.3547,10.5055,Ben Gardane,OUED ERRABAYA
Médenine,TN-82,33.3547,10.5055,Ben Gardane,SAYAH
Médenine,TN-82,33.3547,10.5055,Ben Gardane,TABAI
Médenine,TN-82,33.3547,10.5055,Ben Gardane,CHEHBANIA
Médenine,TN-82,33.3547,10.5055,Zarzis,EL HICHEM
Médenine,TN-82,33.3547,10.5055,Zarzis,HAMADI EL GUEBLI
Médenine,TN-82,33.3547,10.5055,Zarzis,CITE SIDI SAAD
Médenine,TN-82,33.3547,10.5055,Zarzis,LELLA MARIEM
Médenine,TN-82,33.3547,10.5055,Zarzis,OULED ABDENNEBI
Médenine,TN-82,33.3547,10.5055,Zarzis,SOUIHEL
Médenine,TN-82,33.3547,10.5055,Zarzis,CHAMMAKH
Médenine,TN-82,33.3547,10.5055,Zarzis,CITE EL KRIBA
Médenine,TN-82,33.3547,10.5055,Zarzis,CITE BENI FETAIEL 1
Médenine,TN-82,33.3547,10.5055,Zarzis,SANCHOU
Médenine,TN-82,33.3547,10.5055,Zarzis,CITE BENI FETAIEL 2
Médenine,TN-82,33.3547,10.5055,Zarzis,CITE EL MANSOURA
Médenine,TN-82,33.3547,10.5055,Zarzis,CITE SANGHO
Médenine,TN-82,33.3547,10.5055,Zarzis,CITE POPULAIRE
Médenine,TN-82,33.3547,10.5055,Zarzis,CITE ZRIG
Médenine,TN-82,33.3547,10.5055,Zarzis,EL KHRIBA
Médenine,TN-82,33.3547,10.5055,Zarzis,ZARZIS ZONE FRANCHE
Médenine,TN-82,33.3547,10.5055,Zarzis,EL MOUENSA
Médenine,TN-82,33.3547,10.5055,Zarzis,EL GHRABATE
Médenine,TN-82,33.3547,10.5055,Zarzis,GRIBIS
Médenine,TN-82,33.3547,10.5055,Zarzis,BENI FETAIEL
Médenine,TN-82,33.3547,10.5055,Zarzis,JEDARIA
Médenine,TN-82,33.3547,10.5055,Zarzis,BOU JLIDA
Médenine,TN-82,33.3547,10.5055,Zarzis,BOU TEFFAHA
Médenine,TN-82,33.3547,10.5055,Zarzis,CITE CHOKRBANE
Médenine,TN-82,33.3547,10.5055,Zarzis,CITE DARB EL BAB
Médenine,TN-82,33.3547,10.5055,Zarzis,ZARZIS
Médenine,TN-82,33.3547,10.5055,Zarzis,CITE KSAR OULED MHAMED
Médenine,TN-82,33.3547,10.5055,Zarzis,HASSI JERBI
Médenine,TN-82,33.3547,10.5055,Zarzis,CITE KSAR OULED SAID
Médenine,TN-82,33.3547,10.5055,Zarzis,CITE SIDI EL KEBIR
Médenine,TN-82,33.3547,10.5055,Zarzis,EL MARATHIA
Médenine,TN-82,33.3547,10.5055,Zarzis,KAOUI EL KADIR
Médenine,TN-82,33.3547,10.5055,Zarzis,KHAOUI EL GHEDIR
Médenine,TN-82,33.3547,10.5055,Zarzis,KSAR EZZAOUIA
Médenine,TN-82,33.3547,10.5055,Zarzis,OUGLET SOUIHEL
Médenine,TN-82,33.3547,10.5055,Zarzis,RAS EDHAHRA
Médenine,TN-82,33.3547,10.5055,Zarzis,ERRAJA
Médenine,TN-82,33.3547,10.5055,Zarzis,SAHBI
Médenine,TN-82,33.3547,10.5055,Houmt Souk,CITE DE LA POLICE
Médenine,TN-82,33.3547,10.5055,Houmt Souk,MELLITA JERBA
Médenine,TN-82,33.3547,10.5055,Houmt Souk,CITE DES ENSEIGNANTS
Médenine,TN-82,33.3547,10.5055,Houmt Souk,CITE ERRIADH
Médenine,TN-82,33.3547,10.5055,Houmt Souk,CITE JOUAMAA
Médenine,TN-82,33.3547,10.5055,Houmt Souk,CITE OUVRIERE 1
Médenine,TN-82,33.3547,10.5055,Houmt Souk,CITE OUVRIERE 2
Médenine,TN-82,33.3547,10.5055,Houmt Souk,CITE POPULAIRE
Médenine,TN-82,33.3547,10.5055,Houmt Souk,JERBA AEROPORT
Médenine,TN-82,33.3547,10.5055,Houmt Souk,CITE SIDI EL BAHRI
Médenine,TN-82,33.3547,10.5055,Houmt Souk,OUALEGH
Médenine,TN-82,33.3547,10.5055,Houmt Souk,FATOU
Médenine,TN-82,33.3547,10.5055,Houmt Souk,SEDGHIANE
Médenine,TN-82,33.3547,10.5055,Houmt Souk,HACHENE
Médenine,TN-82,33.3547,10.5055,Houmt Souk,CITE SNIT
Médenine,TN-82,33.3547,10.5055,Houmt Souk,ERRIADH
Médenine,TN-82,33.3547,10.5055,Houmt Souk,HOUMET LARBEH
Médenine,TN-82,33.3547,10.5055,Houmt Souk,JERBA
Médenine,TN-82,33.3547,10.5055,Houmt Souk,SARANDI
Médenine,TN-82,33.3547,10.5055,Houmt Souk,CITE DE LA DOUANE
Médenine,TN-82,33.3547,10.5055,Houmt Souk,CITE SIDI ZAIED
Médenine,TN-82,33.3547,10.5055,Houmt Souk,SOUANI
Médenine,TN-82,33.3547,10.5055,Houmt Souk,MEZRAYA
Médenine,TN-82,33.3547,10.5055,Houmt Souk,GHIZEN
Médenine,TN-82,33.3547,10.5055,Houmt Souk,SIDI MEHREZ
Médenine,TN-82,33.3547,10.5055,Houmt Souk,BAZIM
Médenine,TN-82,33.3547,10.5055,Houmt Souk,CITE BEN ISSA
Médenine,TN-82,33.3547,10.5055,Houmt Souk,CITE BOU OKKAZINE
Médenine,TN-82,33.3547,10.5055,Houmt Souk,SIDI ZAIED
Médenine,TN-82,33.3547,10.5055,Houmt Souk,GUECHIINE
Médenine,TN-82,33.3547,10.5055,Midoun,JAMAA EL GAIED
Médenine,TN-82,33.3547,10.5055,Midoun,KHAZROUN
Médenine,TN-82,33.3547,10.5055,Midoun,MIDOUN
Médenine,TN-82,33.3547,10.5055,Midoun,SAYAGH
Médenine,TN-82,33.3547,10.5055,Midoun,SIDI YATI
Médenine,TN-82,33.3547,10.5055,Midoun,ZONE HOTELIERE
Médenine,TN-82,33.3547,10.5055,Midoun,BENI MAAGUEL
Médenine,TN-82,33.3547,10.5055,Midoun,ROBBANA
Médenine,TN-82,33.3547,10.5055,Midoun,CEDOUIKECHE
Médenine,TN-82,33.3547,10.5055,Midoun,EL KRACHOUA
Médenine,TN-82,33.3547,10.5055,Midoun,OUERSIGHEN
Médenine,TN-82,33.3547,10.5055,Midoun,TAFARTAST
Médenine,TN-82,33.3547,10.5055,Midoun,TOMOGRET
Médenine,TN-82,33.3547,10.5055,Midoun,MAHBOUBINE
Médenine,TN-82,33.3547,10.5055,Midoun,EL MAY
Médenine,TN-82,33.3547,10.5055,Midoun,HOUMET HAZEM
Médenine,TN-82,33.3547,10.5055,Midoun,ARKOU
Médenine,TN-82,33.3547,10.5055,Midoun,OULED AMOR
Médenine,TN-82,33.3547,10.5055,Midoun,DAR JERBA
Médenine,TN-82,33.3547,10.5055,Midoun,AGHIR
Médenine,TN-82,33.3547,10.5055,Midoun,EL HADADDA
Médenine,TN-82,33.3547,10.5055,Ajim,AJIM
Médenine,TN-82,33.3547,10.5055,Ajim,HOUMET BEN HARZALLH
Médenine,TN-82,33.3547,10.5055,Ajim,HOUMET BOU HASTINE
Médenine,TN-82,33.3547,10.5055,Ajim,HOUMET ISSA
Médenine,TN-82,33.3547,10.5055,Ajim,KHENENSA
Médenine,TN-82,33.3547,10.5055,Ajim,MEZRANE
Médenine,TN-82,33.3547,10.5055,Ajim,METHANIA
Médenine,TN-82,33.3547,10.5055,Ajim,EL GUEBLINE
Médenine,TN-82,33.3547,10.5055,Ajim,GUELLALA
Médenine,TN-82,33.3547,10.5055,Ajim,HOUMET EL FAHMINE
Médenine,TN-82,33.3547,10.5055,Ajim,TLET
Médenine,TN-82,33.3547,10.5055,Ajim,OUED ZBIB
Médenine,TN-82,33.3547,10.5055,Ajim,BOU SMAIL
Médenine,TN-82,33.3547,10.5055,Ajim,CHAOUCH
Médenine,TN-82,33.3547,10.5055,Ajim,CITE POPULAIRE
Médenine,TN-82,33.3547,10.5055,Ajim,EL GROO
Médenine,TN-82,33.3547,10.5055,Ajim,JABIRA
Médenine,TN-82,33.3547,10.5055,Ajim,GHANDRI
Médenine,TN-82,33.3547,10.5055,Sidi Makhlouf,EL MORRA
Médenine,TN-82,33.3547,10.5055,Sidi Makhlouf,JORF
Médenine,TN-82,33.3547,10.5055,Sidi Makhlouf,EL BAYAZ
Médenine,TN-82,33.3547,10.5055,Sidi Makhlouf,EL GHABBAY
Médenine,TN-82,33.3547,10.5055,Sidi Makhlouf,ERRAGOUBA
Médenine,TN-82,33.3547,10.5055,Sidi Makhlouf,ERRAGOUBA EL GHARBIA
Médenine,TN-82,33.3547,10.5055,Sidi Makhlouf,BEDOUI
Médenine,TN-82,33.3547,10.5055,Sidi Makhlouf,CITE 9 AVRIL
Médenine,TN-82,33.3547,10.5055,Sidi Makhlouf,EL GOSBA
Médenine,TN-82,33.3547,10.5055,Sidi Makhlouf,EL GRINE
Médenine,TN-82,33.3547,10.5055,Sidi Makhlouf,SIDI MAKHLOUF
Gafsa,TN-61,34.4250,8.7842,Gafsa Nord,OULED ZID
Gafsa,TN-61,34.4250,8.7842,Gafsa Nord,MENZEL MIMOUN
Gafsa,TN-61,34.4250,8.7842,Gafsa Nord,ECHABIBA
Gafsa,TN-61,34.4250,8.7842,Sidi Aïch,CITE DHEBEBNIA 1
Gafsa,TN-61,34.4250,8.7842,Sidi Aïch,CITE DHEBEBNIA 2
Gafsa,TN-61,34.4250,8.7842,Sidi Aïch,CITE DU LYCEE
Gafsa,TN-61,34.4250,8.7842,Sidi Aïch,CITE ECOLE
Gafsa,TN-61,34.4250,8.7842,Sidi Aïch,CITE LOGEMENT POPULAIRE
Gafsa,TN-61,34.4250,8.7842,Sidi Aïch,EL GARIA
Gafsa,TN-61,34.4250,8.7842,Sidi Aïch,SIDI AICH
Gafsa,TN-61,34.4250,8.7842,Sidi Aïch,SIDI AICH EST
Gafsa,TN-61,34.4250,8.7842,El Ksar,ERRAGOUBA
Gafsa,TN-61,34.4250,8.7842,El Ksar,OULED CHRAIT
Gafsa,TN-61,34.4250,8.7842,El Ksar,GAFSA AEROPORT
Gafsa,TN-61,34.4250,8.7842,El Ksar,CITE BAB ETTOUB
Gafsa,TN-61,34.4250,8.7842,El Ksar,CITE BATIMENTS
Gafsa,TN-61,34.4250,8.7842,El Ksar,CITE BEN DOULA
Gafsa,TN-61,34.4250,8.7842,El Ksar,CITE BEN ISSAOUI
Gafsa,TN-61,34.4250,8.7842,El Ksar,CITE BEN SLIMENE
Gafsa,TN-61,34.4250,8.7842,El Ksar,CITE BOURANENE
Gafsa,TN-61,34.4250,8.7842,El Ksar,CITE DE LA GARE
Gafsa,TN-61,34.4250,8.7842,El Ksar,CITE DES CADRES
Gafsa,TN-61,34.4250,8.7842,El Ksar,CITE ECOLE
Gafsa,TN-61,34.4250,8.7842,El Ksar,CITE EL AJAMA
Gafsa,TN-61,34.4250,8.7842,El Ksar,SBAT
Gafsa,TN-61,34.4250,8.7842,El Ksar,CITE EL KAOUAFEL
Gafsa,TN-61,34.4250,8.7842,El Ksar,CITE EL KHIL
Gafsa,TN-61,34.4250,8.7842,El Ksar,LALA
Gafsa,TN-61,34.4250,8.7842,El Ksar,CITE EL MANCHER
Gafsa,TN-61,34.4250,8.7842,El Ksar,EL KSAR
Gafsa,TN-61,34.4250,8.7842,El Ksar,GAFSA GARE
Gafsa,TN-61,34.4250,8.7842,El Ksar,CITE ESSOUANI
Gafsa,TN-61,34.4250,8.7842,El Ksar,CITE RAGOUBA
Gafsa,TN-61,34.4250,8.7842,Gafsa Sud,ENNADHOUR
Gafsa,TN-61,34.4250,8.7842,Gafsa Sud,KEF DERBI
Gafsa,TN-61,34.4250,8.7842,Gafsa Sud,DOUALY GAFSA
Gafsa,TN-61,34.4250,8.7842,Gafsa Sud,CITE EL MOULA
Gafsa,TN-61,34.4250,8.7842,Gafsa Sud,CITE ENNOUHOUDH
Gafsa,TN-61,34.4250,8.7842,Gafsa Sud,CITE GARDE NATIONALE
Gafsa,TN-61,34.4250,8.7842,Gafsa Sud,CITE EL KITNA
Gafsa,TN-61,34.4250,8.7842,Gafsa Sud,CITE INDUSTRIELLE
Gafsa,TN-61,34.4250,8.7842,Gafsa Sud,EL GARIA
Gafsa,TN-61,34.4250,8.7842,Gafsa Sud,GAFSA
Gafsa,TN-61,34.4250,8.7842,Gafsa Sud,SIDI AHMED ZARROUK
Gafsa,TN-61,34.4250,8.7842,Gafsa Sud,GAFSA CITE ENNOUR
Gafsa,TN-61,34.4250,8.7842,Gafsa Sud,CITE ESSOUROUR
Gafsa,TN-61,34.4250,8.7842,Gafsa Sud,CITE BAYECH
Gafsa,TN-61,34.4250,8.7842,Gafsa Sud,CITE CHERIF
Gafsa,TN-61,34.4250,8.7842,Gafsa Sud,CITE DES JEUNES
Gafsa,TN-61,34.4250,8.7842,Gafsa Sud,CITE DES JEUNES 1
Gafsa,TN-61,34.4250,8.7842,Gafsa Sud,CITE DES JEUNES 2
Gafsa,TN-61,34.4250,8.7842,Gafsa Sud,CITE EL AFRANE
Gafsa,TN-61,34.4250,8.7842,Gafsa Sud,GAFSA CITE DES JEUNES
Gafsa,TN-61,34.4250,8.7842,Gafsa Sud,CITE EL KAOUAFEL 1
Gafsa,TN-61,34.4250,8.7842,Gafsa Sud,CITE EL KAOUAFEL 2
Gafsa,TN-61,34.4250,8.7842,Moulares,CITE MODERNE
Gafsa,TN-61,34.4250,8.7842,Moulares,CITE OKBA IBN NAFAA
Gafsa,TN-61,34.4250,8.7842,Moulares,CITE SPROLS
Gafsa,TN-61,34.4250,8.7842,Moulares,MOULARES
Gafsa,TN-61,34.4250,8.7842,Moulares,TABEDIT
Gafsa,TN-61,34.4250,8.7842,Moulares,OUGLET AHMED
Gafsa,TN-61,34.4250,8.7842,Moulares,SIDI BOUBAKER
Gafsa,TN-61,34.4250,8.7842,Moulares,MOULARES GARE
Gafsa,TN-61,34.4250,8.7842,Moulares,CITE KOUCEILA
Gafsa,TN-61,34.4250,8.7842,Moulares,CITE MAROCAIN
Gafsa,TN-61,34.4250,8.7842,Moulares,CITE DE LA FRATERNITE
Gafsa,TN-61,34.4250,8.7842,Moulares,CITE DE LA GARE
Gafsa,TN-61,34.4250,8.7842,Moulares,CITE DE LE LIBERTE
Gafsa,TN-61,34.4250,8.7842,Moulares,CITE ESSOUALMIA
Gafsa,TN-61,34.4250,8.7842,Moulares,CITE DES JEUNES
Gafsa,TN-61,34.4250,8.7842,Moulares,CITE DES OUVRIERS
Gafsa,TN-61,34.4250,8.7842,Moulares,CITE EL AMEL
Gafsa,TN-61,34.4250,8.7842,Redeyef,CITE DE LA GARE
Gafsa,TN-61,34.4250,8.7842,Redeyef,CITE DE LA POSTE
Gafsa,TN-61,34.4250,8.7842,Redeyef,CITE DU SOUK
Gafsa,TN-61,34.4250,8.7842,Redeyef,CITE ESSOUAFA
Gafsa,TN-61,34.4250,8.7842,Redeyef,CITE ETTAHRIR
Gafsa,TN-61,34.4250,8.7842,Redeyef,CITE HSOUNA BEN TAHAR
Gafsa,TN-61,34.4250,8.7842,Redeyef,CITE OULED BOU OUNE
Gafsa,TN-61,34.4250,8.7842,Redeyef,CITE OULED MAJED
Gafsa,TN-61,34.4250,8.7842,Redeyef,CITE OUVRIERE
Gafsa,TN-61,34.4250,8.7842,Redeyef,CITE SIDI ABDELKADER
Gafsa,TN-61,34.4250,8.7842,Redeyef,CITE SPROLS
Gafsa,TN-61,34.4250,8.7842,Redeyef,CITE TRABELSIA
Gafsa,TN-61,34.4250,8.7842,Redeyef,REDEYEF
Gafsa,TN-61,34.4250,8.7842,Redeyef,ZOMRA REDEYEF
Gafsa,TN-61,34.4250,8.7842,Redeyef,REDEYEF GARE
Gafsa,TN-61,34.4250,8.7842,Metlaoui,RICHET ENNAAM
Gafsa,TN-61,34.4250,8.7842,Metlaoui,CITE EL MAGROUN
Gafsa,TN-61,34.4250,8.7842,Metlaoui,EL KAINA
Gafsa,TN-61,34.4250,8.7842,Metlaoui,METLAOUI MINES
Gafsa,TN-61,34.4250,8.7842,Metlaoui,EL MZIRAA
Gafsa,TN-61,34.4250,8.7842,Metlaoui,METLAOUI THALJA
Gafsa,TN-61,34.4250,8.7842,Metlaoui,METLAOUI GARE
Gafsa,TN-61,34.4250,8.7842,Metlaoui,CITE EZZOUHOUR 4
Gafsa,TN-61,34.4250,8.7842,Metlaoui,CITE ESSAADA 1
Gafsa,TN-61,34.4250,8.7842,Metlaoui,CITE ESSAADA 2
Gafsa,TN-61,34.4250,8.7842,Metlaoui,CITE ESSAADA OUEST
Gafsa,TN-61,34.4250,8.7842,Metlaoui,CITE EUROPEEN
Gafsa,TN-61,34.4250,8.7842,Metlaoui,CITE IBN KHALDOUN
Gafsa,TN-61,34.4250,8.7842,Metlaoui,CITE MODERNE
Gafsa,TN-61,34.4250,8.7842,Metlaoui,CITE PRESIDENTIELLE
Gafsa,TN-61,34.4250,8.7842,Metlaoui,CITE THELJA
Gafsa,TN-61,34.4250,8.7842,Metlaoui,METLAOUI
Gafsa,TN-61,34.4250,8.7842,Metlaoui,CITE AOULED RADHOUANE
Gafsa,TN-61,34.4250,8.7842,Metlaoui,CITE CENTRALE
Gafsa,TN-61,34.4250,8.7842,Metlaoui,CITE DU LABORATOIRE
Gafsa,TN-61,34.4250,8.7842,Metlaoui,CITE EZZOUHOUR 2
Gafsa,TN-61,34.4250,8.7842,Metlaoui,CITE ENNASR
Gafsa,TN-61,34.4250,8.7842,Metlaoui,CITE EZZOUHOUR 3
Gafsa,TN-61,34.4250,8.7842,Metlaoui,CITE EZZOUHOUR
Gafsa,TN-61,34.4250,8.7842,Metlaoui,CITE EL AMEL
Gafsa,TN-61,34.4250,8.7842,Metlaoui,CITE ENNACIM
Gafsa,TN-61,34.4250,8.7842,Metlaoui,CITE EZZOUHOUR 1
Gafsa,TN-61,34.4250,8.7842,Moulares,CITE DES JEUNES
Gafsa,TN-61,34.4250,8.7842,Moulares,CITE OUEST
Gafsa,TN-61,34.4250,8.7842,Moulares,CITE OUVRIERE 2
Gafsa,TN-61,34.4250,8.7842,Moulares,CITE ENNACIM
Gafsa,TN-61,34.4250,8.7842,Moulares,CITE STADE OUVRIERE EST
Gafsa,TN-61,34.4250,8.7842,Moulares,JEBEL MDHILLA
Gafsa,TN-61,34.4250,8.7842,Moulares,BORJ EL MDHILLA
Gafsa,TN-61,34.4250,8.7842,Moulares,CITE ESSAADA
Gafsa,TN-61,34.4250,8.7842,El Guettar,BOU OMRANE
Gafsa,TN-61,34.4250,8.7842,El Guettar,OULED BOU SAAD
Gafsa,TN-61,34.4250,8.7842,El Guettar,BIR SAAD
Gafsa,TN-61,34.4250,8.7842,El Guettar,CITE OKBA
Gafsa,TN-61,34.4250,8.7842,El Guettar,CITE ORBATA EST
Gafsa,TN-61,34.4250,8.7842,El Guettar,CITE ORBATA OUEST
Gafsa,TN-61,34.4250,8.7842,El Guettar,CITE POPULAIRE
Gafsa,TN-61,34.4250,8.7842,El Guettar,EL AMAIEM
Gafsa,TN-61,34.4250,8.7842,El Guettar,CITE POPULAIRE ROUTE GABES
Gafsa,TN-61,34.4250,8.7842,El Guettar,CITE SPROLS
Gafsa,TN-61,34.4250,8.7842,El Guettar,EL GUETTAR
Gafsa,TN-61,34.4250,8.7842,El Guettar,MAJNI
Gafsa,TN-61,34.4250,8.7842,El Guettar,NCHIOU
Gafsa,TN-61,34.4250,8.7842,El Guettar,LORTES
Gafsa,TN-61,34.4250,8.7842,Belkhir,EZZITOUNA
Gafsa,TN-61,34.4250,8.7842,Belkhir,JEBEL AYAICHA
Gafsa,TN-61,34.4250,8.7842,Belkhir,CITE OULED HAJ ALI
Gafsa,TN-61,34.4250,8.7842,Belkhir,OULED EL HAJ
Gafsa,TN-61,34.4250,8.7842,Belkhir,CITE OULED HMIDA
Gafsa,TN-61,34.4250,8.7842,Belkhir,EL AYAICHA
Gafsa,TN-61,34.4250,8.7842,Belkhir,BATEN ZAMMOUR
Gafsa,TN-61,34.4250,8.7842,Belkhir,BOU BLEL
Gafsa,TN-61,34.4250,8.7842,Belkhir,BOUKOU
Gafsa,TN-61,34.4250,8.7842,Belkhir,HAOUEL EL OUED
Gafsa,TN-61,34.4250,8.7842,Belkhir,JEBILET EL OUST
Gafsa,TN-61,34.4250,8.7842,Belkhir,OULED ZAIED
Gafsa,TN-61,34.4250,8.7842,Belkhir,EL AKTEB
Gafsa,TN-61,34.4250,8.7842,Belkhir,BELKHIR
Gafsa,TN-61,34.4250,8.7842,Belkhir,CITE OULED BEN JEDDOU
Gafsa,TN-61,34.4250,8.7842,Belkhir,BORJ EL HAFFEY
Gafsa,TN-61,34.4250,8.7842,Belkhir,CITE OULED BEL HASSEN
Gafsa,TN-61,34.4250,8.7842,Belkhir,CITE OULED SAAD
Gafsa,TN-61,34.4250,8.7842,Sened,CITE ENNASR 1
Gafsa,TN-61,34.4250,8.7842,Sened,CITE ENNASR 2
Gafsa,TN-61,34.4250,8.7842,Sened,CITE ENNOUR
Gafsa,TN-61,34.4250,8.7842,Sened,CITE ERRIADH
Gafsa,TN-61,34.4250,8.7842,Sened,CITE EZZITOUNA 1
Gafsa,TN-61,34.4250,8.7842,Sened,CITE EZZITOUNA 2
Gafsa,TN-61,34.4250,8.7842,Sened,CITE EZZOUHOUR 1
Gafsa,TN-61,34.4250,8.7842,Sened,CITE EZZOUHOUR 2
Gafsa,TN-61,34.4250,8.7842,Sened,CITE TAIEB MHIRI
Gafsa,TN-61,34.4250,8.7842,Sened,DHOUKARA
Gafsa,TN-61,34.4250,8.7842,Sened,EL GOUSSA
Gafsa,TN-61,34.4250,8.7842,Sened,ESSMAYRIA
Gafsa,TN-61,34.4250,8.7842,Sened,JEBEL SNED
Gafsa,TN-61,34.4250,8.7842,Sened,MENZEL CHIHAOUI
Gafsa,TN-61,34.4250,8.7842,Sened,SNED
Gafsa,TN-61,34.4250,8.7842,Sened,MAJOURA
Gafsa,TN-61,34.4250,8.7842,Sened,MAJOURAT EDDAKHLA
Gafsa,TN-61,34.4250,8.7842,Sened,ABDESSADOK
Gafsa,TN-61,34.4250,8.7842,Sened,EL BIADHA
Gafsa,TN-61,34.4250,8.7842,Sened,HENCHIR EL AFRAH
Gafsa,TN-61,34.4250,8.7842,Sened,ALIM
Gafsa,TN-61,34.4250,8.7842,Sened,EL ARARIA
Gafsa,TN-61,34.4250,8.7842,Sened,JEDIDA
Gafsa,TN-61,34.4250,8.7842,Sened,OUM EL ALEG
Gafsa,TN-61,34.4250,8.7842,Sened,ZANNOUCHE
Gafsa,TN-61,34.4250,8.7842,Sened,BAHLOULA
Gafsa,TN-61,34.4250,8.7842,Sened,CITE DE LA GOUT
Gafsa,TN-61,34.4250,8.7842,Sened,CITE DES MARTYRS
Gafsa,TN-61,34.4250,8.7842,Sened,CITE ENNAJAH
Tozeur,TN-72,33.9197,8.1335,Tozeur,ABBES
Tozeur,TN-72,33.9197,8.1335,Tozeur,ZONE TOURISTIQUE
Tozeur,TN-72,33.9197,8.1335,Tozeur,CITE COMMERCIALE
Tozeur,TN-72,33.9197,8.1335,Tozeur,TOZEUR
Tozeur,TN-72,33.9197,8.1335,Tozeur,CITE AFH
Tozeur,TN-72,33.9197,8.1335,Tozeur,CITE CNRPS
Tozeur,TN-72,33.9197,8.1335,Tozeur,CITE DE LA GARE
Tozeur,TN-72,33.9197,8.1335,Tozeur,CITE EL GUITNA
Tozeur,TN-72,33.9197,8.1335,Tozeur,CITE EL MAHRAJENE
Tozeur,TN-72,33.9197,8.1335,Tozeur,CITE HELBA
Tozeur,TN-72,33.9197,8.1335,Tozeur,CITE HOPITAL
Tozeur,TN-72,33.9197,8.1335,Tozeur,CITE MAISON POPULAIRE
Tozeur,TN-72,33.9197,8.1335,Tozeur,TOZEUR AEROPORT
Tozeur,TN-72,33.9197,8.1335,Tozeur,CITE ROUTE DE DEGUECHE
Tozeur,TN-72,33.9197,8.1335,Tozeur,CITE ROUTE EL HAJIJ
Tozeur,TN-72,33.9197,8.1335,Tozeur,CITE ROUTE EL HAMMA
Tozeur,TN-72,33.9197,8.1335,Tozeur,CITE ROUTE ENNAFLIETTE
Tozeur,TN-72,33.9197,8.1335,Tozeur,BLED EL HADHAR
Tozeur,TN-72,33.9197,8.1335,Tozeur,BOU LIFA
Tozeur,TN-72,33.9197,8.1335,Tozeur,ESSOUALMIA
Tozeur,TN-72,33.9197,8.1335,Tozeur,JAHIM
Tozeur,TN-72,33.9197,8.1335,Tozeur,CHETAOUA SAHRAOUI
Tozeur,TN-72,33.9197,8.1335,Tozeur,CITE EL IZDIHAR
Tozeur,TN-72,33.9197,8.1335,Tozeur,RAS DHRAA
Tozeur,TN-72,33.9197,8.1335,Tozeur,CHABBIA
Tozeur,TN-72,33.9197,8.1335,Tozeur,CHORFA
Tozeur,TN-72,33.9197,8.1335,Tozeur,CITE SIDI EL HAFNAOUI
Tozeur,TN-72,33.9197,8.1335,Tozeur,CITE TEBEBSA
Tozeur,TN-72,33.9197,8.1335,Tozeur,TOZEUR CHOKRATSI
Tozeur,TN-72,33.9197,8.1335,Degache,CHAKMOU
Tozeur,TN-72,33.9197,8.1335,Degache,EL HAMMA DU JERID
Tozeur,TN-72,33.9197,8.1335,Degache,EL MAHASSEN
Tozeur,TN-72,33.9197,8.1335,Degache,CITE DE LA GARE
Tozeur,TN-72,33.9197,8.1335,Degache,CITE DU STADE
Tozeur,TN-72,33.9197,8.1335,Degache,CITE EL BASSATINE
Tozeur,TN-72,33.9197,8.1335,Degache,CITE EL HASNAOUI
Tozeur,TN-72,33.9197,8.1335,Degache,CITE LOGEMENT PRESIDENTIEL
Tozeur,TN-72,33.9197,8.1335,Degache,CITE NOUVEAU STADE
Tozeur,TN-72,33.9197,8.1335,Degache,CITE OULED EL GHARBI
Tozeur,TN-72,33.9197,8.1335,Degache,CITE OULED HMIDA
Tozeur,TN-72,33.9197,8.1335,Degache,DEGUECHE
Tozeur,TN-72,33.9197,8.1335,Degache,OULED MAJED
Tozeur,TN-72,33.9197,8.1335,Degache,BOU HELAL
Tozeur,TN-72,33.9197,8.1335,Degache,CEDDADA
Tozeur,TN-72,33.9197,8.1335,Degache,SABAA OBBAT
Tozeur,TN-72,33.9197,8.1335,Degache,ZAOUIET EL ARAB
Tozeur,TN-72,33.9197,8.1335,Degache,DGHOUMES
Tozeur,TN-72,33.9197,8.1335,Tameghza,DHAFRIA
Tozeur,TN-72,33.9197,8.1335,Tameghza,AIN EL KARMA
Tozeur,TN-72,33.9197,8.1335,Tameghza,CITE ADMINISTRATIVE
Tozeur,TN-72,33.9197,8.1335,Tameghza,CITE EL AMEL
Tozeur,TN-72,33.9197,8.1335,Tameghza,EL FRID
Tozeur,TN-72,33.9197,8.1335,Tameghza,LOGEMENT POPULAIRE
Tozeur,TN-72,33.9197,8.1335,Tameghza,MIDES
Tozeur,TN-72,33.9197,8.1335,Tameghza,REMITHA
Tozeur,TN-72,33.9197,8.1335,Tameghza,SONDES
Tozeur,TN-72,33.9197,8.1335,Tameghza,TAMEGHZA
Tozeur,TN-72,33.9197,8.1335,Tameghza,CHEBIKA DU JERID
Tozeur,TN-72,33.9197,8.1335,Tameghza,CITE BOU CHAGRA
Tozeur,TN-72,33.9197,8.1335,Tameghza,CITE DE L'ECOLE
Tozeur,TN-72,33.9197,8.1335,Tameghza,CITE EL BASSATINE
Tozeur,TN-72,33.9197,8.1335,Tameghza,CITE EL FRADA
Tozeur,TN-72,33.9197,8.1335,Nefta,CITE ERRIADH
Tozeur,TN-72,33.9197,8.1335,Nefta,CITE KHZAMA
Tozeur,TN-72,33.9197,8.1335,Nefta,CITE NOUVELLE
Tozeur,TN-72,33.9197,8.1335,Nefta,NEFTA
Tozeur,TN-72,33.9197,8.1335,Nefta,BEN FARJALLAH
Tozeur,TN-72,33.9197,8.1335,El Hamma du Jerid,HEZOUA
Tataouine,TN-83,32.9297,10.4518,Tataouine Nord,TAMELEST
Tataouine,TN-83,32.9297,10.4518,Tataouine Nord,TLELET
Tataouine,TN-83,32.9297,10.4518,Tataouine Nord,EL HACHANA
Tataouine,TN-83,32.9297,10.4518,Tataouine Nord,TAMAZOUT
Tataouine,TN-83,32.9297,10.4518,Tataouine Nord,CITE ABBES
Tataouine,TN-83,32.9297,10.4518,Tataouine Nord,CITE EL MAHRAJENE
Tataouine,TN-83,32.9297,10.4518,Tataouine Nord,CITE ENNOUR
Tataouine,TN-83,32.9297,10.4518,Tataouine Nord,CITE ENNOUZHA
Tataouine,TN-83,32.9297,10.4518,Tataouine Nord,KHETMA
Tataouine,TN-83,32.9297,10.4518,Tataouine Nord,KSAR BHIR
Tataouine,TN-83,32.9297,10.4518,Tataouine Nord,KSAR EL GALAA
Tataouine,TN-83,32.9297,10.4518,Tataouine Nord,REMTHA
Tataouine,TN-83,32.9297,10.4518,Tataouine Nord,ESSAADA
Tataouine,TN-83,32.9297,10.4518,Tataouine Nord,GATTOUFA
Tataouine,TN-83,32.9297,10.4518,Tataouine Nord,OUED EL GHAR
Tataouine,TN-83,32.9297,10.4518,Tataouine Nord,ZMILET SABER
Tataouine,TN-83,32.9297,10.4518,Tataouine Nord,TATAOUINE Ettahrir
Tataouine,TN-83,32.9297,10.4518,Tataouine Nord,EZZAHRA TATAOUINE
Tataouine,TN-83,32.9297,10.4518,Tataouine Nord,KSAR OULED SOLTAN
Tataouine,TN-83,32.9297,10.4518,Tataouine Sud,GHORGHAR
Tataouine,TN-83,32.9297,10.4518,Tataouine Sud,SEDRA
Tataouine,TN-83,32.9297,10.4518,Tataouine Sud,TATAOUINE
Tataouine,TN-83,32.9297,10.4518,Tataouine Sud,TOUNKET
Tataouine,TN-83,32.9297,10.4518,Tataouine Sud,BENI BARKA
Tataouine,TN-83,32.9297,10.4518,Tataouine Sud,KSAR MGUEBLA
Tataouine,TN-83,32.9297,10.4518,Tataouine Sud,CHENINI
Tataouine,TN-83,32.9297,10.4518,Tataouine Sud,DOUIRET
Tataouine,TN-83,32.9297,10.4518,Tataouine Sud,KSAR DEBAB
Tataouine,TN-83,32.9297,10.4518,Tataouine Sud,MAZTOURIA
Tataouine,TN-83,32.9297,10.4518,Tataouine Sud,RAS EL OUED
Tataouine,TN-83,32.9297,10.4518,Tataouine Sud,CHENINI NOUVELLE
Tataouine,TN-83,32.9297,10.4518,Tataouine Sud,BIR THLATHINE
Tataouine,TN-83,32.9297,10.4518,Tataouine Sud,ROGBA
Tataouine,TN-83,32.9297,10.4518,Tataouine Sud,CITE EL HEDADDA
Tataouine,TN-83,32.9297,10.4518,Tataouine Sud,CITE ERRIADH
Tataouine,TN-83,32.9297,10.4518,Tataouine Sud,CITE SENEGAL
Tataouine,TN-83,32.9297,10.4518,Tataouine Sud,CITE NOUVELLE
Tataouine,TN-83,32.9297,10.4518,Tataouine Sud,CITE COMMERCIALE
Tataouine,TN-83,32.9297,10.4518,Tataouine Sud,CITE DES ROSES
Tataouine,TN-83,32.9297,10.4518,Tataouine Sud,CITE DU PRESIDENT
Tataouine,TN-83,32.9297,10.4518,Smar,EL MAOUNA
Tataouine,TN-83,32.9297,10.4518,Smar,KSAR OUN
Tataouine,TN-83,32.9297,10.4518,Smar,CITE CASERNE
Tataouine,TN-83,32.9297,10.4518,Smar,CITE DU STADE
Tataouine,TN-83,32.9297,10.4518,Smar,EL GHARIANI
Tataouine,TN-83,32.9297,10.4518,Smar,EL GUETAYA
Tataouine,TN-83,32.9297,10.4518,Smar,EL MORRA
Tataouine,TN-83,32.9297,10.4518,Smar,GUALEB ERRAKHAM
Tataouine,TN-83,32.9297,10.4518,Smar,GUEARAAT HELAL
Tataouine,TN-83,32.9297,10.4518,Smar,KSAR EL GAA
Tataouine,TN-83,32.9297,10.4518,Smar,OUDIETE ABDELOUNIS
Tataouine,TN-83,32.9297,10.4518,Smar,RAS EL OUED
Tataouine,TN-83,32.9297,10.4518,Smar,REHACH
Tataouine,TN-83,32.9297,10.4518,Smar,SABEG
Tataouine,TN-83,32.9297,10.4518,Smar,SMAR
Tataouine,TN-83,32.9297,10.4518,Smar,KIRCHAOU
Tataouine,TN-83,32.9297,10.4518,Smar,BENI MEHIRA
Tataouine,TN-83,32.9297,10.4518,Bir Lahmar,BIR LAHMAR
Tataouine,TN-83,32.9297,10.4518,Bir Lahmar,CITE EL BASSATINE
Tataouine,TN-83,32.9297,10.4518,Bir Lahmar,CITE EL GRAR
Tataouine,TN-83,32.9297,10.4518,Bir Lahmar,CITE EL MENZAH
Tataouine,TN-83,32.9297,10.4518,Bir Lahmar,CITE ESNED
Tataouine,TN-83,32.9297,10.4518,Bir Lahmar,EL ARGOUB
Tataouine,TN-83,32.9297,10.4518,Bir Lahmar,GRAGAR
Tataouine,TN-83,32.9297,10.4518,Bir Lahmar,HABHAB
Tataouine,TN-83,32.9297,10.4518,Bir Lahmar,KSAR OULED BOUBAKER
Tataouine,TN-83,32.9297,10.4518,Bir Lahmar,OUED EL ARFEJ
Tataouine,TN-83,32.9297,10.4518,Bir Lahmar,OULED YAHYA
Tataouine,TN-83,32.9297,10.4518,Ghomrassen,CITE BAKHTIT
Tataouine,TN-83,32.9297,10.4518,Ghomrassen,CITE BIR KARMA
Tataouine,TN-83,32.9297,10.4518,Ghomrassen,KSAR EL HEDADA
Tataouine,TN-83,32.9297,10.4518,Ghomrassen,CITE COMMERCIALE
Tataouine,TN-83,32.9297,10.4518,Ghomrassen,GUERMESSA
Tataouine,TN-83,32.9297,10.4518,Ghomrassen,CITE DES MARTYRS
Tataouine,TN-83,32.9297,10.4518,Ghomrassen,CITE DES OASIS
Tataouine,TN-83,32.9297,10.4518,Ghomrassen,CITE DU STADE
Tataouine,TN-83,32.9297,10.4518,Ghomrassen,CITE EL AIN
Tataouine,TN-83,32.9297,10.4518,Ghomrassen,CITE EL ANOUAR
Tataouine,TN-83,32.9297,10.4518,Ghomrassen,CITE EL BICHER
Tataouine,TN-83,32.9297,10.4518,Ghomrassen,CITE EL MAARAKA
Tataouine,TN-83,32.9297,10.4518,Ghomrassen,CITE ENNAKHIL
Tataouine,TN-83,32.9297,10.4518,Ghomrassen,CITE ENNASR
Tataouine,TN-83,32.9297,10.4518,Ghomrassen,CITE ETTAHRIR 1
Tataouine,TN-83,32.9297,10.4518,Ghomrassen,CITE ETTAHRIR 2
Tataouine,TN-83,32.9297,10.4518,Ghomrassen,CITE FOUNESSE
Tataouine,TN-83,32.9297,10.4518,Ghomrassen,CITE IBN ARAFA
Tataouine,TN-83,32.9297,10.4518,Ghomrassen,CITE MOUZDELIFA
Tataouine,TN-83,32.9297,10.4518,Ghomrassen,CITE NOUVELLE
Tataouine,TN-83,32.9297,10.4518,Ghomrassen,CITE ROMANA
Tataouine,TN-83,32.9297,10.4518,Ghomrassen,CITE ROSFA
Tataouine,TN-83,32.9297,10.4518,Ghomrassen,CITE SIFRI
Tataouine,TN-83,32.9297,10.4518,Ghomrassen,CITE TAOUSSE
Tataouine,TN-83,32.9297,10.4518,Ghomrassen,CITE TATAOUINE
Tataouine,TN-83,32.9297,10.4518,Ghomrassen,EL HENCHA
Tataouine,TN-83,32.9297,10.4518,Ghomrassen,GHOMRASSEN
Tataouine,TN-83,32.9297,10.4518,Ghomrassen,MDHILLA
Tataouine,TN-83,32.9297,10.4518,Ghomrassen,EL HORRIA
Tataouine,TN-83,32.9297,10.4518,Ghomrassen,OUED EL KHIL
Tataouine,TN-83,32.9297,10.4518,Ghomrassen,EL FARECH
Tataouine,TN-83,32.9297,10.4518,Ghomrassen,KSAR EL MOURABTINE
Tataouine,TN-83,32.9297,10.4518,Dhiba,CITE 7 NOVEMBRE
Tataouine,TN-83,32.9297,10.4518,Dhiba,CITE DU BAIN MAURE
Tataouine,TN-83,32.9297,10.4518,Dhiba,CITE EL AIDI
Tataouine,TN-83,32.9297,10.4518,Dhiba,CITE EL AMEL
Tataouine,TN-83,32.9297,10.4518,Dhiba,CITE ETTADHAMEN
Tataouine,TN-83,32.9297,10.4518,Dhiba,CITE ETTADHAMEN 1
Tataouine,TN-83,32.9297,10.4518,Dhiba,CITE HAFTALI
Tataouine,TN-83,32.9297,10.4518,Dhiba,CITE KSAR GUEDIM
Tataouine,TN-83,32.9297,10.4518,Dhiba,CITE OLYMPIQUE
Tataouine,TN-83,32.9297,10.4518,Dhiba,DHEHIBA
Tataouine,TN-83,32.9297,10.4518,Dhiba,OUM ZOGGAR
Tataouine,TN-83,32.9297,10.4518,Dhiba,OUNI
Tataouine,TN-83,32.9297,10.4518,Remada,KAMBOUT
Tataouine,TN-83,32.9297,10.4518,Remada,NEKRIF
Tataouine,TN-83,32.9297,10.4518,Remada,BORJ BOURGUIBA
Tataouine,TN-83,32.9297,10.4518,Remada,BORJ EL KHADRA
Tataouine,TN-83,32.9297,10.4518,Remada,EL MAGHNI
Tataouine,TN-83,32.9297,10.4518,Remada,EL MORRA
Tataouine,TN-83,32.9297,10.4518,Remada,EL OUCHOUCH
Tataouine,TN-83,32.9297,10.4518,Remada,OUM SOUIGH
Tataouine,TN-83,32.9297,10.4518,Remada,REMADA
Tataouine,TN-83,32.9297,10.4518,Remada,BIR AMIR
Kébili,TN-73,33.7073,8.9715,Kébili Sud,JERSINE
Kébili,TN-73,33.7073,8.9715,Kébili Sud,BENI MHAMED
Kébili,TN-73,33.7073,8.9715,Kébili Sud,CITE AFH
Kébili,TN-73,33.7073,8.9715,Kébili Sud,CITE DU LYCEE
Kébili,TN-73,33.7073,8.9715,Kébili Sud,CITE MILITAIRE
Kébili,TN-73,33.7073,8.9715,Kébili Sud,EL GATAYA
Kébili,TN-73,33.7073,8.9715,Kébili Sud,EL MSAID
Kébili,TN-73,33.7073,8.9715,Kébili Sud,KEBILI
Kébili,TN-73,33.7073,8.9715,Kébili Sud,JEMNA
Kébili,TN-73,33.7073,8.9715,Kébili Sud,MAZRAA NEJI
Kébili,TN-73,33.7073,8.9715,Kébili Sud,BECHELLI
Kébili,TN-73,33.7073,8.9715,Kébili Sud,OUM EL FARTH
Kébili,TN-73,33.7073,8.9715,Kébili Sud,BAZMA
Kébili,TN-73,33.7073,8.9715,Kébili Sud,BLIDETTE
Kébili,TN-73,33.7073,8.9715,Kébili Sud,RADHOUANE
Kébili,TN-73,33.7073,8.9715,Kébili Sud,BARGHOUTHIA
Kébili,TN-73,33.7073,8.9715,Kébili Sud,JANAOURA
Kébili,TN-73,33.7073,8.9715,Kébili Sud,RAHMET
Kébili,TN-73,33.7073,8.9715,Kébili Sud,KELOUEMEN
Kébili,TN-73,33.7073,8.9715,Kébili Nord,KEBILI BEYEZ
Kébili,TN-73,33.7073,8.9715,Kébili Nord,EL MANSOURA
Kébili,TN-73,33.7073,8.9715,Kébili Nord,JEDIDA
Kébili,TN-73,33.7073,8.9715,Kébili Nord,TOURA MANSOURA
Kébili,TN-73,33.7073,8.9715,Kébili Nord,SAIDANE
Kébili,TN-73,33.7073,8.9715,Kébili Nord,STAFTIMI
Kébili,TN-73,33.7073,8.9715,Kébili Nord,TOMBAR
Kébili,TN-73,33.7073,8.9715,Kébili Nord,TELMINE
Kébili,TN-73,33.7073,8.9715,Kébili Nord,TENBIB
Kébili,TN-73,33.7073,8.9715,Kébili Nord,RABTA
Kébili,TN-73,33.7073,8.9715,Kébili Nord,LIMAGUEZ
Kébili,TN-73,33.7073,8.9715,Souk Lahad,CHOUCHET NEGGA
Kébili,TN-73,33.7073,8.9715,Souk Lahad,NEGGA
Kébili,TN-73,33.7073,8.9715,Souk Lahad,OUM SOMAA
Kébili,TN-73,33.7073,8.9715,Souk Lahad,ZAOUIET EL ANES
Kébili,TN-73,33.7073,8.9715,Souk Lahad,FATNASSA
Kébili,TN-73,33.7073,8.9715,Souk Lahad,GLIAA
Kébili,TN-73,33.7073,8.9715,Souk Lahad,JAZIRA
Kébili,TN-73,33.7073,8.9715,Souk Lahad,JAZIRA EL BAIIDA
Kébili,TN-73,33.7073,8.9715,Souk Lahad,MENCHIA
Kébili,TN-73,33.7073,8.9715,Souk Lahad,SOUK EL AHAD
Kébili,TN-73,33.7073,8.9715,Souk Lahad,ZAOUIET EL HARTH
Kébili,TN-73,33.7073,8.9715,Souk Lahad,BECHRI
Kébili,TN-73,33.7073,8.9715,Souk Lahad,BOU ABDALLAH
Kébili,TN-73,33.7073,8.9715,Douz Nord,CITE DOUZ CHARGUI
Kébili,TN-73,33.7073,8.9715,Douz Nord,CITE EL ABADLA
Kébili,TN-73,33.7073,8.9715,Douz Nord,CITE POPULAIRE
Kébili,TN-73,33.7073,8.9715,Douz Nord,DOUZ CHARGUI
Kébili,TN-73,33.7073,8.9715,Douz Nord,CITE BEN HAMROUN
Kébili,TN-73,33.7073,8.9715,Douz Nord,CITE EL ATHEMNA
Kébili,TN-73,33.7073,8.9715,Douz Nord,CITE OULED ABDALLAH
Kébili,TN-73,33.7073,8.9715,Douz Nord,CITE OULED OUN
Kébili,TN-73,33.7073,8.9715,Douz Nord,CITE OULED AMOR
Kébili,TN-73,33.7073,8.9715,Douz Nord,DOUZ AOUINA
Kébili,TN-73,33.7073,8.9715,Douz Nord,ZAAFRANE
Kébili,TN-73,33.7073,8.9715,Douz Nord,EDDORGINE
Kébili,TN-73,33.7073,8.9715,Douz Nord,NOUAIEL
Kébili,TN-73,33.7073,8.9715,Douz Nord,CITE 7 NOVEMBRE
Kébili,TN-73,33.7073,8.9715,Douz Nord,CITE COMMERCIALE
Kébili,TN-73,33.7073,8.9715,Douz Nord,CITE DES OASIS
Kébili,TN-73,33.7073,8.9715,Douz Nord,CITE EL IZDIHAR
Kébili,TN-73,33.7073,8.9715,Douz Nord,CITE EL OUROUD
Kébili,TN-73,33.7073,8.9715,Douz Nord,DOUZ
Kébili,TN-73,33.7073,8.9715,Douz Nord,CITE ENNOUR
Kébili,TN-73,33.7073,8.9715,Douz Nord,CITE ESSAADA
Kébili,TN-73,33.7073,8.9715,Douz Nord,CITE EZZOUHOUR
Kébili,TN-73,33.7073,8.9715,Douz Nord,CITE IBN KHALDOUN
Kébili,TN-73,33.7073,8.9715,Douz Nord,GOLAA
Kébili,TN-73,33.7073,8.9715,Douz Nord,CITE JELAILA
Kébili,TN-73,33.7073,8.9715,Douz Nord,KSAR GHILENE
Kébili,TN-73,33.7073,8.9715,Douz Nord,BECHNI
Kébili,TN-73,33.7073,8.9715,Douz Nord,GHELISSIA
Kébili,TN-73,33.7073,8.9715,Douz Nord,EL AOUINA
Kébili,TN-73,33.7073,8.9715,Faouar,GHIDMA
Kébili,TN-73,33.7073,8.9715,Faouar,REJIME MAATOUG
Kébili,TN-73,33.7073,8.9715,Faouar,CITE EL HOUDA
Kébili,TN-73,33.7073,8.9715,Faouar,CITE EL MOUSTAKBEL
Kébili,TN-73,33.7073,8.9715,Faouar,CITE ENNOUR
Kébili,TN-73,33.7073,8.9715,Faouar,CITE ESSALEM
Kébili,TN-73,33.7073,8.9715,Faouar,EL FAOUAR
Kébili,TN-73,33.7073,8.9715,Faouar,GHERIB
Kébili,TN-73,33.7073,8.9715,Faouar,SABRIA
